2025-05-31 22:30:13,998 - INFO - Processing file: Investopedia/WebFocusedCrawlWork/items.jl
2025-05-31 22:30:14,004 - WARNING - No date found for URL: https://www.investopedia.com/eli-lilly-lly-option-traders-confident-after-earnings-5196776
2025-05-31 22:30:14,014 - WARNING - Error parsing date from URL https://www.investopedia.com/what-to-expect-in-the-markets-this-week-april-28-2025-11721321: month must be in 1..12: 1172-13-21
2025-05-31 22:30:14,014 - WARNING - No date found for URL: https://www.investopedia.com/what-to-expect-in-the-markets-this-week-april-28-2025-11721321
2025-05-31 22:30:14,014 - INFO - Successfully extracted date 2025-04-27T00:00:00 from text: https://www.investopedia.com/the-best-25-sp500-stocks-8778635
2025-05-31 22:30:14,014 - INFO - Successfully extracted date 2025-04-24T00:00:00 from text: https://www.investopedia.com/the-best-health-care-stocks-8782134
2025-05-31 22:30:14,019 - WARNING - Error parsing date from URL https://www.investopedia.com/eli-lilly-q1-fy2025-results-11724994: month must be in 1..12: 1172-49-94
2025-05-31 22:30:14,020 - WARNING - No date found for URL: https://www.investopedia.com/eli-lilly-q1-fy2025-results-11724994
2025-05-31 22:30:14,020 - WARNING - Error parsing date from URL https://www.investopedia.com/top-stock-movers-now-microsoft-meta-platforms-roblox-and-more-11725706: month must be in 1..12: 1172-57-06
2025-05-31 22:30:14,021 - WARNING - No date found for URL: https://www.investopedia.com/top-stock-movers-now-microsoft-meta-platforms-roblox-and-more-11725706
2025-05-31 22:30:14,022 - WARNING - Error parsing date from URL https://www.investopedia.com/s-and-p-500-gains-and-losses-today-index-rises-after-strong-start-to-big-tech-earnings-11726544: month must be in 1..12: 1172-65-44
2025-05-31 22:30:14,022 - WARNING - No date found for URL: https://www.investopedia.com/s-and-p-500-gains-and-losses-today-index-rises-after-strong-start-to-big-tech-earnings-11726544
2025-05-31 22:30:14,022 - WARNING - Error parsing date from URL https://www.investopedia.com/ww-stock-plunges-as-weightwatchers-files-for-bankruptcy-11729772: month must be in 1..12: 1172-97-72
2025-05-31 22:30:14,022 - WARNING - No date found for URL: https://www.investopedia.com/ww-stock-plunges-as-weightwatchers-files-for-bankruptcy-11729772
2025-05-31 22:30:14,023 - WARNING - Error parsing date from URL https://www.investopedia.com/s-and-p-500-gains-and-losses-today-stocks-fall-for-second-day-as-palantir-pharmaceuticals-drop-11729505: month must be in 1..12: 1172-95-05
2025-05-31 22:30:14,023 - WARNING - Error parsing date from URL https://www.investopedia.com/s-and-p-500-gains-and-losses-today-stocks-fall-for-second-day-as-palantir-pharmaceuticals-drop-11729505: month must be in 1..12: 1172-95-05
2025-05-31 22:30:14,023 - INFO - Successfully extracted date 2025-05-06T00:00:00 from text: https://www.investopedia.com/s-and-p-500-gains-and-losses-today-stocks-fall-for-second-day-as-palantir-pharmaceuticals-drop-11729505
2025-05-31 22:30:14,023 - WARNING - Error parsing date from URL https://www.investopedia.com/top-stock-movers-now-ab-inbev-molson-coors-eli-lilly-and-more-11730736: day is out of range for month: 1173-07-36
2025-05-31 22:30:14,023 - WARNING - No date found for URL: https://www.investopedia.com/top-stock-movers-now-ab-inbev-molson-coors-eli-lilly-and-more-11730736
2025-05-31 22:30:14,026 - WARNING - No date found for URL: https://www.investopedia.com/eli-lilly-lly-option-traders-prepped-for-earnings-beat-5195443
2025-05-31 22:30:14,026 - WARNING - Error parsing date from URL https://www.investopedia.com/top-stock-movers-now-unitedhealth-nvidia-eli-lilly-and-more-11717198: month must be in 1..12: 1171-71-98
2025-05-31 22:30:14,026 - WARNING - No date found for URL: https://www.investopedia.com/top-stock-movers-now-unitedhealth-nvidia-eli-lilly-and-more-11717198
2025-05-31 22:30:14,026 - WARNING - Error parsing date from URL https://www.investopedia.com/s-and-p-500-gains-and-losses-today-unitedhealth-stock-drops-after-earnings-miss-guidance-cut-11717528: month must be in 1..12: 1171-75-28
2025-05-31 22:30:14,027 - WARNING - No date found for URL: https://www.investopedia.com/s-and-p-500-gains-and-losses-today-unitedhealth-stock-drops-after-earnings-miss-guidance-cut-11717528
2025-05-31 22:30:14,027 - WARNING - Error parsing date from URL https://www.investopedia.com/unitedhealth-stock-loses-usd120-billion-in-value-worst-day-since-1998-unh-11717480: month must be in 1..12: 1171-74-80
2025-05-31 22:30:14,028 - WARNING - No date found for URL: https://www.investopedia.com/unitedhealth-stock-loses-usd120-billion-in-value-worst-day-since-1998-unh-11717480
2025-05-31 22:30:14,028 - WARNING - Error parsing date from URL https://www.investopedia.com/health-insurance-stocks-drop-after-unitedhealth-forecast-news-11717062: month must be in 1..12: 1171-70-62
2025-05-31 22:30:14,028 - WARNING - No date found for URL: https://www.investopedia.com/health-insurance-stocks-drop-after-unitedhealth-forecast-news-11717062
2025-05-31 22:30:14,028 - WARNING - Error parsing date from URL https://www.investopedia.com/novo-nordisk-stock-drops-on-eli-lilly-oral-weight-loss-drug-success-downgrade-11717078: month must be in 1..12: 1171-70-78
2025-05-31 22:30:14,029 - WARNING - No date found for URL: https://www.investopedia.com/novo-nordisk-stock-drops-on-eli-lilly-oral-weight-loss-drug-success-downgrade-11717078
2025-05-31 22:30:14,029 - WARNING - Error parsing date from URL https://www.investopedia.com/eli-lilly-stock-soars-on-oral-weight-loss-drug-trial-results-11716996: month must be in 1..12: 1171-69-96
2025-05-31 22:30:14,029 - WARNING - No date found for URL: https://www.investopedia.com/eli-lilly-stock-soars-on-oral-weight-loss-drug-trial-results-11716996
2025-05-31 22:30:14,029 - WARNING - Error parsing date from URL https://www.investopedia.com/pfizer-halts-development-of-obesity-drug-after-patient-sustains-liver-injury-11714540: month must be in 1..12: 1171-45-40
2025-05-31 22:30:14,030 - WARNING - No date found for URL: https://www.investopedia.com/pfizer-halts-development-of-obesity-drug-after-patient-sustains-liver-injury-11714540
2025-05-31 22:30:14,030 - WARNING - Error parsing date from URL https://www.investopedia.com/pharma-stocks-sink-as-trump-says-major-tariffs-coming-to-industry-11711814: month must be in 1..12: 1171-18-14
2025-05-31 22:30:14,030 - WARNING - No date found for URL: https://www.investopedia.com/pharma-stocks-sink-as-trump-says-major-tariffs-coming-to-industry-11711814
2025-05-31 22:30:14,030 - WARNING - Error parsing date from URL https://www.investopedia.com/top-stock-movers-now-delta-apple-eli-lilly-and-more-11711892: month must be in 1..12: 1171-18-92
2025-05-31 22:30:14,031 - WARNING - No date found for URL: https://www.investopedia.com/top-stock-movers-now-delta-apple-eli-lilly-and-more-11711892
2025-05-31 22:30:14,031 - WARNING - Error parsing date from URL https://www.investopedia.com/novartis-plans-usd23b-investment-in-us-facilities-as-trump-threatens-pharma-tariffs-11713217: month must be in 1..12: 1171-32-17
2025-05-31 22:30:14,031 - WARNING - No date found for URL: https://www.investopedia.com/novartis-plans-usd23b-investment-in-us-facilities-as-trump-threatens-pharma-tariffs-11713217
2025-05-31 22:30:14,032 - WARNING - No date found for URL: https://www.investopedia.com/5-things-to-know-before-the-stock-market-opens-february-06-2025-8786856
2025-05-31 22:30:14,032 - WARNING - No date found for URL: https://www.investopedia.com/what-to-expect-in-the-markets-this-week-8783286
2025-05-31 22:30:14,033 - WARNING - Error parsing date from URL https://www.investopedia.com/hims-and-hers-stock-surges-as-telehealth-platform-adds-eli-lilly-weight-loss-drugs-11707267: month must be in 1..12: 1170-72-67
2025-05-31 22:30:14,033 - WARNING - No date found for URL: https://www.investopedia.com/hims-and-hers-stock-surges-as-telehealth-platform-adds-eli-lilly-weight-loss-drugs-11707267
2025-05-31 22:30:14,034 - WARNING - Error parsing date from URL https://www.investopedia.com/5-things-to-know-before-the-stock-market-opens-april-15-2025-11715288: month must be in 1..12: 1171-52-88
2025-05-31 22:30:14,034 - WARNING - No date found for URL: https://www.investopedia.com/5-things-to-know-before-the-stock-market-opens-april-15-2025-11715288
2025-05-31 22:30:14,035 - INFO - Successfully extracted date 2018-07-12T00:00:00 from text: https://www.investopedia.com/articles/insights/052316/top-5-johnson-johnson-shareholders-jnj.asp
2025-05-31 22:30:14,036 - WARNING - No date found for URL: https://www.investopedia.com/articles/markets/020316/johnson-johnsons-3-most-profitable-lines-business-jnj.asp
2025-05-31 22:30:14,036 - WARNING - Error parsing date from URL https://www.investopedia.com/insulet-names-new-ceo-expects-to-top-revenue-projections-11723101: month must be in 1..12: 1172-31-01
2025-05-31 22:30:14,036 - WARNING - No date found for URL: https://www.investopedia.com/insulet-names-new-ceo-expects-to-top-revenue-projections-11723101
2025-05-31 22:30:14,037 - WARNING - Error parsing date from URL https://www.investopedia.com/band-aid-tylenol-maker-kenvue-q1-results-11730591: day is out of range for month: 1173-05-91
2025-05-31 22:30:14,037 - WARNING - No date found for URL: https://www.investopedia.com/band-aid-tylenol-maker-kenvue-q1-results-11730591
2025-05-31 22:30:14,038 - WARNING - Error parsing date from URL https://www.investopedia.com/johnson-and-johnson-q1-fy2025-earnings-11714823: month must be in 1..12: 1171-48-23
2025-05-31 22:30:14,038 - WARNING - No date found for URL: https://www.investopedia.com/johnson-and-johnson-q1-fy2025-earnings-11714823
2025-05-31 22:30:14,039 - WARNING - No date found for URL: https://www.investopedia.com/articles/investing/120415/how-dividendpaying-etfs-work.asp
2025-05-31 22:30:14,040 - WARNING - No date found for URL: https://www.investopedia.com/johnson-and-johnson-splitting-into-two-companies-5209398
2025-05-31 22:30:14,040 - WARNING - Error parsing date from URL https://www.investopedia.com/what-to-expect-in-the-markets-this-week-11712960: month must be in 1..12: 1171-29-60
2025-05-31 22:30:14,042 - WARNING - No date found for URL: https://www.investopedia.com/what-to-expect-in-the-markets-this-week-11712960
2025-05-31 22:30:14,042 - WARNING - No date found for URL: https://www.investopedia.com/johnson-and-johnson-jnj-surges-to-all-time-high-5097426
2025-05-31 22:30:14,042 - WARNING - Error parsing date from URL https://www.investopedia.com/top-stock-movers-now-tesla-supermicro-pvh-and-more-11706891: month must be in 1..12: 1170-68-91
2025-05-31 22:30:14,042 - WARNING - No date found for URL: https://www.investopedia.com/top-stock-movers-now-tesla-supermicro-pvh-and-more-11706891
2025-05-31 22:30:14,042 - WARNING - Error parsing date from URL https://www.investopedia.com/s-and-p-500-gains-and-losses-today-tesla-elon-musk-vistra-trade-trump-11707056: month must be in 1..12: 1170-70-56
2025-05-31 22:30:14,044 - WARNING - No date found for URL: https://www.investopedia.com/s-and-p-500-gains-and-losses-today-tesla-elon-musk-vistra-trade-trump-11707056
2025-05-31 22:30:14,044 - WARNING - Error parsing date from URL https://www.investopedia.com/watch-these-johnson-and-johnson-levels-as-stock-plunges-after-judge-rejects-talc-settlement-11707377: month must be in 1..12: 1170-73-77
2025-05-31 22:30:14,045 - WARNING - No date found for URL: https://www.investopedia.com/watch-these-johnson-and-johnson-levels-as-stock-plunges-after-judge-rejects-talc-settlement-11707377
2025-05-31 22:30:14,045 - WARNING - Error parsing date from URL https://www.investopedia.com/j-and-j-stock-slumps-as-company-fails-to-settle-talc-cases-11706762: month must be in 1..12: 1170-67-62
2025-05-31 22:30:14,046 - WARNING - No date found for URL: https://www.investopedia.com/j-and-j-stock-slumps-as-company-fails-to-settle-talc-cases-11706762
2025-05-31 22:30:14,047 - WARNING - No date found for URL: https://www.investopedia.com/talc-lawsuits-keeping-lid-on-johnson-and-johnson-jnj-5081692
2025-05-31 22:30:14,048 - WARNING - No date found for URL: https://www.investopedia.com/articles/technical/073001.asp
2025-05-31 22:30:14,048 - WARNING - No date found for URL: https://www.investopedia.com/terms/s/split-off.asp
2025-05-31 22:30:14,048 - WARNING - No date found for URL: https://www.investopedia.com/ask/answers/08/find-stocks-in-sp500.asp
2025-05-31 22:30:14,053 - WARNING - No date found for URL: https://www.investopedia.com/ask/answers/what-is-a-drip/
2025-05-31 22:30:14,055 - WARNING - No date found for URL: https://www.investopedia.com/articles/basics/11/3-s-simple-investing.asp
2025-05-31 22:30:14,055 - WARNING - Error parsing date from URL https://www.investopedia.com/abbvie-stock-rises-on-stronger-than-expected-results-profit-outlook-lift-11721905: month must be in 1..12: 1172-19-05
2025-05-31 22:30:14,056 - WARNING - No date found for URL: https://www.investopedia.com/abbvie-stock-rises-on-stronger-than-expected-results-profit-outlook-lift-11721905
2025-05-31 22:30:14,056 - WARNING - Error parsing date from URL https://www.investopedia.com/s-and-p-500-gains-and-losses-today-abbvie-stock-advances-after-beat-and-raise-earnings-report-11723374: month must be in 1..12: 1172-33-74
2025-05-31 22:30:14,057 - WARNING - No date found for URL: https://www.investopedia.com/s-and-p-500-gains-and-losses-today-abbvie-stock-advances-after-beat-and-raise-earnings-report-11723374
2025-05-31 22:30:14,057 - WARNING - Error parsing date from URL https://www.investopedia.com/abbvie-joins-obesity-treatment-market-with-up-to-usd2-2b-licensing-deal-11689743: month must be in 1..12: 1168-97-43
2025-05-31 22:30:14,057 - WARNING - No date found for URL: https://www.investopedia.com/abbvie-joins-obesity-treatment-market-with-up-to-usd2-2b-licensing-deal-11689743
2025-05-31 22:30:14,057 - WARNING - Error parsing date from URL https://www.investopedia.com/berkshire-board-votes-for-warren-buffett-to-remain-chair-make-greg-abel-ceo-at-year-end-11728040: month must be in 1..12: 1172-80-40
2025-05-31 22:30:14,057 - WARNING - No date found for URL: https://www.investopedia.com/berkshire-board-votes-for-warren-buffett-to-remain-chair-make-greg-abel-ceo-at-year-end-11728040
2025-05-31 22:30:14,057 - WARNING - Error parsing date from URL https://www.investopedia.com/will-consumers-rescue-the-economy-again-amid-tariffs-11722448: month must be in 1..12: 1172-24-48
2025-05-31 22:30:14,059 - WARNING - No date found for URL: https://www.investopedia.com/will-consumers-rescue-the-economy-again-amid-tariffs-11722448
2025-05-31 22:30:14,059 - INFO - Successfully extracted date 2025-05-03T00:00:00 from text: https://www.investopedia.com/financial-edge/1211/introducing-warren-buffetts-successor.aspx
2025-05-31 22:30:14,059 - WARNING - Error parsing date from URL https://www.investopedia.com/some-singles-worry-they-won-t-be-able-to-retire-survey-says-11715011: month must be in 1..12: 1171-50-11
2025-05-31 22:30:14,060 - WARNING - No date found for URL: https://www.investopedia.com/some-singles-worry-they-won-t-be-able-to-retire-survey-says-11715011
2025-05-31 22:30:14,060 - WARNING - Error parsing date from URL https://www.investopedia.com/top-stock-movers-now-nvidia-asml-abbot-laboratories-and-more-11716341: month must be in 1..12: 1171-63-41
2025-05-31 22:30:14,060 - WARNING - No date found for URL: https://www.investopedia.com/top-stock-movers-now-nvidia-asml-abbot-laboratories-and-more-11716341
2025-05-31 22:30:14,060 - WARNING - Error parsing date from URL https://www.investopedia.com/30-year-refinance-reverse-course-with-a-big-move-may-5-2025-11728166: month must be in 1..12: 1172-81-66
2025-05-31 22:30:14,061 - WARNING - No date found for URL: https://www.investopedia.com/30-year-refinance-reverse-course-with-a-big-move-may-5-2025-11728166
2025-05-31 22:30:14,062 - WARNING - No date found for URL: https://www.investopedia.com/abbvie-stock-soars-as-biotech-tops-sales-estimates-raises-outlook-8783708
2025-05-31 22:30:14,062 - WARNING - Error parsing date from URL https://www.investopedia.com/mortgage-rates-hovering-slightly-above-2025-low-mar-12-2025-11695542: month must be in 1..12: 1169-55-42
2025-05-31 22:30:14,062 - WARNING - Error parsing date from URL https://www.investopedia.com/mortgage-rates-hovering-slightly-above-2025-low-mar-12-2025-11695542: month must be in 1..12: 1169-55-42
2025-05-31 22:30:14,062 - INFO - Successfully extracted date 2025-05-08T00:00:00 from text: https://www.investopedia.com/mortgage-rates-hovering-slightly-above-2025-low-mar-12-2025-11695542
2025-05-31 22:30:14,062 - WARNING - Error parsing date from URL https://www.investopedia.com/30-year-mortgage-rates-rise-a-little-further-above-recent-4-month-low-mar-11-2025-11694747: month must be in 1..12: 1169-47-47
2025-05-31 22:30:14,062 - WARNING - Error parsing date from URL https://www.investopedia.com/30-year-mortgage-rates-rise-a-little-further-above-recent-4-month-low-mar-11-2025-11694747: month must be in 1..12: 1169-47-47
2025-05-31 22:30:14,063 - INFO - Successfully extracted date 2025-05-08T00:00:00 from text: https://www.investopedia.com/30-year-mortgage-rates-rise-a-little-further-above-recent-4-month-low-mar-11-2025-11694747
2025-05-31 22:30:14,064 - WARNING - No date found for URL: https://www.investopedia.com/ways-to-make-one-billion-one-you-might-be-able-to-do-in-your-lifetime-8759619
2025-05-31 22:30:14,064 - WARNING - Error parsing date from URL https://www.investopedia.com/mortgage-rates-are-bobbing-in-a-range-above-recent-4-month-low-mar-13-2025-11696308: month must be in 1..12: 1169-63-08
2025-05-31 22:30:14,064 - WARNING - Error parsing date from URL https://www.investopedia.com/mortgage-rates-are-bobbing-in-a-range-above-recent-4-month-low-mar-13-2025-11696308: month must be in 1..12: 1169-63-08
2025-05-31 22:30:14,064 - INFO - Successfully extracted date 2025-05-08T00:00:00 from text: https://www.investopedia.com/mortgage-rates-are-bobbing-in-a-range-above-recent-4-month-low-mar-13-2025-11696308
2025-05-31 22:30:14,066 - WARNING - No date found for URL: https://www.investopedia.com/special-needs-trust-vs-able-account-5217834
2025-05-31 22:30:14,067 - WARNING - No date found for URL: https://www.investopedia.com/abbvie-takes-usd3-5b-impairment-charge-for-failed-schizophrenia-drug-8772414
2025-05-31 22:30:14,067 - WARNING - Error parsing date from URL https://www.investopedia.com/refinance-rates-holding-slightly-above-their-lowest-level-since-october-mar-7-2025-11693071: month must be in 1..12: 1169-30-71
2025-05-31 22:30:14,068 - WARNING - No date found for URL: https://www.investopedia.com/refinance-rates-holding-slightly-above-their-lowest-level-since-october-mar-7-2025-11693071
2025-05-31 22:30:14,068 - WARNING - Error parsing date from URL https://www.investopedia.com/refinance-rates-holding-a-bit-above-their-cheapest-level-since-october-mar-10-2025-11693755: month must be in 1..12: 1169-37-55
2025-05-31 22:30:14,070 - WARNING - No date found for URL: https://www.investopedia.com/refinance-rates-holding-a-bit-above-their-cheapest-level-since-october-mar-10-2025-11693755
2025-05-31 22:30:14,070 - WARNING - No date found for URL: https://www.investopedia.com/top-stock-movers-now-apple-abbvie-deckers-outdoor-and-more-8783838
2025-05-31 22:30:14,072 - WARNING - No date found for URL: https://www.investopedia.com/articles/mutualfund/05/shareclass.asp
2025-05-31 22:30:14,072 - WARNING - Error parsing date from URL https://www.investopedia.com/ge-healthcare-earnings-q4-fy24-11678366: month must be in 1..12: 1167-83-66
2025-05-31 22:30:14,072 - WARNING - No date found for URL: https://www.investopedia.com/ge-healthcare-earnings-q4-fy24-11678366
2025-05-31 22:30:14,073 - WARNING - No date found for URL: https://www.investopedia.com/abbvie-stock-sinks-after-schizophrenia-drug-trials-disappoint-8743057
2025-05-31 22:30:14,073 - WARNING - No date found for URL: https://www.investopedia.com/trump-and-melania-meme-coins-crash-bitcoin-holds-steady-above-usd100k-8777695
2025-05-31 22:30:14,074 - WARNING - No date found for URL: https://www.investopedia.com/kb-home-stock-gains-as-deliveries-surge-driving-profit-above-estimates-8774061
2025-05-31 22:30:14,074 - WARNING - Error parsing date from URL https://www.investopedia.com/s-and-p-500-gains-and-losses-today-chip-stocks-drop-as-top-firms-cite-export-restriction-impacts-11716729: month must be in 1..12: 1171-67-29
2025-05-31 22:30:14,074 - WARNING - No date found for URL: https://www.investopedia.com/s-and-p-500-gains-and-losses-today-chip-stocks-drop-as-top-firms-cite-export-restriction-impacts-11716729
2025-05-31 22:30:14,074 - WARNING - Error parsing date from URL https://www.investopedia.com/abbott-labs-stock-jumps-on-strong-earnings-with-usd500m-investment-in-us-facilities-11716349: month must be in 1..12: 1171-63-49
2025-05-31 22:30:14,076 - WARNING - No date found for URL: https://www.investopedia.com/abbott-labs-stock-jumps-on-strong-earnings-with-usd500m-investment-in-us-facilities-11716349
2025-05-31 22:30:14,076 - WARNING - Error parsing date from URL https://www.investopedia.com/s-and-p-500-gains-and-losses-today-gm-stock-tumbles-after-trump-declares-car-tariffs-11704408: month must be in 1..12: 1170-44-08
2025-05-31 22:30:14,076 - WARNING - No date found for URL: https://www.investopedia.com/s-and-p-500-gains-and-losses-today-gm-stock-tumbles-after-trump-declares-car-tariffs-11704408
2025-05-31 22:30:14,077 - WARNING - Error parsing date from URL https://www.investopedia.com/baby-formula-makers-abbott-and-reckitt-see-stocks-slide-as-judge-allows-retrial-11697361: month must be in 1..12: 1169-73-61
2025-05-31 22:30:14,077 - WARNING - No date found for URL: https://www.investopedia.com/baby-formula-makers-abbott-and-reckitt-see-stocks-slide-as-judge-allows-retrial-11697361
2025-05-31 22:30:14,077 - WARNING - Error parsing date from URL https://www.investopedia.com/s-and-p-500-gains-and-losses-today-index-bounces-off-lows-as-government-shutdown-concerns-ease-11697190: month must be in 1..12: 1169-71-90
2025-05-31 22:30:14,078 - WARNING - No date found for URL: https://www.investopedia.com/s-and-p-500-gains-and-losses-today-index-bounces-off-lows-as-government-shutdown-concerns-ease-11697190
2025-05-31 22:30:14,079 - WARNING - No date found for URL: https://www.investopedia.com/terms/r/recession-resistant.asp
2025-05-31 22:30:14,080 - WARNING - No date found for URL: https://www.investopedia.com/what-to-expect-in-the-markets-this-week-8776336
2025-05-31 22:30:14,081 - INFO - Successfully extracted date 2000-06-20T00:00:00 from text: https://www.investopedia.com/companies-owned-by-pfizer-5211303
2025-05-31 22:30:14,081 - WARNING - No date found for URL: https://www.investopedia.com/abbott-reckitt-stocks-gain-as-baby-formula-makers-score-rare-legal-win-8738142
2025-05-31 22:30:14,083 - WARNING - No date found for URL: https://www.investopedia.com/what-to-expect-in-the-markets-this-week-8726921
2025-05-31 22:30:14,083 - WARNING - No date found for URL: https://www.investopedia.com/abbott-laboratories-raises-its-outlook-on-strong-medical-device-sales-8728878
2025-05-31 22:30:14,084 - WARNING - No date found for URL: https://www.investopedia.com/abbott-stock-slips-company-ordered-to-pay-usd495-million-baby-formula-case-8685162
2025-05-31 22:30:14,084 - WARNING - No date found for URL: https://www.investopedia.com/top-stock-movers-now-tesla-onsemi-mcdonald-s-and-more-8685224
2025-05-31 22:30:14,085 - WARNING - No date found for URL: https://www.investopedia.com/what-to-expect-in-the-markets-this-week-8676779
2025-05-31 22:30:14,086 - WARNING - No date found for URL: https://www.investopedia.com/these-are-the-best-performing-stocks-of-the-last-century-8680461
2025-05-31 22:30:14,087 - WARNING - No date found for URL: https://www.investopedia.com/abbott-laboratories-posts-big-drop-in-covid-19-testing-revenue-8680144
2025-05-31 22:30:14,087 - INFO - Successfully extracted date 2024-06-07T00:00:00 from text: https://www.investopedia.com/s-and-p-500-gains-and-losses-today-gold-miner-newmont-stock-drops-along-with-gold-8660279
2025-05-31 22:30:14,087 - WARNING - No date found for URL: https://www.investopedia.com/abbott-labs-stock-falls-as-q2-guidance-outweighs-earnings-beat-8634764
2025-05-31 22:30:14,088 - INFO - Successfully extracted date 2024-04-16T00:00:00 from text: https://www.investopedia.com/what-to-expect-in-the-markets-this-week-8630573
2025-05-31 22:30:14,088 - INFO - Successfully extracted date 2021-07-05T00:00:00 from text: https://www.investopedia.com/top-25-s-and-p-500-stocks-by-index-weight-for-august-2023-7565129
2025-05-31 22:30:14,089 - INFO - Successfully extracted date 2023-07-20T00:00:00 from text: https://www.investopedia.com/s-and-p-500-gains-and-losses-today-stocks-mixed-after-latest-earnings-reports-7563723
2025-05-31 22:30:14,089 - WARNING - No date found for URL: https://www.investopedia.com/ftc-investigates-abbott-baby-formula-bid-collusion-7503500
2025-05-31 22:30:14,089 - WARNING - Error parsing date from URL https://www.investopedia.com/what-to-expect-in-the-markets-this-week-11717208: month must be in 1..12: 1171-72-08
2025-05-31 22:30:14,091 - WARNING - No date found for URL: https://www.investopedia.com/what-to-expect-in-the-markets-this-week-11717208
2025-05-31 22:30:14,092 - WARNING - No date found for URL: https://www.investopedia.com/merck-mrk-trading-higher-after-strong-q3-earnings-5084454
2025-05-31 22:30:14,092 - WARNING - Error parsing date from URL https://www.investopedia.com/top-stock-movers-now-lululemon-oxford-industries-wr-berkely-and-more-11705091: month must be in 1..12: 1170-50-91
2025-05-31 22:30:14,092 - WARNING - No date found for URL: https://www.investopedia.com/top-stock-movers-now-lululemon-oxford-industries-wr-berkely-and-more-11705091
2025-05-31 22:30:14,092 - WARNING - Error parsing date from URL https://www.investopedia.com/s-and-p-500-gains-and-losses-today-11702846: month must be in 1..12: 1170-28-46
2025-05-31 22:30:14,093 - WARNING - Error parsing date from URL https://www.investopedia.com/s-and-p-500-gains-and-losses-today-11702846: month must be in 1..12: 1170-28-46
2025-05-31 22:30:14,093 - INFO - Successfully extracted date 2025-03-25T00:00:00 from text: https://www.investopedia.com/s-and-p-500-gains-and-losses-today-11702846
2025-05-31 22:30:14,093 - WARNING - Error parsing date from URL https://www.investopedia.com/s-and-p-500-gains-and-losses-today-moderna-stock-pops-as-execs-buy-shares-express-cancer-vaccine-optimism-11691538: month must be in 1..12: 1169-15-38
2025-05-31 22:30:14,094 - WARNING - No date found for URL: https://www.investopedia.com/s-and-p-500-gains-and-losses-today-moderna-stock-pops-as-execs-buy-shares-express-cancer-vaccine-optimism-11691538
2025-05-31 22:30:14,094 - WARNING - No date found for URL: https://www.investopedia.com/top-stock-movers-now-palantir-super-micro-computer-merck-and-more-8785652
2025-05-31 22:30:14,094 - WARNING - No date found for URL: https://www.investopedia.com/merck-stock-slumps-as-q4-profits-2025-forecast-fall-short-8785461
2025-05-31 22:30:14,095 - WARNING - No date found for URL: https://www.investopedia.com/s-and-p-500-gains-and-losses-today-8785903
2025-05-31 22:30:14,096 - WARNING - No date found for URL: https://www.investopedia.com/ask/answers/052015/who-are-pfizers-pfe-main-competitors.asp
2025-05-31 22:30:14,097 - WARNING - No date found for URL: https://www.investopedia.com/ask/answers/12/why-do-some-companies-pay-a-dividend.asp
2025-05-31 22:30:14,099 - WARNING - No date found for URL: https://www.investopedia.com/articles/investing/113015/4-famous-companies-dropped-dow-jones.asp
2025-05-31 22:30:14,100 - WARNING - No date found for URL: https://www.investopedia.com/what-to-expect-in-markets-this-week-jobs-earnings-gdp-8732908
2025-05-31 22:30:14,101 - WARNING - No date found for URL: https://www.investopedia.com/top-stock-movers-now-boeing-palantir-technologies-merck-alphabet-and-more-8708733
2025-05-31 22:30:14,101 - WARNING - No date found for URL: https://www.investopedia.com/merck-sues-to-stop-medicare-drug-negotiation-7508778
2025-05-31 22:30:14,102 - WARNING - No date found for URL: https://www.investopedia.com/7-eleven-parent-turns-down-circle-k-owner-s-usd39b-bid-8707458
2025-05-31 22:30:14,102 - WARNING - No date found for URL: https://www.investopedia.com/medicare-enrollees-will-see-significant-price-reductions-for-10-drugs-8695878
2025-05-31 22:30:14,103 - WARNING - No date found for URL: https://www.investopedia.com/7-eleven-operator-considers-takeover-by-circle-k-owner-8697181
2025-05-31 22:30:14,103 - INFO - Successfully extracted date 2024-07-30T00:00:00 from text: https://www.investopedia.com/s-and-p-500-gains-and-losses-today-merck-stock-plunges-on-guidance-cut-8686349
2025-05-31 22:30:14,103 - WARNING - No date found for URL: https://www.investopedia.com/top-stock-movers-now-paypal-jetblue-merck-procter-and-gamble-and-more-8685985
2025-05-31 22:30:14,104 - INFO - Successfully extracted date 2024-07-31T00:00:00 from text: https://www.investopedia.com/merck-stock-slides-on-lowered-adjusted-eps-guidance-8685894
2025-05-31 22:30:14,105 - WARNING - No date found for URL: https://www.investopedia.com/what-to-expect-in-the-markets-this-week-8684188
2025-05-31 22:30:14,106 - WARNING - No date found for URL: https://www.investopedia.com/what-to-expect-in-the-markets-this-week-8550235
2025-05-31 22:30:14,107 - INFO - Successfully extracted date 1896-05-26T00:00:00 from text: https://www.investopedia.com/articles/stocks/08/dow-history.asp
2025-05-31 22:30:14,108 - WARNING - No date found for URL: https://www.investopedia.com/ask/answers/011315/what-difference-between-gaap-and-ifrs.asp
2025-05-31 22:30:14,108 - WARNING - No date found for URL: https://www.investopedia.com/terms/a/accounting-principles.asp
2025-05-31 22:30:14,108 - WARNING - No date found for URL: https://www.investopedia.com/ask/answers/102714/what-accounting-treatment-unusual-or-infrequent-items-ifrs-and-us-gaap.asp
2025-05-31 22:30:14,108 - WARNING - No date found for URL: https://www.investopedia.com/ask/answers/101314/what-are-differences-barter-transactions-recognition-between-ifrs-and-usgaap.asp
2025-05-31 22:30:14,108 - WARNING - No date found for URL: https://www.investopedia.com/ask/answers/052015/how-does-inventory-accounting-differ-between-gaap-and-ifrs.asp
2025-05-31 22:30:14,108 - WARNING - No date found for URL: https://www.investopedia.com/terms/c/csrs.asp
2025-05-31 22:30:14,114 - WARNING - No date found for URL: https://www.investopedia.com/terms/i/international-bank-of-reconstruction-and-development.asp
2025-05-31 22:30:14,116 - WARNING - No date found for URL: https://www.investopedia.com/terms/i/ifrs.asp
2025-05-31 22:30:14,117 - WARNING - No date found for URL: https://www.investopedia.com/terms/i/isda-master-agreement.asp
2025-05-31 22:30:14,121 - WARNING - No date found for URL: https://www.investopedia.com/articles/economics/12/impact-gaap-ifrs-convergence.asp
2025-05-31 22:30:14,121 - WARNING - Error parsing date from URL https://www.investopedia.com/these-four-companies-joined-the-s-and-p-500-today-11702143: month must be in 1..12: 1170-21-43
2025-05-31 22:30:14,122 - WARNING - No date found for URL: https://www.investopedia.com/these-four-companies-joined-the-s-and-p-500-today-11702143
2025-05-31 22:30:14,124 - WARNING - No date found for URL: https://www.investopedia.com/terms/c/catastrophebond.asp
2025-05-31 22:30:14,125 - WARNING - No date found for URL: https://www.investopedia.com/10x-rule-for-finding-stock-market-winners-8782170
2025-05-31 22:30:14,125 - WARNING - Error parsing date from URL https://www.investopedia.com/retail-trading-platform-etoro-files-for-us-ipo-reports-surging-crypto-demand-11702970: month must be in 1..12: 1170-29-70
2025-05-31 22:30:14,125 - WARNING - No date found for URL: https://www.investopedia.com/retail-trading-platform-etoro-files-for-us-ipo-reports-surging-crypto-demand-11702970
2025-05-31 22:30:14,126 - WARNING - No date found for URL: https://www.investopedia.com/s-and-p-500-gains-and-losses-today-texas-instruments-falls-after-soft-profit-forecast-8779687
2025-05-31 22:30:14,127 - WARNING - No date found for URL: https://www.investopedia.com/terms/s/suriname-guilders.asp
2025-05-31 22:30:14,127 - WARNING - No date found for URL: https://www.investopedia.com/terms/a/accruals.asp
2025-05-31 22:30:14,127 - WARNING - Error parsing date from URL https://www.investopedia.com/top-stock-movers-now-tesla-royal-caribbean-nvidia-and-more-11698988: month must be in 1..12: 1169-89-88
2025-05-31 22:30:14,127 - WARNING - No date found for URL: https://www.investopedia.com/top-stock-movers-now-tesla-royal-caribbean-nvidia-and-more-11698988
2025-05-31 22:30:14,127 - WARNING - No date found for URL: https://www.investopedia.com/intuitive-surgical-q4-fy2024-earnings-8779453
2025-05-31 22:30:14,127 - WARNING - No date found for URL: https://www.investopedia.com/s-and-p-500-gains-and-losses-today-bank-earnings-soft-inflation-help-boost-index-8774979
2025-05-31 22:30:14,127 - WARNING - No date found for URL: https://www.investopedia.com/watch-these-intuitive-surgical-price-levels-stock-hits-another-record-high-8775500
2025-05-31 22:30:14,127 - WARNING - No date found for URL: https://www.investopedia.com/terms/i/income-sensitive-repayment.asp
2025-05-31 22:30:14,127 - WARNING - Error parsing date from URL https://www.investopedia.com/thermo-fisher-tops-q1-estimates-in-uncertain-macroeconomic-environment-11720290: day is out of range for month: 1172-02-90
2025-05-31 22:30:14,127 - WARNING - No date found for URL: https://www.investopedia.com/thermo-fisher-tops-q1-estimates-in-uncertain-macroeconomic-environment-11720290
2025-05-31 22:30:14,127 - WARNING - Error parsing date from URL https://www.investopedia.com/s-and-p-500-gains-and-losses-today-stocks-fall-for-fourth-day-led-by-weak-sempra-earnings-11686451: month must be in 1..12: 1168-64-51
2025-05-31 22:30:14,127 - WARNING - No date found for URL: https://www.investopedia.com/s-and-p-500-gains-and-losses-today-stocks-fall-for-fourth-day-led-by-weak-sempra-earnings-11686451
2025-05-31 22:30:14,127 - WARNING - Error parsing date from URL https://www.investopedia.com/top-stock-movers-now-sempra-zoom-home-depot-and-more-11686055: month must be in 1..12: 1168-60-55
2025-05-31 22:30:14,133 - WARNING - No date found for URL: https://www.investopedia.com/top-stock-movers-now-sempra-zoom-home-depot-and-more-11686055
2025-05-31 22:30:14,133 - WARNING - Error parsing date from URL https://www.investopedia.com/solventum-stock-jumps-after-usd4-1b-deal-with-thermo-fisher-11686022: month must be in 1..12: 1168-60-22
2025-05-31 22:30:14,133 - WARNING - No date found for URL: https://www.investopedia.com/solventum-stock-jumps-after-usd4-1b-deal-with-thermo-fisher-11686022
2025-05-31 22:30:14,134 - WARNING - No date found for URL: https://www.investopedia.com/what-to-expect-in-the-markets-this-week-fed-powell-interest-rates-inflation-apple-tesla-microsoft-earnings-8779620
2025-05-31 22:30:14,135 - WARNING - No date found for URL: https://www.investopedia.com/thermo-fisher-stock-surges-as-medical-device-maker-results-top-estimates-8783018
2025-05-31 22:30:14,135 - WARNING - No date found for URL: https://www.investopedia.com/5-things-to-know-before-the-stock-market-opens-july-24-2024-8682656
2025-05-31 22:30:14,137 - WARNING - No date found for URL: https://www.investopedia.com/what-to-expect-in-the-markets-this-week-oct-21-2024-8729934
2025-05-31 22:30:14,138 - WARNING - No date found for URL: https://www.investopedia.com/thermo-fisher-scientific-profit-revenue-hurt-by-sales-struggles-at-2-key-units-8732935
2025-05-31 22:30:14,138 - WARNING - No date found for URL: https://www.investopedia.com/thermo-fisher-q2-earnings-beat-estimates-guidance-lifted-8682675
2025-05-31 22:30:14,140 - WARNING - No date found for URL: https://www.investopedia.com/what-to-expect-in-the-markets-this-week-earnings-election-inflation-8680211
2025-05-31 22:30:14,140 - WARNING - No date found for URL: https://www.investopedia.com/what-to-expect-in-the-markets-this-week-8635421
2025-05-31 22:30:14,140 - WARNING - No date found for URL: https://www.investopedia.com/thermo-fisher-scientific-stock-slides-after-warning-about-2024-demand-8553781
2025-05-31 22:30:14,141 - WARNING - No date found for URL: https://www.investopedia.com/thermo-fisher-cuts-its-outlook-for-second-straight-quarter-amid-weakening-market-8380231
2025-05-31 22:30:14,142 - WARNING - No date found for URL: https://www.investopedia.com/markets-mixed-at-midday-as-google-parent-alphabet-drags-down-tech-sector-8380398
2025-05-31 22:30:14,142 - WARNING - No date found for URL: https://www.investopedia.com/s-and-p-500-gains-and-losses-today-tech-stocks-tumble-after-alphabet-earnings-report-8382592
2025-05-31 22:30:14,144 - INFO - Successfully extracted date 2000-07-03T00:00:00 from text: https://www.investopedia.com/investing/top-healthcare-mutual-funds/
2025-05-31 22:30:14,144 - WARNING - No date found for URL: https://www.investopedia.com/charts-suggest-healthcare-stocks-will-remain-in-focus-5088102
2025-05-31 22:30:14,145 - WARNING - No date found for URL: https://www.investopedia.com/3-charts-that-suggest-sin-stocks-are-headed-higher-5073563
2025-05-31 22:30:14,145 - WARNING - No date found for URL: https://www.investopedia.com/5-innovation-led-stocks-for-the-health-care-boom-4584715
2025-05-31 22:30:14,146 - WARNING - No date found for URL: https://www.investopedia.com/amgen-stock-sinks-as-obesity-drug-test-results-fail-to-meet-expectations-8752173
2025-05-31 22:30:14,146 - WARNING - No date found for URL: https://www.investopedia.com/top-stock-movers-now-amgen-best-buy-jm-smucker-and-more-8752087
2025-05-31 22:30:14,146 - WARNING - No date found for URL: https://www.investopedia.com/articles/company-insights/090216/when-will-amazon-accept-bitcoin-amzn.asp
2025-05-31 22:30:14,146 - WARNING - No date found for URL: https://www.investopedia.com/amgen-stock-slides-on-lowered-guidance-8692000
2025-05-31 22:30:14,149 - INFO - Successfully extracted date 2024-10-10T00:00:00 from text: https://www.investopedia.com/articles/company-insights/090416/who-driving-amazons-management-team-amzn.asp
2025-05-31 22:30:14,149 - INFO - Successfully extracted date 2024-05-03T00:00:00 from text: https://www.investopedia.com/amgen-stock-surges-q1-earnings-beat-encouraging-weight-loss-drug-update-8642809
2025-05-31 22:30:14,149 - INFO - Successfully extracted date 2024-05-03T00:00:00 from text: https://www.investopedia.com/s-and-p-500-gains-and-losses-today-amgen-soars-as-weight-loss-drug-shows-promise-8643142
2025-05-31 22:30:14,149 - INFO - Successfully extracted date 2024-05-03T00:00:00 from text: https://www.investopedia.com/top-stock-movers-now-apple-amgen-fortinet-and-more-8643035
2025-05-31 22:30:14,151 - WARNING - No date found for URL: https://www.investopedia.com/articles/personal-finance/061715/private-jet-charter-vs-first-class-whats-best.asp
2025-05-31 22:30:14,153 - WARNING - No date found for URL: https://www.investopedia.com/terms/a/aagr.asp
2025-05-31 22:30:14,155 - WARNING - No date found for URL: https://www.investopedia.com/terms/b/bayes-theorem.asp
2025-05-31 22:30:14,160 - WARNING - No date found for URL: https://www.investopedia.com/best-stock-trading-apps-4587996
2025-05-31 22:30:14,160 - WARNING - Error parsing date from URL https://www.investopedia.com/most-expensive-cities-to-retire-in-11727164: month must be in 1..12: 1172-71-64
2025-05-31 22:30:14,166 - WARNING - No date found for URL: https://www.investopedia.com/most-expensive-cities-to-retire-in-11727164
2025-05-31 22:30:14,166 - WARNING - Error parsing date from URL https://www.investopedia.com/the-best-custodial-accounts-11704209: month must be in 1..12: 1170-42-09
2025-05-31 22:30:14,166 - WARNING - No date found for URL: https://www.investopedia.com/the-best-custodial-accounts-11704209
2025-05-31 22:30:14,167 - WARNING - No date found for URL: https://www.investopedia.com/articles/markets/110514/how-amgen-makes-billions-just-few-drugs.asp
2025-05-31 22:30:14,169 - WARNING - No date found for URL: https://www.investopedia.com/amgen-amgn-option-traders-unenthusiastic-into-earnings-5195434
2025-05-31 22:30:14,169 - WARNING - No date found for URL: https://www.investopedia.com/norfolk-southern-ceo-investigation-8708342
2025-05-31 22:30:14,171 - WARNING - No date found for URL: https://www.investopedia.com/articles/mortgages-real-estate/08/homeowners-associations-tips.asp
2025-05-31 22:30:14,171 - WARNING - No date found for URL: https://www.investopedia.com/the-best-metatrader-brokers-8765896
2025-05-31 22:30:14,172 - WARNING - Error parsing date from URL https://www.investopedia.com/best-online-brokers-2-11690885: day is out of range for month: 1169-08-85
2025-05-31 22:30:14,173 - WARNING - Error parsing date from URL https://www.investopedia.com/best-online-brokers-2-11690885: day is out of range for month: 1169-08-85
2025-05-31 22:30:14,173 - INFO - Successfully extracted date 2024-04-11T00:00:00 from text: https://www.investopedia.com/best-online-brokers-2-11690885
2025-05-31 22:30:14,173 - INFO - Successfully extracted date 2024-04-11T00:00:00 from text: https://www.investopedia.com/best-online-brokers-4587872
2025-05-31 22:30:14,174 - INFO - Successfully extracted date 2016-07-12T00:00:00 from text: https://www.investopedia.com/news/how-prime-day-impacts-amazon-stock/
2025-05-31 22:30:14,174 - INFO - Successfully extracted date 1172-03-17T00:00:00 from URL: https://www.investopedia.com/boston-scientific-stock-surges-on-strong-results-outlook-cfo-to-retire-11720317
2025-05-31 22:30:14,174 - WARNING - No date found for URL: https://www.investopedia.com/terms/b/bsx.asp
2025-05-31 22:30:14,175 - WARNING - No date found for URL: https://www.investopedia.com/top-stock-movers-now-ebay-cal-maine-foods-amd-and-more-8771150
2025-05-31 22:30:14,176 - WARNING - No date found for URL: https://www.investopedia.com/s-and-p-500-gains-and-losses-today-ebay-soars-as-meta-permits-facebook-marketplace-listings-8771242
2025-05-31 22:30:14,178 - WARNING - No date found for URL: https://www.investopedia.com/articles/stocks/08/medical-tech-investment.asp
2025-05-31 22:30:14,178 - WARNING - No date found for URL: https://www.investopedia.com/boston-scientific-profit-falls-even-as-demand-for-its-heart-products-surges-8732872
2025-05-31 22:30:14,179 - WARNING - No date found for URL: https://www.investopedia.com/boston-scientific-reports-positive-results-from-atrial-fibrillation-device-7853417
2025-05-31 22:30:14,179 - WARNING - No date found for URL: https://www.investopedia.com/boston-scientific-profit-and-sales-are-boosted-by-cardiovascular-device-demand-8682815
2025-05-31 22:30:14,179 - INFO - Successfully extracted date 2024-06-18T00:00:00 from text: https://www.investopedia.com/top-stock-movers-now-lennar-nextera-energy-la-z-boy-and-more-8665328
2025-05-31 22:30:14,180 - WARNING - No date found for URL: https://www.investopedia.com/boston-scientific-buys-silk-road-medical-for-usd1-26-billion-8665163
2025-05-31 22:30:14,180 - INFO - Successfully extracted date 2024-04-24T00:00:00 from text: https://www.investopedia.com/top-stock-movers-now-tesla-hasbro-humana-and-more-8638154
2025-05-31 22:30:14,180 - WARNING - No date found for URL: https://www.investopedia.com/boston-scientific-beats-forecasts-boosts-outlook-on-booming-heart-device-sales-8638110
2025-05-31 22:30:14,181 - WARNING - No date found for URL: https://www.investopedia.com/s-and-p-500-gains-and-losses-today-uber-gets-a-downgrade-8420914
2025-05-31 22:30:14,181 - WARNING - No date found for URL: https://www.investopedia.com/midday-movers-boston-scientific-heart-system-tesla-cybertruck-accident-8420836
2025-05-31 22:30:14,183 - WARNING - No date found for URL: https://www.investopedia.com/articles/active-trading/090115/use-market-volume-data-determine-bottom.asp
2025-05-31 22:30:14,184 - WARNING - No date found for URL: https://www.investopedia.com/terms/f/freeriding.asp
2025-05-31 22:30:14,184 - WARNING - No date found for URL: https://www.investopedia.com/markets-rise-midday-adding-to-gains-after-comments-from-fed-chair-powell-7853451
2025-05-31 22:30:14,185 - WARNING - No date found for URL: https://www.investopedia.com/s-and-p-500-gains-and-losses-today-index-adds-to-advance-after-powell-comments-7866908
2025-05-31 22:30:14,187 - WARNING - No date found for URL: https://www.investopedia.com/3-medical-device-stocks-set-to-test-52-week-high-4586402
2025-05-31 22:30:14,188 - WARNING - No date found for URL: https://www.investopedia.com/8-low-beta-growth-stocks-that-can-lead-amid-market-s-turmoil-4771390
2025-05-31 22:30:14,188 - INFO - Processing file: WebFocusedCrawlWork/output/items.jl
2025-05-31 22:30:14,197 - WARNING - Error parsing date from URL https://gizmodo.com/injectable-male-birth-control-effective-for-at-least-2-years-says-biotech-startup-2000594143: month must be in 1..12: 2000-59-41
2025-05-31 22:30:14,198 - WARNING - No date found for URL: https://gizmodo.com/injectable-male-birth-control-effective-for-at-least-2-years-says-biotech-startup-2000594143
2025-05-31 22:30:14,198 - WARNING - No date found for URL: https://www.businessinsider.com/high-paying-healthcare-jobs-high-school-no-bachelors-masters-degree-2025-5
2025-05-31 22:30:14,198 - WARNING - Error parsing date from URL https://gizmodo.com/semaglutide-shows-major-promise-for-treating-serious-liver-disease-2000596492: month must be in 1..12: 2000-59-64
2025-05-31 22:30:14,198 - WARNING - No date found for URL: https://gizmodo.com/semaglutide-shows-major-promise-for-treating-serious-liver-disease-2000596492
2025-05-31 22:30:14,198 - INFO - Successfully extracted date 2025-04-23T00:00:00 from URL: https://hackaday.com/2025/04/23/to-see-within-detecting-x-rays/
2025-05-31 22:30:14,198 - WARNING - No date found for URL: https://venturebeat.com/ai/breaking-the-intellectual-bottleneck-how-ai-is-computing-the-previously-uncomputible-in-healthcare/
2025-05-31 22:30:14,199 - WARNING - Error parsing date from URL https://abcnews.go.com/US/immunotherapy-drug-capable-eliminating-tumors-early-stage-cancers/story?id=121257808: month must be in 1..12: 1212-57-80
2025-05-31 22:30:14,199 - WARNING - No date found for URL: https://abcnews.go.com/US/immunotherapy-drug-capable-eliminating-tumors-early-stage-cancers/story?id=121257808
2025-05-31 22:30:14,199 - WARNING - No date found for URL: https://www.bbc.com/news/articles/cx2x13k170do
2025-05-31 22:30:14,199 - WARNING - Error parsing date from URL https://gizmodo.com/americas-science-agency-says-it-will-cut-funding-to-researchers-who-protest-israel-2000593036: month must be in 1..12: 2000-59-30
2025-05-31 22:30:14,199 - WARNING - No date found for URL: https://gizmodo.com/americas-science-agency-says-it-will-cut-funding-to-researchers-who-protest-israel-2000593036
2025-05-31 22:30:14,199 - WARNING - No date found for URL: https://www.bbc.com/sport/football/articles/cdden1dnr02o
2025-05-31 22:30:14,200 - WARNING - No date found for URL: https://www.bbc.com/sport/football/articles/c0jz6d01l6xo
2025-05-31 22:30:14,200 - WARNING - No date found for URL: https://www.businessinsider.com/amazon-10-million-raise-hospital-ai-agents-pitch-deck-ascertain-2025-5
2025-05-31 22:30:14,200 - WARNING - No date found for URL: https://www.bbc.com/news/articles/c3evygw383eo
2025-05-31 22:30:14,200 - WARNING - No date found for URL: https://www.bbc.com/news/articles/c98grv8zqveo
2025-05-31 22:30:14,200 - WARNING - Error parsing date from URL https://consent.yahoo.com/v2/collectConsent?sessionId=1_cc-session_c6fe0efd-a35d-4c5e-b553-48143535541d: month must be in 1..12: 4814-35-35
2025-05-31 22:30:14,200 - WARNING - No date found for URL: https://consent.yahoo.com/v2/collectConsent?sessionId=1_cc-session_c6fe0efd-a35d-4c5e-b553-48143535541d
2025-05-31 22:30:14,200 - WARNING - No date found for URL: https://www.bbc.com/news/articles/c33z83830x4o
2025-05-31 22:30:14,200 - WARNING - No date found for URL: https://www.bbc.com/news/articles/c2dek63gxp6o
2025-05-31 22:30:14,201 - WARNING - No date found for URL: https://slate.com/technology/2025/04/dogs-pets-pill-longevity-extend-lifespan-loyal-veterinary-ethics.html
2025-05-31 22:30:14,201 - INFO - Successfully extracted date 2025-04-24T00:00:00 from URL: https://www.npr.org/2025/04/24/nx-s1-5373964/stop-taking-ozempic-healthy-weight-loss
2025-05-31 22:30:14,201 - WARNING - Error parsing date from URL https://www.sciencedaily.com/releases/2025/04/250424121645.htm: month must be in 1..12: 2504-24-12
2025-05-31 22:30:14,201 - WARNING - No date found for URL: https://www.sciencedaily.com/releases/2025/04/250424121645.htm
2025-05-31 22:30:14,201 - WARNING - No date found for URL: https://www.businessinsider.com/trump-what-china-exports-besides-toys-2025-5
2025-05-31 22:30:14,201 - WARNING - No date found for URL: https://www.businessinsider.com/ai-startup-unicorns-with-tiny-teams-2025-5
2025-05-31 22:30:14,201 - WARNING - No date found for URL: https://www.businessinsider.com/insurance-fertility-ivf-costs-hsa-millennial-couple-infertility-2025-3
2025-05-31 22:30:14,202 - WARNING - No date found for URL: https://www.businessinsider.com/moved-from-us-to-australia-better-quality-of-life-2025-4
2025-05-31 22:30:14,202 - WARNING - Error parsing date from URL https://gizmodo.com/how-trumps-proposed-budget-will-gut-public-health-in-america-2000597521: month must be in 1..12: 2000-59-75
2025-05-31 22:30:14,202 - WARNING - No date found for URL: https://gizmodo.com/how-trumps-proposed-budget-will-gut-public-health-in-america-2000597521
2025-05-31 22:30:14,202 - WARNING - No date found for URL: https://www.abc27.com/local-news/police-woman-found-injured-in-lancaster-county-roadway-dies-at-hospital/
2025-05-31 22:30:14,202 - WARNING - No date found for URL: https://science.slashdot.org/story/25/05/05/2050232/unitedhealth-now-has-1000-ai-applications-in-production
2025-05-31 22:30:14,202 - WARNING - Error parsing date from URL https://gizmodo.com/the-fda-just-approved-the-first-crispr-edited-pigs-for-food-2000597425: month must be in 1..12: 2000-59-74
2025-05-31 22:30:14,202 - WARNING - No date found for URL: https://gizmodo.com/the-fda-just-approved-the-first-crispr-edited-pigs-for-food-2000597425
2025-05-31 22:30:14,202 - WARNING - No date found for URL: https://www.businessinsider.com/easiest-bill-to-negotiate-down-according-financial-planners-2025-4
2025-05-31 22:30:14,203 - WARNING - No date found for URL: https://consent.yahoo.com/v2/collectConsent?sessionId=1_cc-session_4527fa09-cc93-46b3-b0ca-e46a293c65a1
2025-05-31 22:30:14,203 - WARNING - Error parsing date from URL https://gizmodo.com/pam-bondi-claims-trump-saved-75-of-americans-from-a-fentanyl-overdose-2000596896: month must be in 1..12: 2000-59-68
2025-05-31 22:30:14,203 - WARNING - No date found for URL: https://gizmodo.com/pam-bondi-claims-trump-saved-75-of-americans-from-a-fentanyl-overdose-2000596896
2025-05-31 22:30:14,203 - WARNING - No date found for URL: https://www.bbc.com/news/articles/cr5dy8depj5o
2025-05-31 22:30:14,204 - INFO - Successfully extracted date 2025-04-27T00:00:00 from URL: https://www.npr.org/2025/04/27/nx-s1-5378668/the-dea-says-114-immigrants-in-the-u-s-illegally-were-arrested-at-a-colorado-nightclub
2025-05-31 22:30:14,204 - WARNING - No date found for URL: https://time.com/7279465/rfk-jr-to-phase-out-artificial-food-dyes/
2025-05-31 22:30:14,204 - INFO - Successfully extracted date 2025-04-23T00:00:00 from URL: https://www.npr.org/2025/04/23/nx-s1-5372695/autism-nih-rfk-medical-records
2025-05-31 22:30:14,204 - WARNING - No date found for URL: https://www.bbc.com/news/articles/cnv56q82vnro
2025-05-31 22:30:14,205 - INFO - Successfully extracted date 2025-05-04T00:00:00 from URL: https://www.npr.org/2025/05/04/nx-s1-5386456/mexico-president-rejected-trumps-plan-us-troops-across-border
2025-05-31 22:30:14,205 - WARNING - No date found for URL: https://consent.yahoo.com/v2/collectConsent?sessionId=1_cc-session_21c8679d-384a-43cc-8572-b5203c9ec9a7
2025-05-31 22:30:14,205 - WARNING - No date found for URL: https://www.businessinsider.com/costco-gold-buyers-rewards-price-surge-2025-4
2025-05-31 22:30:14,205 - WARNING - No date found for URL: https://www.bbc.com/news/articles/cwynqx77dn5o
2025-05-31 22:30:14,205 - WARNING - Error parsing date from URL https://gizmodo.com/fda-issues-alert-on-fake-ozempic-how-to-tell-if-yours-is-real-2000592709: month must be in 1..12: 2000-59-27
2025-05-31 22:30:14,205 - WARNING - No date found for URL: https://gizmodo.com/fda-issues-alert-on-fake-ozempic-how-to-tell-if-yours-is-real-2000592709
2025-05-31 22:30:14,205 - WARNING - No date found for URL: https://www.scientificamerican.com/article/the-scary-implications-of-u-s-government-attacks-on-medical-journals/
2025-05-31 22:30:14,206 - WARNING - Error parsing date from URL https://qz.com/hims-hers-novo-nordisk-stock-wegovy-ozempic-deal-1851778237: month must be in 1..12: 1851-77-82
2025-05-31 22:30:14,206 - WARNING - No date found for URL: https://qz.com/hims-hers-novo-nordisk-stock-wegovy-ozempic-deal-1851778237
2025-05-31 22:30:14,206 - WARNING - No date found for URL: https://thenextweb.com/news/fertility-startup-rejuvenates-human-eggs-to-boost-chances-of-conception
2025-05-31 22:30:14,206 - INFO - Successfully extracted date 2025-04-22T00:00:00 from URL: https://www.forbes.com/sites/gilpress/2025/04/22/ai-transforms-drug-discovery-and-precision-medicine/
2025-05-31 22:30:14,206 - INFO - Successfully extracted date 2025-05-07T00:00:00 from URL: https://www.npr.org/2025/05/07/nx-s1-5388488/three-memphis-police-officers-found-not-guilty-in-the-death-of-tyre-nichols
2025-05-31 22:30:14,206 - WARNING - No date found for URL: https://www.bbc.com/news/articles/creq0xd4y51o
2025-05-31 22:30:14,206 - WARNING - Error parsing date from URL https://www.yahoo.com/news/nbcs-mike-tirico-had-medical-212902370.html: day is out of range for month: 2129-02-37
2025-05-31 22:30:14,207 - WARNING - No date found for URL: https://www.yahoo.com/news/nbcs-mike-tirico-had-medical-212902370.html
2025-05-31 22:30:14,207 - WARNING - Error parsing date from URL https://www.yahoo.com/news/former-abercrombie-fitch-ceo-ruled-235805549.html: day is out of range for month: 2358-05-54
2025-05-31 22:30:14,207 - WARNING - No date found for URL: https://www.yahoo.com/news/former-abercrombie-fitch-ceo-ruled-235805549.html
2025-05-31 22:30:14,207 - WARNING - Error parsing date from URL https://gizmodo.com/researchers-tattooed-tardigrades-they-promise-it-will-be-useful-2000593853: month must be in 1..12: 2000-59-38
2025-05-31 22:30:14,207 - WARNING - No date found for URL: https://gizmodo.com/researchers-tattooed-tardigrades-they-promise-it-will-be-useful-2000593853
2025-05-31 22:30:14,207 - WARNING - No date found for URL: https://www.bbc.com/news/articles/c5y42zzwylvo
2025-05-31 22:30:14,207 - WARNING - No date found for URL: https://www.bbc.com/news/videos/ceqrp4wvvx1o
2025-05-31 22:30:14,207 - WARNING - No date found for URL: https://www.businessinsider.com/nutrition-nourish-unicorn-jp-morgan-growth-series-b-2025-4
2025-05-31 22:30:14,208 - INFO - Successfully extracted date 2025-05-06T00:00:00 from URL: https://www.npr.org/2025/05/06/nx-s1-5388198/trump-abortion-drug-case
2025-05-31 22:30:14,208 - WARNING - Error parsing date from URL https://gizmodo.com/new-weight-loss-drugs-are-sending-a-surprising-number-of-americans-to-the-emergency-room-2000595716: month must be in 1..12: 2000-59-57
2025-05-31 22:30:14,208 - WARNING - No date found for URL: https://gizmodo.com/new-weight-loss-drugs-are-sending-a-surprising-number-of-americans-to-the-emergency-room-2000595716
2025-05-31 22:30:14,208 - WARNING - No date found for URL: https://consent.yahoo.com/v2/collectConsent?sessionId=1_cc-session_c7904365-373a-49bd-bd06-ad3450a116ea
2025-05-31 22:30:14,208 - WARNING - Error parsing date from URL https://qz.com/trump-tariffs-pharma-companies-astrazeneca-gsk-1851779389: month must be in 1..12: 1851-77-93
2025-05-31 22:30:14,208 - WARNING - No date found for URL: https://qz.com/trump-tariffs-pharma-companies-astrazeneca-gsk-1851779389
2025-05-31 22:30:14,208 - WARNING - Error parsing date from URL https://www.yahoo.com/news/11-arrested-5-wanted-ga-210411716.html: day is out of range for month: 2104-11-71
2025-05-31 22:30:14,208 - WARNING - No date found for URL: https://www.yahoo.com/news/11-arrested-5-wanted-ga-210411716.html
2025-05-31 22:30:14,208 - WARNING - Error parsing date from URL https://www.yahoo.com/news/san-francisco-inches-closer-adopting-005240158.html: month must be in 1..12: 0052-40-15
2025-05-31 22:30:14,209 - WARNING - No date found for URL: https://www.yahoo.com/news/san-francisco-inches-closer-adopting-005240158.html
2025-05-31 22:30:14,209 - WARNING - No date found for URL: https://www.ktvu.com/news/survivor-deadly-marin-county-crash-released-from-hospital
2025-05-31 22:30:14,209 - WARNING - No date found for URL: https://www.whattowatch.com/news/general-hospital-spoilers-kristina-learns-of-an-ava-secret
2025-05-31 22:30:14,209 - INFO - Successfully extracted date 2025-04-24T00:00:00 from URL: https://www.npr.org/2025/04/24/nx-s1-5374372/millions-of-american-kids-have-an-adhd-diagnosis-is-their-treatment-effective
2025-05-31 22:30:14,209 - WARNING - No date found for URL: https://www.theverge.com/news/661695/google-simplify-ai-gemini-feature-ios-app
2025-05-31 22:30:14,209 - WARNING - Error parsing date from URL https://www.yahoo.com/news/luis-antonio-tagle-philippine-cardinal-035147259.html: month must be in 1..12: 0351-47-25
2025-05-31 22:30:14,209 - WARNING - No date found for URL: https://www.yahoo.com/news/luis-antonio-tagle-philippine-cardinal-035147259.html
2025-05-31 22:30:14,209 - WARNING - No date found for URL: https://www.bbc.com/news/articles/czrv5rl73zdo
2025-05-31 22:30:14,209 - INFO - Successfully extracted date 2025-05-02T00:00:00 from URL: https://www.npr.org/2025/05/02/nx-s1-5383874/erin-patterson-murder-trial-poison-mushroom-australia
2025-05-31 22:30:14,209 - INFO - Successfully extracted date 2025-04-30T00:00:00 from URL: https://www.npr.org/sections/shots-health-news/2025/04/30/g-s1-63345/alzheimers-survey-americans-testing-treatment-risky
2025-05-31 22:30:14,209 - INFO - Successfully extracted date 2025-05-03T00:00:00 from URL: https://www.yankodesign.com/2025/05/03/origami-in-industrial-design-unlocking-the-art-of-precision/
2025-05-31 22:30:14,209 - WARNING - No date found for URL: https://www.slashfilm.com/1836948/netflix-medical-k-drama-misrepresenting-disease-doctor-cha/
2025-05-31 22:30:14,209 - WARNING - No date found for URL: https://www.aljazeera.com/news/2025/4/23/trade-war-with-china-to-hit-us-healthcare
2025-05-31 22:30:14,211 - INFO - Successfully extracted date 2025-04-27T00:00:00 from URL: https://www.forbes.com/sites/gilpress/2025/04/27/the-accelerating-state-of-ai-health-in-hospitals-and-homes/
2025-05-31 22:30:14,211 - INFO - Successfully extracted date 2505-07-14T00:00:00 from URL: https://www.sciencedaily.com/releases/2025/05/250507141142.htm
2025-05-31 22:30:14,211 - WARNING - Error parsing date from URL https://abcnews.go.com/Health/concern-after-hhs-report-advocates-therapy-trans-kids/story?id=121372589: month must be in 1..12: 1213-72-58
2025-05-31 22:30:14,211 - WARNING - No date found for URL: https://abcnews.go.com/Health/concern-after-hhs-report-advocates-therapy-trans-kids/story?id=121372589
2025-05-31 22:30:14,211 - INFO - Successfully extracted date 2505-07-14T00:00:00 from URL: https://www.sciencedaily.com/releases/2025/05/250507141132.htm
2025-05-31 22:30:14,211 - WARNING - Error parsing date from URL https://abcnews.go.com/US/luigi-mangione-federal-arraignment/story?id=121136124: month must be in 1..12: 1211-36-12
2025-05-31 22:30:14,211 - WARNING - No date found for URL: https://abcnews.go.com/US/luigi-mangione-federal-arraignment/story?id=121136124
2025-05-31 22:30:14,211 - WARNING - Error parsing date from URL https://gizmodo.com/man-bitten-by-200-snakes-helps-scientists-create-a-super-antivenom-2000598057: month must be in 1..12: 2000-59-80
2025-05-31 22:30:14,211 - WARNING - No date found for URL: https://gizmodo.com/man-bitten-by-200-snakes-helps-scientists-create-a-super-antivenom-2000598057
2025-05-31 22:30:14,214 - INFO - Successfully extracted date 2025-05-06T00:00:00 from URL: https://www.forbes.com/sites/partnerreleases/2025/05/06/leading-healthcare-executive-examines-how-ai-big-tech-and-retail-medicine-are-reshaping-the-industry/
2025-05-31 22:30:14,214 - WARNING - No date found for URL: https://www.scientificamerican.com/podcast/episode/new-data-released-from-nasas-juno-mission-and-new-satellites-launched-for/
2025-05-31 22:30:14,214 - WARNING - No date found for URL: https://www.foxnews.com/tech/blue-shield-exposed-4-7m-patients-health-data-google-2
2025-05-31 22:30:14,214 - WARNING - No date found for URL: https://time.com/7281894/new-hhs-report-exploratory-therapy-transgender-youth/
2025-05-31 22:30:14,214 - WARNING - Error parsing date from URL https://www.fdlreporter.com/story/news/local/2025/05/02/fond-du-lac-school-district-budget-cuts-layoffs-more-top-news-from-april/83385799007/: month must be in 1..12: 8338-57-99
2025-05-31 22:30:14,214 - WARNING - No date found for URL: https://www.fdlreporter.com/story/news/local/2025/05/02/fond-du-lac-school-district-budget-cuts-layoffs-more-top-news-from-april/83385799007/
2025-05-31 22:30:14,214 - WARNING - Error parsing date from URL https://uk.style.yahoo.com/hole-heart-defect-emma-willis-surgery-151713759.html: month must be in 1..12: 1517-13-75
2025-05-31 22:30:14,214 - WARNING - No date found for URL: https://uk.style.yahoo.com/hole-heart-defect-emma-willis-surgery-151713759.html
2025-05-31 22:30:14,214 - WARNING - No date found for URL: https://www.usmagazine.com/celebrity-news/news/gene-hackman-autopsy-reveals-fasting-and-acetone-levels-page/
2025-05-31 22:30:14,216 - INFO - Successfully extracted date 2025-04-30T00:00:00 from URL: https://www.forbes.com/sites/chrissamcfarlane/2025/04/30/4-hurdles-to-overcome-for-healthcare-daos-to-be-used-outside-of-funding-research/
2025-05-31 22:30:14,216 - WARNING - Error parsing date from URL https://abcnews.go.com/GMA/Wellness/trump-administration-restore-funding-womens-health-initiative/story?id=121127530: month must be in 1..12: 1211-27-53
2025-05-31 22:30:14,216 - WARNING - No date found for URL: https://abcnews.go.com/GMA/Wellness/trump-administration-restore-funding-womens-health-initiative/story?id=121127530
2025-05-31 22:30:14,216 - INFO - Successfully extracted date 1103-05-14T00:00:00 from URL: https://ca.finance.yahoo.com/news/bristol-myers-posts-better-expected-110305143.html
2025-05-31 22:30:14,216 - WARNING - Error parsing date from URL https://consent.yahoo.com/v2/collectConsent?sessionId=1_cc-session_00f63387-3c5d-42b0-b92d-ff528148013a: month must be in 1..12: 5281-48-01
2025-05-31 22:30:14,216 - WARNING - No date found for URL: https://consent.yahoo.com/v2/collectConsent?sessionId=1_cc-session_00f63387-3c5d-42b0-b92d-ff528148013a
2025-05-31 22:30:14,216 - INFO - Successfully extracted date 2025-04-28T00:00:00 from URL: https://www.theregister.com/2025/04/28/infosec_ceo_accused_of_installing_malware/
2025-05-31 22:30:14,216 - WARNING - No date found for URL: https://consent.yahoo.com/v2/collectConsent?sessionId=1_cc-session_252590d3-a9bc-4fb0-b44a-fb2079dc7df1
2025-05-31 22:30:14,216 - WARNING - No date found for URL: https://consent.yahoo.com/v2/collectConsent?sessionId=1_cc-session_22017dcb-caa2-4844-a24c-7765438c1da1
2025-05-31 22:30:14,216 - WARNING - No date found for URL: https://thehackernews.com/2025/04/automating-zero-trust-in-healthcare.html
2025-05-31 22:30:14,216 - WARNING - Error parsing date from URL https://abcnews.go.com/US/federal-prosecutors-seek-death-penalty-accused-ceo-killer/story?id=121145544: month must be in 1..12: 1211-45-54
2025-05-31 22:30:14,218 - WARNING - No date found for URL: https://abcnews.go.com/US/federal-prosecutors-seek-death-penalty-accused-ceo-killer/story?id=121145544
2025-05-31 22:30:14,218 - INFO - Successfully extracted date 2025-04-27T00:00:00 from URL: https://hackaday.com/2025/04/27/quick-and-easy-digital-stethoscope-keeps-tabs-on-cat/
2025-05-31 22:30:14,218 - INFO - Successfully extracted date 2025-04-28T00:00:00 from URL: https://www.forbes.com/sites/heatherwishartsmith/2025/04/28/ai-and-the-future-of-healthcare-lessons-from-military-medicine/
2025-05-31 22:30:14,218 - WARNING - Error parsing date from URL https://gizmodo.com/gillian-anderson-x-files-reboot-ryan-coogler-2000596828: month must be in 1..12: 2000-59-68
2025-05-31 22:30:14,218 - WARNING - No date found for URL: https://gizmodo.com/gillian-anderson-x-files-reboot-ryan-coogler-2000596828
2025-05-31 22:30:14,218 - WARNING - Error parsing date from URL https://gizmodo.com/usps-is-getting-in-on-trumps-anti-immigrant-crackdowns-2000596317: month must be in 1..12: 2000-59-63
2025-05-31 22:30:14,218 - WARNING - No date found for URL: https://gizmodo.com/usps-is-getting-in-on-trumps-anti-immigrant-crackdowns-2000596317
2025-05-31 22:30:14,218 - WARNING - No date found for URL: https://consent.yahoo.com/v2/collectConsent?sessionId=1_cc-session_e742ac99-dc1b-4fb1-bdde-1140b2e21d6f
2025-05-31 22:30:14,220 - WARNING - Error parsing date from URL https://www.providencejournal.com/story/news/politics/courts/2025/04/26/ice-provides-details-on-mans-detention-that-led-to-april-24-providence-protest/83294897007/: month must be in 1..12: 8329-48-97
2025-05-31 22:30:14,220 - WARNING - No date found for URL: https://www.providencejournal.com/story/news/politics/courts/2025/04/26/ice-provides-details-on-mans-detention-that-led-to-april-24-providence-protest/83294897007/
2025-05-31 22:30:14,221 - WARNING - Error parsing date from URL https://gizmodo.com/injectable-male-birth-control-effective-for-at-least-2-years-says-biotech-startup-2000594143: month must be in 1..12: 2000-59-41
2025-05-31 22:30:14,221 - WARNING - No date found for URL: https://gizmodo.com/injectable-male-birth-control-effective-for-at-least-2-years-says-biotech-startup-2000594143
2025-05-31 22:30:14,222 - WARNING - No date found for URL: https://www.businessinsider.com/high-paying-healthcare-jobs-high-school-no-bachelors-masters-degree-2025-5
2025-05-31 22:30:14,222 - WARNING - Error parsing date from URL https://gizmodo.com/semaglutide-shows-major-promise-for-treating-serious-liver-disease-2000596492: month must be in 1..12: 2000-59-64
2025-05-31 22:30:14,222 - WARNING - No date found for URL: https://gizmodo.com/semaglutide-shows-major-promise-for-treating-serious-liver-disease-2000596492
2025-05-31 22:30:14,222 - INFO - Successfully extracted date 2025-04-23T00:00:00 from URL: https://hackaday.com/2025/04/23/to-see-within-detecting-x-rays/
2025-05-31 22:30:14,222 - WARNING - No date found for URL: https://venturebeat.com/ai/breaking-the-intellectual-bottleneck-how-ai-is-computing-the-previously-uncomputible-in-healthcare/
2025-05-31 22:30:14,222 - WARNING - Error parsing date from URL https://abcnews.go.com/US/immunotherapy-drug-capable-eliminating-tumors-early-stage-cancers/story?id=121257808: month must be in 1..12: 1212-57-80
2025-05-31 22:30:14,222 - WARNING - No date found for URL: https://abcnews.go.com/US/immunotherapy-drug-capable-eliminating-tumors-early-stage-cancers/story?id=121257808
2025-05-31 22:30:14,222 - WARNING - No date found for URL: https://www.bbc.com/news/articles/cx2x13k170do
2025-05-31 22:30:14,222 - WARNING - Error parsing date from URL https://gizmodo.com/americas-science-agency-says-it-will-cut-funding-to-researchers-who-protest-israel-2000593036: month must be in 1..12: 2000-59-30
2025-05-31 22:30:14,222 - WARNING - No date found for URL: https://gizmodo.com/americas-science-agency-says-it-will-cut-funding-to-researchers-who-protest-israel-2000593036
2025-05-31 22:30:14,222 - WARNING - No date found for URL: https://www.bbc.com/sport/football/articles/cdden1dnr02o
2025-05-31 22:30:14,224 - WARNING - No date found for URL: https://www.bbc.com/sport/football/articles/c0jz6d01l6xo
2025-05-31 22:30:14,224 - WARNING - No date found for URL: https://www.businessinsider.com/amazon-10-million-raise-hospital-ai-agents-pitch-deck-ascertain-2025-5
2025-05-31 22:30:14,224 - WARNING - No date found for URL: https://www.bbc.com/news/articles/c3evygw383eo
2025-05-31 22:30:14,224 - WARNING - No date found for URL: https://www.bbc.com/news/articles/c98grv8zqveo
2025-05-31 22:30:14,224 - WARNING - Error parsing date from URL https://consent.yahoo.com/v2/collectConsent?sessionId=1_cc-session_c6fe0efd-a35d-4c5e-b553-48143535541d: month must be in 1..12: 4814-35-35
2025-05-31 22:30:14,224 - WARNING - No date found for URL: https://consent.yahoo.com/v2/collectConsent?sessionId=1_cc-session_c6fe0efd-a35d-4c5e-b553-48143535541d
2025-05-31 22:30:14,224 - WARNING - No date found for URL: https://www.bbc.com/news/articles/c33z83830x4o
2025-05-31 22:30:14,224 - WARNING - No date found for URL: https://www.bbc.com/news/articles/c2dek63gxp6o
2025-05-31 22:30:14,224 - WARNING - No date found for URL: https://slate.com/technology/2025/04/dogs-pets-pill-longevity-extend-lifespan-loyal-veterinary-ethics.html
2025-05-31 22:30:14,224 - INFO - Successfully extracted date 2025-04-24T00:00:00 from URL: https://www.npr.org/2025/04/24/nx-s1-5373964/stop-taking-ozempic-healthy-weight-loss
2025-05-31 22:30:14,224 - WARNING - Error parsing date from URL https://www.sciencedaily.com/releases/2025/04/250424121645.htm: month must be in 1..12: 2504-24-12
2025-05-31 22:30:14,224 - WARNING - No date found for URL: https://www.sciencedaily.com/releases/2025/04/250424121645.htm
2025-05-31 22:30:14,224 - WARNING - No date found for URL: https://www.businessinsider.com/trump-what-china-exports-besides-toys-2025-5
2025-05-31 22:30:14,224 - WARNING - No date found for URL: https://www.businessinsider.com/ai-startup-unicorns-with-tiny-teams-2025-5
2025-05-31 22:30:14,224 - WARNING - No date found for URL: https://www.businessinsider.com/insurance-fertility-ivf-costs-hsa-millennial-couple-infertility-2025-3
2025-05-31 22:30:14,224 - WARNING - No date found for URL: https://www.businessinsider.com/moved-from-us-to-australia-better-quality-of-life-2025-4
2025-05-31 22:30:14,224 - WARNING - Error parsing date from URL https://gizmodo.com/how-trumps-proposed-budget-will-gut-public-health-in-america-2000597521: month must be in 1..12: 2000-59-75
2025-05-31 22:30:14,224 - WARNING - No date found for URL: https://gizmodo.com/how-trumps-proposed-budget-will-gut-public-health-in-america-2000597521
2025-05-31 22:30:14,224 - WARNING - No date found for URL: https://www.abc27.com/local-news/police-woman-found-injured-in-lancaster-county-roadway-dies-at-hospital/
2025-05-31 22:30:14,224 - WARNING - No date found for URL: https://science.slashdot.org/story/25/05/05/2050232/unitedhealth-now-has-1000-ai-applications-in-production
2025-05-31 22:30:14,224 - WARNING - Error parsing date from URL https://gizmodo.com/the-fda-just-approved-the-first-crispr-edited-pigs-for-food-2000597425: month must be in 1..12: 2000-59-74
2025-05-31 22:30:14,224 - WARNING - No date found for URL: https://gizmodo.com/the-fda-just-approved-the-first-crispr-edited-pigs-for-food-2000597425
2025-05-31 22:30:14,224 - WARNING - No date found for URL: https://www.businessinsider.com/easiest-bill-to-negotiate-down-according-financial-planners-2025-4
2025-05-31 22:30:14,224 - WARNING - No date found for URL: https://consent.yahoo.com/v2/collectConsent?sessionId=1_cc-session_4527fa09-cc93-46b3-b0ca-e46a293c65a1
2025-05-31 22:30:14,224 - WARNING - Error parsing date from URL https://gizmodo.com/pam-bondi-claims-trump-saved-75-of-americans-from-a-fentanyl-overdose-2000596896: month must be in 1..12: 2000-59-68
2025-05-31 22:30:14,224 - WARNING - No date found for URL: https://gizmodo.com/pam-bondi-claims-trump-saved-75-of-americans-from-a-fentanyl-overdose-2000596896
2025-05-31 22:30:14,224 - WARNING - No date found for URL: https://www.bbc.com/news/articles/cr5dy8depj5o
2025-05-31 22:30:14,224 - INFO - Successfully extracted date 2025-04-27T00:00:00 from URL: https://www.npr.org/2025/04/27/nx-s1-5378668/the-dea-says-114-immigrants-in-the-u-s-illegally-were-arrested-at-a-colorado-nightclub
2025-05-31 22:30:14,224 - WARNING - No date found for URL: https://time.com/7279465/rfk-jr-to-phase-out-artificial-food-dyes/
2025-05-31 22:30:14,224 - INFO - Successfully extracted date 2025-04-23T00:00:00 from URL: https://www.npr.org/2025/04/23/nx-s1-5372695/autism-nih-rfk-medical-records
2025-05-31 22:30:14,224 - WARNING - No date found for URL: https://www.bbc.com/news/articles/cnv56q82vnro
2025-05-31 22:30:14,224 - INFO - Successfully extracted date 2025-05-04T00:00:00 from URL: https://www.npr.org/2025/05/04/nx-s1-5386456/mexico-president-rejected-trumps-plan-us-troops-across-border
2025-05-31 22:30:14,224 - WARNING - No date found for URL: https://consent.yahoo.com/v2/collectConsent?sessionId=1_cc-session_21c8679d-384a-43cc-8572-b5203c9ec9a7
2025-05-31 22:30:14,224 - WARNING - No date found for URL: https://www.businessinsider.com/costco-gold-buyers-rewards-price-surge-2025-4
2025-05-31 22:30:14,224 - WARNING - No date found for URL: https://www.bbc.com/news/articles/cwynqx77dn5o
2025-05-31 22:30:14,224 - WARNING - Error parsing date from URL https://gizmodo.com/fda-issues-alert-on-fake-ozempic-how-to-tell-if-yours-is-real-2000592709: month must be in 1..12: 2000-59-27
2025-05-31 22:30:14,224 - WARNING - No date found for URL: https://gizmodo.com/fda-issues-alert-on-fake-ozempic-how-to-tell-if-yours-is-real-2000592709
2025-05-31 22:30:14,224 - WARNING - No date found for URL: https://www.scientificamerican.com/article/the-scary-implications-of-u-s-government-attacks-on-medical-journals/
2025-05-31 22:30:14,224 - WARNING - Error parsing date from URL https://qz.com/hims-hers-novo-nordisk-stock-wegovy-ozempic-deal-1851778237: month must be in 1..12: 1851-77-82
2025-05-31 22:30:14,224 - WARNING - No date found for URL: https://qz.com/hims-hers-novo-nordisk-stock-wegovy-ozempic-deal-1851778237
2025-05-31 22:30:14,224 - WARNING - No date found for URL: https://thenextweb.com/news/fertility-startup-rejuvenates-human-eggs-to-boost-chances-of-conception
2025-05-31 22:30:14,224 - INFO - Successfully extracted date 2025-04-22T00:00:00 from URL: https://www.forbes.com/sites/gilpress/2025/04/22/ai-transforms-drug-discovery-and-precision-medicine/
2025-05-31 22:30:14,224 - INFO - Successfully extracted date 2025-05-07T00:00:00 from URL: https://www.npr.org/2025/05/07/nx-s1-5388488/three-memphis-police-officers-found-not-guilty-in-the-death-of-tyre-nichols
2025-05-31 22:30:14,224 - WARNING - No date found for URL: https://www.bbc.com/news/articles/creq0xd4y51o
2025-05-31 22:30:14,233 - WARNING - Error parsing date from URL https://www.yahoo.com/news/nbcs-mike-tirico-had-medical-212902370.html: day is out of range for month: 2129-02-37
2025-05-31 22:30:14,233 - WARNING - No date found for URL: https://www.yahoo.com/news/nbcs-mike-tirico-had-medical-212902370.html
2025-05-31 22:30:14,233 - WARNING - Error parsing date from URL https://www.yahoo.com/news/former-abercrombie-fitch-ceo-ruled-235805549.html: day is out of range for month: 2358-05-54
2025-05-31 22:30:14,233 - WARNING - No date found for URL: https://www.yahoo.com/news/former-abercrombie-fitch-ceo-ruled-235805549.html
2025-05-31 22:30:14,233 - WARNING - Error parsing date from URL https://gizmodo.com/researchers-tattooed-tardigrades-they-promise-it-will-be-useful-2000593853: month must be in 1..12: 2000-59-38
2025-05-31 22:30:14,233 - WARNING - No date found for URL: https://gizmodo.com/researchers-tattooed-tardigrades-they-promise-it-will-be-useful-2000593853
2025-05-31 22:30:14,233 - WARNING - No date found for URL: https://www.bbc.com/news/articles/c5y42zzwylvo
2025-05-31 22:30:14,234 - WARNING - No date found for URL: https://www.bbc.com/news/videos/ceqrp4wvvx1o
2025-05-31 22:30:14,234 - WARNING - No date found for URL: https://www.businessinsider.com/nutrition-nourish-unicorn-jp-morgan-growth-series-b-2025-4
2025-05-31 22:30:14,234 - INFO - Successfully extracted date 2025-05-06T00:00:00 from URL: https://www.npr.org/2025/05/06/nx-s1-5388198/trump-abortion-drug-case
2025-05-31 22:30:14,234 - WARNING - Error parsing date from URL https://gizmodo.com/new-weight-loss-drugs-are-sending-a-surprising-number-of-americans-to-the-emergency-room-2000595716: month must be in 1..12: 2000-59-57
2025-05-31 22:30:14,234 - WARNING - No date found for URL: https://gizmodo.com/new-weight-loss-drugs-are-sending-a-surprising-number-of-americans-to-the-emergency-room-2000595716
2025-05-31 22:30:14,234 - WARNING - No date found for URL: https://consent.yahoo.com/v2/collectConsent?sessionId=1_cc-session_c7904365-373a-49bd-bd06-ad3450a116ea
2025-05-31 22:30:14,234 - WARNING - Error parsing date from URL https://qz.com/trump-tariffs-pharma-companies-astrazeneca-gsk-1851779389: month must be in 1..12: 1851-77-93
2025-05-31 22:30:14,234 - WARNING - No date found for URL: https://qz.com/trump-tariffs-pharma-companies-astrazeneca-gsk-1851779389
2025-05-31 22:30:14,234 - WARNING - Error parsing date from URL https://www.yahoo.com/news/11-arrested-5-wanted-ga-210411716.html: day is out of range for month: 2104-11-71
2025-05-31 22:30:14,234 - WARNING - No date found for URL: https://www.yahoo.com/news/11-arrested-5-wanted-ga-210411716.html
2025-05-31 22:30:14,236 - WARNING - Error parsing date from URL https://www.yahoo.com/news/san-francisco-inches-closer-adopting-005240158.html: month must be in 1..12: 0052-40-15
2025-05-31 22:30:14,236 - WARNING - No date found for URL: https://www.yahoo.com/news/san-francisco-inches-closer-adopting-005240158.html
2025-05-31 22:30:14,236 - WARNING - No date found for URL: https://www.ktvu.com/news/survivor-deadly-marin-county-crash-released-from-hospital
2025-05-31 22:30:14,236 - WARNING - No date found for URL: https://www.whattowatch.com/news/general-hospital-spoilers-kristina-learns-of-an-ava-secret
2025-05-31 22:30:14,236 - INFO - Successfully extracted date 2025-04-24T00:00:00 from URL: https://www.npr.org/2025/04/24/nx-s1-5374372/millions-of-american-kids-have-an-adhd-diagnosis-is-their-treatment-effective
2025-05-31 22:30:14,237 - WARNING - No date found for URL: https://www.theverge.com/news/661695/google-simplify-ai-gemini-feature-ios-app
2025-05-31 22:30:14,237 - WARNING - Error parsing date from URL https://www.yahoo.com/news/luis-antonio-tagle-philippine-cardinal-035147259.html: month must be in 1..12: 0351-47-25
2025-05-31 22:30:14,237 - WARNING - No date found for URL: https://www.yahoo.com/news/luis-antonio-tagle-philippine-cardinal-035147259.html
2025-05-31 22:30:14,237 - WARNING - No date found for URL: https://www.bbc.com/news/articles/czrv5rl73zdo
2025-05-31 22:30:14,238 - INFO - Successfully extracted date 2025-05-02T00:00:00 from URL: https://www.npr.org/2025/05/02/nx-s1-5383874/erin-patterson-murder-trial-poison-mushroom-australia
2025-05-31 22:30:14,238 - INFO - Successfully extracted date 2025-04-30T00:00:00 from URL: https://www.npr.org/sections/shots-health-news/2025/04/30/g-s1-63345/alzheimers-survey-americans-testing-treatment-risky
2025-05-31 22:30:14,238 - INFO - Successfully extracted date 2025-05-03T00:00:00 from URL: https://www.yankodesign.com/2025/05/03/origami-in-industrial-design-unlocking-the-art-of-precision/
2025-05-31 22:30:14,238 - WARNING - No date found for URL: https://www.slashfilm.com/1836948/netflix-medical-k-drama-misrepresenting-disease-doctor-cha/
2025-05-31 22:30:14,238 - WARNING - No date found for URL: https://www.aljazeera.com/news/2025/4/23/trade-war-with-china-to-hit-us-healthcare
2025-05-31 22:30:14,238 - INFO - Successfully extracted date 2025-04-27T00:00:00 from URL: https://www.forbes.com/sites/gilpress/2025/04/27/the-accelerating-state-of-ai-health-in-hospitals-and-homes/
2025-05-31 22:30:14,238 - INFO - Successfully extracted date 2505-07-14T00:00:00 from URL: https://www.sciencedaily.com/releases/2025/05/250507141142.htm
2025-05-31 22:30:14,238 - WARNING - Error parsing date from URL https://abcnews.go.com/Health/concern-after-hhs-report-advocates-therapy-trans-kids/story?id=121372589: month must be in 1..12: 1213-72-58
2025-05-31 22:30:14,238 - WARNING - No date found for URL: https://abcnews.go.com/Health/concern-after-hhs-report-advocates-therapy-trans-kids/story?id=121372589
2025-05-31 22:30:14,238 - INFO - Successfully extracted date 2505-07-14T00:00:00 from URL: https://www.sciencedaily.com/releases/2025/05/250507141132.htm
2025-05-31 22:30:14,238 - WARNING - Error parsing date from URL https://abcnews.go.com/US/luigi-mangione-federal-arraignment/story?id=121136124: month must be in 1..12: 1211-36-12
2025-05-31 22:30:14,238 - WARNING - No date found for URL: https://abcnews.go.com/US/luigi-mangione-federal-arraignment/story?id=121136124
2025-05-31 22:30:14,238 - WARNING - Error parsing date from URL https://gizmodo.com/man-bitten-by-200-snakes-helps-scientists-create-a-super-antivenom-2000598057: month must be in 1..12: 2000-59-80
2025-05-31 22:30:14,238 - WARNING - No date found for URL: https://gizmodo.com/man-bitten-by-200-snakes-helps-scientists-create-a-super-antivenom-2000598057
2025-05-31 22:30:14,238 - INFO - Successfully extracted date 2025-05-06T00:00:00 from URL: https://www.forbes.com/sites/partnerreleases/2025/05/06/leading-healthcare-executive-examines-how-ai-big-tech-and-retail-medicine-are-reshaping-the-industry/
2025-05-31 22:30:14,238 - WARNING - No date found for URL: https://www.scientificamerican.com/podcast/episode/new-data-released-from-nasas-juno-mission-and-new-satellites-launched-for/
2025-05-31 22:30:14,238 - WARNING - No date found for URL: https://www.foxnews.com/tech/blue-shield-exposed-4-7m-patients-health-data-google-2
2025-05-31 22:30:14,238 - WARNING - No date found for URL: https://time.com/7281894/new-hhs-report-exploratory-therapy-transgender-youth/
2025-05-31 22:30:14,238 - WARNING - Error parsing date from URL https://www.fdlreporter.com/story/news/local/2025/05/02/fond-du-lac-school-district-budget-cuts-layoffs-more-top-news-from-april/83385799007/: month must be in 1..12: 8338-57-99
2025-05-31 22:30:14,238 - WARNING - No date found for URL: https://www.fdlreporter.com/story/news/local/2025/05/02/fond-du-lac-school-district-budget-cuts-layoffs-more-top-news-from-april/83385799007/
2025-05-31 22:30:14,238 - WARNING - Error parsing date from URL https://uk.style.yahoo.com/hole-heart-defect-emma-willis-surgery-151713759.html: month must be in 1..12: 1517-13-75
2025-05-31 22:30:14,238 - WARNING - No date found for URL: https://uk.style.yahoo.com/hole-heart-defect-emma-willis-surgery-151713759.html
2025-05-31 22:30:14,238 - WARNING - No date found for URL: https://www.usmagazine.com/celebrity-news/news/gene-hackman-autopsy-reveals-fasting-and-acetone-levels-page/
2025-05-31 22:30:14,238 - INFO - Successfully extracted date 2025-04-30T00:00:00 from URL: https://www.forbes.com/sites/chrissamcfarlane/2025/04/30/4-hurdles-to-overcome-for-healthcare-daos-to-be-used-outside-of-funding-research/
2025-05-31 22:30:14,238 - WARNING - Error parsing date from URL https://abcnews.go.com/GMA/Wellness/trump-administration-restore-funding-womens-health-initiative/story?id=121127530: month must be in 1..12: 1211-27-53
2025-05-31 22:30:14,238 - WARNING - No date found for URL: https://abcnews.go.com/GMA/Wellness/trump-administration-restore-funding-womens-health-initiative/story?id=121127530
2025-05-31 22:30:14,238 - INFO - Successfully extracted date 1103-05-14T00:00:00 from URL: https://ca.finance.yahoo.com/news/bristol-myers-posts-better-expected-110305143.html
2025-05-31 22:30:14,238 - WARNING - Error parsing date from URL https://consent.yahoo.com/v2/collectConsent?sessionId=1_cc-session_00f63387-3c5d-42b0-b92d-ff528148013a: month must be in 1..12: 5281-48-01
2025-05-31 22:30:14,238 - WARNING - No date found for URL: https://consent.yahoo.com/v2/collectConsent?sessionId=1_cc-session_00f63387-3c5d-42b0-b92d-ff528148013a
2025-05-31 22:30:14,238 - INFO - Successfully extracted date 2025-04-28T00:00:00 from URL: https://www.theregister.com/2025/04/28/infosec_ceo_accused_of_installing_malware/
2025-05-31 22:30:14,244 - WARNING - No date found for URL: https://consent.yahoo.com/v2/collectConsent?sessionId=1_cc-session_252590d3-a9bc-4fb0-b44a-fb2079dc7df1
2025-05-31 22:30:14,244 - WARNING - No date found for URL: https://consent.yahoo.com/v2/collectConsent?sessionId=1_cc-session_22017dcb-caa2-4844-a24c-7765438c1da1
2025-05-31 22:30:14,244 - WARNING - No date found for URL: https://thehackernews.com/2025/04/automating-zero-trust-in-healthcare.html
2025-05-31 22:30:14,244 - WARNING - Error parsing date from URL https://abcnews.go.com/US/federal-prosecutors-seek-death-penalty-accused-ceo-killer/story?id=121145544: month must be in 1..12: 1211-45-54
2025-05-31 22:30:14,244 - WARNING - No date found for URL: https://abcnews.go.com/US/federal-prosecutors-seek-death-penalty-accused-ceo-killer/story?id=121145544
2025-05-31 22:30:14,244 - INFO - Successfully extracted date 2025-04-27T00:00:00 from URL: https://hackaday.com/2025/04/27/quick-and-easy-digital-stethoscope-keeps-tabs-on-cat/
2025-05-31 22:30:14,244 - INFO - Successfully extracted date 2025-04-28T00:00:00 from URL: https://www.forbes.com/sites/heatherwishartsmith/2025/04/28/ai-and-the-future-of-healthcare-lessons-from-military-medicine/
2025-05-31 22:30:14,244 - WARNING - Error parsing date from URL https://gizmodo.com/gillian-anderson-x-files-reboot-ryan-coogler-2000596828: month must be in 1..12: 2000-59-68
2025-05-31 22:30:14,244 - WARNING - No date found for URL: https://gizmodo.com/gillian-anderson-x-files-reboot-ryan-coogler-2000596828
2025-05-31 22:30:14,244 - WARNING - Error parsing date from URL https://gizmodo.com/usps-is-getting-in-on-trumps-anti-immigrant-crackdowns-2000596317: month must be in 1..12: 2000-59-63
2025-05-31 22:30:14,244 - WARNING - No date found for URL: https://gizmodo.com/usps-is-getting-in-on-trumps-anti-immigrant-crackdowns-2000596317
2025-05-31 22:30:14,244 - WARNING - No date found for URL: https://consent.yahoo.com/v2/collectConsent?sessionId=1_cc-session_e742ac99-dc1b-4fb1-bdde-1140b2e21d6f
2025-05-31 22:30:14,244 - WARNING - Error parsing date from URL https://www.providencejournal.com/story/news/politics/courts/2025/04/26/ice-provides-details-on-mans-detention-that-led-to-april-24-providence-protest/83294897007/: month must be in 1..12: 8329-48-97
2025-05-31 22:30:14,244 - WARNING - No date found for URL: https://www.providencejournal.com/story/news/politics/courts/2025/04/26/ice-provides-details-on-mans-detention-that-led-to-april-24-providence-protest/83294897007/
2025-05-31 22:30:14,244 - WARNING - No date found for URL: https://www.theverge.com/politics/663114/surgeon-general-doge-casey-means-sam-corcos-startup-levels-doge
2025-05-31 22:30:14,244 - WARNING - Error parsing date from URL https://gizmodo.com/injectable-male-birth-control-effective-for-at-least-2-years-says-biotech-startup-2000594143: month must be in 1..12: 2000-59-41
2025-05-31 22:30:14,244 - WARNING - No date found for URL: https://gizmodo.com/injectable-male-birth-control-effective-for-at-least-2-years-says-biotech-startup-2000594143
2025-05-31 22:30:14,244 - WARNING - No date found for URL: https://www.businessinsider.com/high-paying-healthcare-jobs-high-school-no-bachelors-masters-degree-2025-5
2025-05-31 22:30:14,244 - WARNING - No date found for URL: https://www.businessinsider.com/crowdfunding-medical-bills-disabled-trans-woman-medicaid-healthcare-2025-5
2025-05-31 22:30:14,244 - WARNING - Error parsing date from URL https://gizmodo.com/semaglutide-shows-major-promise-for-treating-serious-liver-disease-2000596492: month must be in 1..12: 2000-59-64
2025-05-31 22:30:14,244 - WARNING - No date found for URL: https://gizmodo.com/semaglutide-shows-major-promise-for-treating-serious-liver-disease-2000596492
2025-05-31 22:30:14,244 - INFO - Successfully extracted date 2025-04-23T00:00:00 from URL: https://hackaday.com/2025/04/23/to-see-within-detecting-x-rays/
2025-05-31 22:30:14,244 - WARNING - No date found for URL: https://venturebeat.com/ai/breaking-the-intellectual-bottleneck-how-ai-is-computing-the-previously-uncomputible-in-healthcare/
2025-05-31 22:30:14,244 - WARNING - Error parsing date from URL https://gizmodo.com/americas-science-agency-says-it-will-cut-funding-to-researchers-who-protest-israel-2000593036: month must be in 1..12: 2000-59-30
2025-05-31 22:30:14,244 - WARNING - No date found for URL: https://gizmodo.com/americas-science-agency-says-it-will-cut-funding-to-researchers-who-protest-israel-2000593036
2025-05-31 22:30:14,244 - WARNING - Error parsing date from URL https://consent.yahoo.com/v2/collectConsent?sessionId=1_cc-session_c6fe0efd-a35d-4c5e-b553-48143535541d: month must be in 1..12: 4814-35-35
2025-05-31 22:30:14,244 - WARNING - No date found for URL: https://consent.yahoo.com/v2/collectConsent?sessionId=1_cc-session_c6fe0efd-a35d-4c5e-b553-48143535541d
2025-05-31 22:30:14,244 - WARNING - No date found for URL: https://www.bbc.com/news/articles/c33z83830x4o
2025-05-31 22:30:14,244 - WARNING - No date found for URL: https://slate.com/technology/2025/04/dogs-pets-pill-longevity-extend-lifespan-loyal-veterinary-ethics.html
2025-05-31 22:30:14,244 - WARNING - Error parsing date from URL https://abcnews.go.com/US/immunotherapy-drug-capable-eliminating-tumors-early-stage-cancers/story?id=121257808: month must be in 1..12: 1212-57-80
2025-05-31 22:30:14,244 - WARNING - No date found for URL: https://abcnews.go.com/US/immunotherapy-drug-capable-eliminating-tumors-early-stage-cancers/story?id=121257808
2025-05-31 22:30:14,244 - INFO - Successfully extracted date 2025-04-24T00:00:00 from URL: https://www.npr.org/2025/04/24/nx-s1-5373964/stop-taking-ozempic-healthy-weight-loss
2025-05-31 22:30:14,244 - INFO - Successfully extracted date 2025-05-07T00:00:00 from URL: https://www.npr.org/2025/05/07/nx-s1-5389962/trump-casey-means-surgeon-general
2025-05-31 22:30:14,244 - WARNING - Error parsing date from URL https://www.sciencedaily.com/releases/2025/04/250424121645.htm: month must be in 1..12: 2504-24-12
2025-05-31 22:30:14,244 - WARNING - No date found for URL: https://www.sciencedaily.com/releases/2025/04/250424121645.htm
2025-05-31 22:30:14,244 - WARNING - No date found for URL: https://newrepublic.com/post/194997/trump-surgeon-general-wellness-influencer-casey-means
2025-05-31 22:30:14,244 - WARNING - No date found for URL: https://www.wired.com/story/cbp-rescinds-policies-on-care-of-pregnant-women-infants/
2025-05-31 22:30:14,244 - WARNING - No date found for URL: https://www.businessinsider.com/ai-startup-unicorns-with-tiny-teams-2025-5
2025-05-31 22:30:14,244 - WARNING - No date found for URL: https://www.businessinsider.com/insurance-fertility-ivf-costs-hsa-millennial-couple-infertility-2025-3
2025-05-31 22:30:14,244 - WARNING - No date found for URL: https://www.businessinsider.com/moved-from-us-to-australia-better-quality-of-life-2025-4
2025-05-31 22:30:14,244 - WARNING - Error parsing date from URL https://gizmodo.com/how-trumps-proposed-budget-will-gut-public-health-in-america-2000597521: month must be in 1..12: 2000-59-75
2025-05-31 22:30:14,244 - WARNING - No date found for URL: https://gizmodo.com/how-trumps-proposed-budget-will-gut-public-health-in-america-2000597521
2025-05-31 22:30:14,244 - WARNING - No date found for URL: https://science.slashdot.org/story/25/05/05/2050232/unitedhealth-now-has-1000-ai-applications-in-production
2025-05-31 22:30:14,244 - WARNING - No date found for URL: https://www.businessinsider.com/amazon-10-million-raise-hospital-ai-agents-pitch-deck-ascertain-2025-5
2025-05-31 22:30:14,244 - WARNING - Error parsing date from URL https://gizmodo.com/the-fda-just-approved-the-first-crispr-edited-pigs-for-food-2000597425: month must be in 1..12: 2000-59-74
2025-05-31 22:30:14,244 - WARNING - No date found for URL: https://gizmodo.com/the-fda-just-approved-the-first-crispr-edited-pigs-for-food-2000597425
2025-05-31 22:30:14,244 - WARNING - No date found for URL: https://consent.yahoo.com/v2/collectConsent?sessionId=1_cc-session_4527fa09-cc93-46b3-b0ca-e46a293c65a1
2025-05-31 22:30:14,244 - WARNING - Error parsing date from URL https://gizmodo.com/pam-bondi-claims-trump-saved-75-of-americans-from-a-fentanyl-overdose-2000596896: month must be in 1..12: 2000-59-68
2025-05-31 22:30:14,244 - WARNING - No date found for URL: https://gizmodo.com/pam-bondi-claims-trump-saved-75-of-americans-from-a-fentanyl-overdose-2000596896
2025-05-31 22:30:14,244 - WARNING - No date found for URL: https://www.businessinsider.com/trump-what-china-exports-besides-toys-2025-5
2025-05-31 22:30:14,244 - INFO - Successfully extracted date 2025-04-27T00:00:00 from URL: https://www.npr.org/2025/04/27/nx-s1-5378668/the-dea-says-114-immigrants-in-the-u-s-illegally-were-arrested-at-a-colorado-nightclub
2025-05-31 22:30:14,244 - INFO - Successfully extracted date 2025-04-23T00:00:00 from URL: https://www.npr.org/2025/04/23/nx-s1-5372695/autism-nih-rfk-medical-records
2025-05-31 22:30:14,244 - WARNING - No date found for URL: https://consent.yahoo.com/v2/collectConsent?sessionId=1_cc-session_21c8679d-384a-43cc-8572-b5203c9ec9a7
2025-05-31 22:30:14,244 - INFO - Successfully extracted date 2025-05-04T00:00:00 from URL: https://www.npr.org/2025/05/04/nx-s1-5386456/mexico-president-rejected-trumps-plan-us-troops-across-border
2025-05-31 22:30:14,244 - WARNING - No date found for URL: https://www.businessinsider.com/costco-gold-buyers-rewards-price-surge-2025-4
2025-05-31 22:30:14,253 - WARNING - No date found for URL: https://www.scientificamerican.com/article/the-scary-implications-of-u-s-government-attacks-on-medical-journals/
2025-05-31 22:30:14,254 - WARNING - Error parsing date from URL https://qz.com/hims-hers-novo-nordisk-stock-wegovy-ozempic-deal-1851778237: month must be in 1..12: 1851-77-82
2025-05-31 22:30:14,254 - WARNING - No date found for URL: https://qz.com/hims-hers-novo-nordisk-stock-wegovy-ozempic-deal-1851778237
2025-05-31 22:30:14,254 - WARNING - No date found for URL: https://thenextweb.com/news/fertility-startup-rejuvenates-human-eggs-to-boost-chances-of-conception
2025-05-31 22:30:14,254 - WARNING - No date found for URL: https://www.bbc.com/news/articles/creq0xd4y51o
2025-05-31 22:30:14,254 - WARNING - Error parsing date from URL https://www.yahoo.com/news/nbcs-mike-tirico-had-medical-212902370.html: day is out of range for month: 2129-02-37
2025-05-31 22:30:14,254 - WARNING - No date found for URL: https://www.yahoo.com/news/nbcs-mike-tirico-had-medical-212902370.html
2025-05-31 22:30:14,254 - WARNING - Error parsing date from URL https://gizmodo.com/researchers-tattooed-tardigrades-they-promise-it-will-be-useful-2000593853: month must be in 1..12: 2000-59-38
2025-05-31 22:30:14,255 - WARNING - No date found for URL: https://gizmodo.com/researchers-tattooed-tardigrades-they-promise-it-will-be-useful-2000593853
2025-05-31 22:30:14,255 - WARNING - No date found for URL: https://www.bbc.com/news/videos/ceqrp4wvvx1o
2025-05-31 22:30:14,255 - WARNING - No date found for URL: https://www.businessinsider.com/nutrition-nourish-unicorn-jp-morgan-growth-series-b-2025-4
2025-05-31 22:30:14,255 - INFO - Successfully extracted date 2025-05-06T00:00:00 from URL: https://www.npr.org/2025/05/06/nx-s1-5388198/trump-abortion-drug-case
2025-05-31 22:30:14,255 - WARNING - Error parsing date from URL https://gizmodo.com/new-weight-loss-drugs-are-sending-a-surprising-number-of-americans-to-the-emergency-room-2000595716: month must be in 1..12: 2000-59-57
2025-05-31 22:30:14,255 - WARNING - No date found for URL: https://gizmodo.com/new-weight-loss-drugs-are-sending-a-surprising-number-of-americans-to-the-emergency-room-2000595716
2025-05-31 22:30:14,255 - WARNING - No date found for URL: https://consent.yahoo.com/v2/collectConsent?sessionId=1_cc-session_c7904365-373a-49bd-bd06-ad3450a116ea
2025-05-31 22:30:14,256 - WARNING - Error parsing date from URL https://qz.com/trump-tariffs-pharma-companies-astrazeneca-gsk-1851779389: month must be in 1..12: 1851-77-93
2025-05-31 22:30:14,256 - WARNING - No date found for URL: https://qz.com/trump-tariffs-pharma-companies-astrazeneca-gsk-1851779389
2025-05-31 22:30:14,256 - WARNING - Error parsing date from URL https://www.yahoo.com/news/11-arrested-5-wanted-ga-210411716.html: day is out of range for month: 2104-11-71
2025-05-31 22:30:14,256 - WARNING - No date found for URL: https://www.yahoo.com/news/11-arrested-5-wanted-ga-210411716.html
2025-05-31 22:30:14,256 - WARNING - Error parsing date from URL https://www.yahoo.com/news/san-francisco-inches-closer-adopting-005240158.html: month must be in 1..12: 0052-40-15
2025-05-31 22:30:14,256 - WARNING - No date found for URL: https://www.yahoo.com/news/san-francisco-inches-closer-adopting-005240158.html
2025-05-31 22:30:14,256 - INFO - Successfully extracted date 2025-05-08T00:00:00 from URL: https://www.npr.org/2025/05/08/nx-s1-5391310/kennedy-autism-registry-database-hhs-nih-medicare-medicaid
2025-05-31 22:30:14,257 - INFO - Successfully extracted date 2025-04-24T00:00:00 from URL: https://www.npr.org/2025/04/24/nx-s1-5374372/millions-of-american-kids-have-an-adhd-diagnosis-is-their-treatment-effective
2025-05-31 22:30:14,257 - WARNING - No date found for URL: https://www.theverge.com/news/661695/google-simplify-ai-gemini-feature-ios-app
2025-05-31 22:30:14,257 - WARNING - Error parsing date from URL https://www.yahoo.com/news/luis-antonio-tagle-philippine-cardinal-035147259.html: month must be in 1..12: 0351-47-25
2025-05-31 22:30:14,257 - WARNING - No date found for URL: https://www.yahoo.com/news/luis-antonio-tagle-philippine-cardinal-035147259.html
2025-05-31 22:30:14,257 - WARNING - No date found for URL: https://slate.com/podcasts/what-next/2025/05/trumps-tariffs-are-in-the-supply-chain
2025-05-31 22:30:14,257 - INFO - Successfully extracted date 2025-04-30T00:00:00 from URL: https://www.npr.org/sections/shots-health-news/2025/04/30/g-s1-63345/alzheimers-survey-americans-testing-treatment-risky
2025-05-31 22:30:14,258 - INFO - Successfully extracted date 2025-05-03T00:00:00 from URL: https://www.yankodesign.com/2025/05/03/origami-in-industrial-design-unlocking-the-art-of-precision/
2025-05-31 22:30:14,258 - WARNING - No date found for URL: https://www.bbc.com/news/articles/cnv56q82vnro
2025-05-31 22:30:14,258 - WARNING - No date found for URL: https://blog.google/technology/research/google-research-scientific-discovery/
2025-05-31 22:30:14,258 - WARNING - Error parsing date from URL https://abcnews.go.com/Health/concern-after-hhs-report-advocates-therapy-trans-kids/story?id=121372589: month must be in 1..12: 1213-72-58
2025-05-31 22:30:14,258 - WARNING - No date found for URL: https://abcnews.go.com/Health/concern-after-hhs-report-advocates-therapy-trans-kids/story?id=121372589
2025-05-31 22:30:14,258 - INFO - Successfully extracted date 2505-07-14T00:00:00 from URL: https://www.sciencedaily.com/releases/2025/05/250507141132.htm
2025-05-31 22:30:14,258 - WARNING - Error parsing date from URL https://abcnews.go.com/US/luigi-mangione-federal-arraignment/story?id=121136124: month must be in 1..12: 1211-36-12
2025-05-31 22:30:14,258 - WARNING - No date found for URL: https://abcnews.go.com/US/luigi-mangione-federal-arraignment/story?id=121136124
2025-05-31 22:30:14,259 - WARNING - No date found for URL: https://www.scientificamerican.com/podcast/episode/new-data-released-from-nasas-juno-mission-and-new-satellites-launched-for/
2025-05-31 22:30:14,259 - WARNING - No date found for URL: https://www.aljazeera.com/news/2025/4/23/trade-war-with-china-to-hit-us-healthcare
2025-05-31 22:30:14,259 - WARNING - No date found for URL: https://www.foxnews.com/tech/blue-shield-exposed-4-7m-patients-health-data-google-2
2025-05-31 22:30:14,259 - WARNING - No date found for URL: https://time.com/7281894/new-hhs-report-exploratory-therapy-transgender-youth/
2025-05-31 22:30:14,259 - WARNING - No date found for URL: https://www.usmagazine.com/celebrity-news/news/gene-hackman-autopsy-reveals-fasting-and-acetone-levels-page/
2025-05-31 22:30:14,259 - INFO - Successfully extracted date 2025-04-30T00:00:00 from URL: https://www.forbes.com/sites/chrissamcfarlane/2025/04/30/4-hurdles-to-overcome-for-healthcare-daos-to-be-used-outside-of-funding-research/
2025-05-31 22:30:14,260 - INFO - Successfully extracted date 1103-05-14T00:00:00 from URL: https://ca.finance.yahoo.com/news/bristol-myers-posts-better-expected-110305143.html
2025-05-31 22:30:14,260 - WARNING - Error parsing date from URL https://consent.yahoo.com/v2/collectConsent?sessionId=1_cc-session_00f63387-3c5d-42b0-b92d-ff528148013a: month must be in 1..12: 5281-48-01
2025-05-31 22:30:14,260 - WARNING - No date found for URL: https://consent.yahoo.com/v2/collectConsent?sessionId=1_cc-session_00f63387-3c5d-42b0-b92d-ff528148013a
2025-05-31 22:30:14,260 - WARNING - No date found for URL: https://consent.yahoo.com/v2/collectConsent?sessionId=1_cc-session_252590d3-a9bc-4fb0-b44a-fb2079dc7df1
2025-05-31 22:30:14,260 - WARNING - No date found for URL: https://consent.yahoo.com/v2/collectConsent?sessionId=1_cc-session_22017dcb-caa2-4844-a24c-7765438c1da1
2025-05-31 22:30:14,260 - WARNING - No date found for URL: https://thehackernews.com/2025/04/automating-zero-trust-in-healthcare.html
2025-05-31 22:30:14,260 - WARNING - Error parsing date from URL https://abcnews.go.com/US/federal-prosecutors-seek-death-penalty-accused-ceo-killer/story?id=121145544: month must be in 1..12: 1211-45-54
2025-05-31 22:30:14,260 - WARNING - No date found for URL: https://abcnews.go.com/US/federal-prosecutors-seek-death-penalty-accused-ceo-killer/story?id=121145544
2025-05-31 22:30:14,261 - INFO - Successfully extracted date 2025-04-27T00:00:00 from URL: https://hackaday.com/2025/04/27/quick-and-easy-digital-stethoscope-keeps-tabs-on-cat/
2025-05-31 22:30:14,261 - WARNING - Error parsing date from URL https://gizmodo.com/gillian-anderson-x-files-reboot-ryan-coogler-2000596828: month must be in 1..12: 2000-59-68
2025-05-31 22:30:14,261 - WARNING - No date found for URL: https://gizmodo.com/gillian-anderson-x-files-reboot-ryan-coogler-2000596828
2025-05-31 22:30:14,261 - WARNING - Error parsing date from URL https://gizmodo.com/usps-is-getting-in-on-trumps-anti-immigrant-crackdowns-2000596317: month must be in 1..12: 2000-59-63
2025-05-31 22:30:14,261 - WARNING - No date found for URL: https://gizmodo.com/usps-is-getting-in-on-trumps-anti-immigrant-crackdowns-2000596317
2025-05-31 22:30:14,262 - INFO - Successfully extracted date 2025-05-07T00:00:00 from URL: https://www.npr.org/2025/05/07/nx-s1-5388488/three-memphis-police-officers-found-not-guilty-in-the-death-of-tyre-nichols
2025-05-31 22:30:14,262 - WARNING - No date found for URL: https://consent.yahoo.com/v2/collectConsent?sessionId=1_cc-session_e742ac99-dc1b-4fb1-bdde-1140b2e21d6f
2025-05-31 22:30:14,262 - WARNING - No date found for URL: https://www.bbc.com/sport/motorsport/articles/c9wgj8ye4vdo
2025-05-31 22:30:14,263 - WARNING - No date found for URL: https://news.slashdot.org/story/25/05/05/0649225/majority-in-uk-now-self-identify-as-neurodivergent
2025-05-31 22:30:14,263 - WARNING - No date found for URL: https://www.cnet.com/health/nutrition/nad-supplements/
2025-05-31 22:30:14,263 - WARNING - No date found for URL: https://www.cnet.com/health/medical/measles-cases-spread-across-us-mexico-and-canada-learn-how-to-protect-yourself/
2025-05-31 22:30:14,263 - INFO - Successfully extracted date 2025-04-27T00:00:00 from URL: https://www.forbes.com/sites/gilpress/2025/04/27/the-accelerating-state-of-ai-health-in-hospitals-and-homes/
2025-05-31 22:30:14,263 - WARNING - Error parsing date from URL https://www.yahoo.com/news/scientists-uncover-disturbing-threat-increasing-113052253.html: month must be in 1..12: 1130-52-25
2025-05-31 22:30:14,263 - WARNING - No date found for URL: https://www.yahoo.com/news/scientists-uncover-disturbing-threat-increasing-113052253.html
2025-05-31 22:30:14,264 - INFO - Successfully extracted date 2025-05-01T00:00:00 from URL: https://www.npr.org/sections/shots-health-news/2025/05/01/nx-s1-5383599/transgender-gender-affirming-care-trump-hhs
2025-05-31 22:30:14,264 - INFO - Successfully extracted date 2025-05-06T00:00:00 from URL: https://www.forbes.com/sites/partnerreleases/2025/05/06/leading-healthcare-executive-examines-how-ai-big-tech-and-retail-medicine-are-reshaping-the-industry/
2025-05-31 22:30:14,264 - WARNING - No date found for URL: https://www.bbc.com/news/articles/crld171w4k3o
2025-05-31 22:30:14,264 - INFO - Successfully extracted date 2025-05-06T00:00:00 from URL: https://www.yankodesign.com/2025/05/06/dengue-home-test-kit-concept-can-help-with-early-detection-and-medical-intervention/
2025-05-31 22:30:14,264 - INFO - Successfully extracted date 2025-04-28T00:00:00 from URL: https://www.forbes.com/sites/heatherwishartsmith/2025/04/28/ai-and-the-future-of-healthcare-lessons-from-military-medicine/
2025-05-31 22:30:14,264 - WARNING - No date found for URL: https://www.businessinsider.com/trump-research-funding-cuts-nobel-prizes-brain-drain-medicine-ai-2025-4
2025-05-31 22:30:14,264 - WARNING - No date found for URL: https://www.theverge.com/reviews/651375/brondell-swash-thinline-t44-bidet-review
2025-05-31 22:30:14,264 - WARNING - Error parsing date from URL https://gizmodo.com/what-you-learned-about-cell-division-is-probably-wrong-2000597404: month must be in 1..12: 2000-59-74
2025-05-31 22:30:14,264 - WARNING - No date found for URL: https://gizmodo.com/what-you-learned-about-cell-division-is-probably-wrong-2000597404
2025-05-31 22:30:14,264 - WARNING - Error parsing date from URL https://gizmodo.com/never-before-seen-anal-embalming-method-kept-this-european-mummy-preserved-for-nearly-300-years-2000596249: month must be in 1..12: 2000-59-62
2025-05-31 22:30:14,264 - WARNING - No date found for URL: https://gizmodo.com/never-before-seen-anal-embalming-method-kept-this-european-mummy-preserved-for-nearly-300-years-2000596249
2025-05-31 22:30:14,264 - WARNING - Error parsing date from URL https://gizmodo.com/trump-doj-threatens-wikipedias-nonprofit-status-over-alleged-propaganda-2000594928: month must be in 1..12: 2000-59-49
2025-05-31 22:30:14,264 - WARNING - No date found for URL: https://gizmodo.com/trump-doj-threatens-wikipedias-nonprofit-status-over-alleged-propaganda-2000594928
2025-05-31 22:30:14,264 - WARNING - Error parsing date from URL https://gizmodo.com/bmi-is-actually-pretty-accurate-at-measuring-american-obesity-study-finds-2000594382: month must be in 1..12: 2000-59-43
2025-05-31 22:30:14,264 - WARNING - No date found for URL: https://gizmodo.com/bmi-is-actually-pretty-accurate-at-measuring-american-obesity-study-finds-2000594382
2025-05-31 22:30:14,264 - WARNING - Error parsing date from URL https://abcnews.go.com/Health/hhs-firings-questioning-safety-vaccines-trump-administration-attacking/story?id=121125793: month must be in 1..12: 1211-25-79
2025-05-31 22:30:14,264 - WARNING - No date found for URL: https://abcnews.go.com/Health/hhs-firings-questioning-safety-vaccines-trump-administration-attacking/story?id=121125793
2025-05-31 22:30:14,264 - INFO - Successfully extracted date 2025-04-24T00:00:00 from URL: https://www.forbes.com/councils/forbesbusinesscouncil/2025/04/24/the-economic-and-social-consequences-of-the-womens-health-gap/
2025-05-31 22:30:14,264 - WARNING - No date found for URL: https://www.slashfilm.com/1836948/netflix-medical-k-drama-misrepresenting-disease-doctor-cha/
2025-05-31 22:30:14,264 - WARNING - Error parsing date from URL https://abcnews.go.com/US/boat-washes-ashore-san-diego-3-dead-4/story?id=121475296: month must be in 1..12: 1214-75-29
2025-05-31 22:30:14,264 - WARNING - No date found for URL: https://abcnews.go.com/US/boat-washes-ashore-san-diego-3-dead-4/story?id=121475296
2025-05-31 22:30:14,264 - WARNING - No date found for URL: https://www.businessinsider.com/eric-stonestreet-modern-family-weight-loss-type-2-diabetes-mounjaro-2025-5
2025-05-31 22:30:14,264 - WARNING - Error parsing date from URL https://www.yahoo.com/news/former-abercrombie-fitch-ceo-ruled-235805549.html: day is out of range for month: 2358-05-54
2025-05-31 22:30:14,264 - WARNING - No date found for URL: https://www.yahoo.com/news/former-abercrombie-fitch-ceo-ruled-235805549.html
2025-05-31 22:30:14,264 - WARNING - No date found for URL: https://www.theverge.com/politics/663114/surgeon-general-doge-casey-means-sam-corcos-startup-levels-doge
2025-05-31 22:30:14,264 - WARNING - Error parsing date from URL https://gizmodo.com/injectable-male-birth-control-effective-for-at-least-2-years-says-biotech-startup-2000594143: month must be in 1..12: 2000-59-41
2025-05-31 22:30:14,264 - WARNING - No date found for URL: https://gizmodo.com/injectable-male-birth-control-effective-for-at-least-2-years-says-biotech-startup-2000594143
2025-05-31 22:30:14,264 - WARNING - No date found for URL: https://www.businessinsider.com/high-paying-healthcare-jobs-high-school-no-bachelors-masters-degree-2025-5
2025-05-31 22:30:14,264 - WARNING - No date found for URL: https://www.businessinsider.com/crowdfunding-medical-bills-disabled-trans-woman-medicaid-healthcare-2025-5
2025-05-31 22:30:14,270 - WARNING - Error parsing date from URL https://gizmodo.com/semaglutide-shows-major-promise-for-treating-serious-liver-disease-2000596492: month must be in 1..12: 2000-59-64
2025-05-31 22:30:14,270 - WARNING - No date found for URL: https://gizmodo.com/semaglutide-shows-major-promise-for-treating-serious-liver-disease-2000596492
2025-05-31 22:30:14,270 - INFO - Successfully extracted date 2025-04-23T00:00:00 from URL: https://hackaday.com/2025/04/23/to-see-within-detecting-x-rays/
2025-05-31 22:30:14,270 - WARNING - No date found for URL: https://venturebeat.com/ai/breaking-the-intellectual-bottleneck-how-ai-is-computing-the-previously-uncomputible-in-healthcare/
2025-05-31 22:30:14,270 - WARNING - Error parsing date from URL https://gizmodo.com/americas-science-agency-says-it-will-cut-funding-to-researchers-who-protest-israel-2000593036: month must be in 1..12: 2000-59-30
2025-05-31 22:30:14,270 - WARNING - No date found for URL: https://gizmodo.com/americas-science-agency-says-it-will-cut-funding-to-researchers-who-protest-israel-2000593036
2025-05-31 22:30:14,271 - WARNING - Error parsing date from URL https://consent.yahoo.com/v2/collectConsent?sessionId=1_cc-session_c6fe0efd-a35d-4c5e-b553-48143535541d: month must be in 1..12: 4814-35-35
2025-05-31 22:30:14,271 - WARNING - No date found for URL: https://consent.yahoo.com/v2/collectConsent?sessionId=1_cc-session_c6fe0efd-a35d-4c5e-b553-48143535541d
2025-05-31 22:30:14,271 - WARNING - No date found for URL: https://www.bbc.com/news/articles/c33z83830x4o
2025-05-31 22:30:14,271 - WARNING - No date found for URL: https://slate.com/technology/2025/04/dogs-pets-pill-longevity-extend-lifespan-loyal-veterinary-ethics.html
2025-05-31 22:30:14,271 - WARNING - Error parsing date from URL https://abcnews.go.com/US/immunotherapy-drug-capable-eliminating-tumors-early-stage-cancers/story?id=121257808: month must be in 1..12: 1212-57-80
2025-05-31 22:30:14,271 - WARNING - No date found for URL: https://abcnews.go.com/US/immunotherapy-drug-capable-eliminating-tumors-early-stage-cancers/story?id=121257808
2025-05-31 22:30:14,272 - INFO - Successfully extracted date 2025-04-24T00:00:00 from URL: https://www.npr.org/2025/04/24/nx-s1-5373964/stop-taking-ozempic-healthy-weight-loss
2025-05-31 22:30:14,272 - INFO - Successfully extracted date 2025-05-07T00:00:00 from URL: https://www.npr.org/2025/05/07/nx-s1-5389962/trump-casey-means-surgeon-general
2025-05-31 22:30:14,273 - WARNING - Error parsing date from URL https://www.sciencedaily.com/releases/2025/04/250424121645.htm: month must be in 1..12: 2504-24-12
2025-05-31 22:30:14,273 - WARNING - No date found for URL: https://www.sciencedaily.com/releases/2025/04/250424121645.htm
2025-05-31 22:30:14,273 - WARNING - No date found for URL: https://newrepublic.com/post/194997/trump-surgeon-general-wellness-influencer-casey-means
2025-05-31 22:30:14,273 - WARNING - No date found for URL: https://www.wired.com/story/cbp-rescinds-policies-on-care-of-pregnant-women-infants/
2025-05-31 22:30:14,273 - WARNING - No date found for URL: https://www.businessinsider.com/ai-startup-unicorns-with-tiny-teams-2025-5
2025-05-31 22:30:14,273 - WARNING - No date found for URL: https://www.businessinsider.com/insurance-fertility-ivf-costs-hsa-millennial-couple-infertility-2025-3
2025-05-31 22:30:14,273 - WARNING - No date found for URL: https://www.businessinsider.com/moved-from-us-to-australia-better-quality-of-life-2025-4
2025-05-31 22:30:14,273 - WARNING - Error parsing date from URL https://gizmodo.com/how-trumps-proposed-budget-will-gut-public-health-in-america-2000597521: month must be in 1..12: 2000-59-75
2025-05-31 22:30:14,273 - WARNING - No date found for URL: https://gizmodo.com/how-trumps-proposed-budget-will-gut-public-health-in-america-2000597521
2025-05-31 22:30:14,274 - WARNING - No date found for URL: https://science.slashdot.org/story/25/05/05/2050232/unitedhealth-now-has-1000-ai-applications-in-production
2025-05-31 22:30:14,274 - WARNING - No date found for URL: https://www.businessinsider.com/amazon-10-million-raise-hospital-ai-agents-pitch-deck-ascertain-2025-5
2025-05-31 22:30:14,274 - WARNING - Error parsing date from URL https://gizmodo.com/the-fda-just-approved-the-first-crispr-edited-pigs-for-food-2000597425: month must be in 1..12: 2000-59-74
2025-05-31 22:30:14,274 - WARNING - No date found for URL: https://gizmodo.com/the-fda-just-approved-the-first-crispr-edited-pigs-for-food-2000597425
2025-05-31 22:30:14,274 - WARNING - No date found for URL: https://consent.yahoo.com/v2/collectConsent?sessionId=1_cc-session_4527fa09-cc93-46b3-b0ca-e46a293c65a1
2025-05-31 22:30:14,274 - WARNING - Error parsing date from URL https://gizmodo.com/pam-bondi-claims-trump-saved-75-of-americans-from-a-fentanyl-overdose-2000596896: month must be in 1..12: 2000-59-68
2025-05-31 22:30:14,274 - WARNING - No date found for URL: https://gizmodo.com/pam-bondi-claims-trump-saved-75-of-americans-from-a-fentanyl-overdose-2000596896
2025-05-31 22:30:14,274 - WARNING - No date found for URL: https://www.businessinsider.com/trump-what-china-exports-besides-toys-2025-5
2025-05-31 22:30:14,274 - INFO - Successfully extracted date 2025-04-27T00:00:00 from URL: https://www.npr.org/2025/04/27/nx-s1-5378668/the-dea-says-114-immigrants-in-the-u-s-illegally-were-arrested-at-a-colorado-nightclub
2025-05-31 22:30:14,274 - INFO - Successfully extracted date 2025-04-23T00:00:00 from URL: https://www.npr.org/2025/04/23/nx-s1-5372695/autism-nih-rfk-medical-records
2025-05-31 22:30:14,274 - WARNING - No date found for URL: https://consent.yahoo.com/v2/collectConsent?sessionId=1_cc-session_21c8679d-384a-43cc-8572-b5203c9ec9a7
2025-05-31 22:30:14,274 - INFO - Successfully extracted date 2025-05-04T00:00:00 from URL: https://www.npr.org/2025/05/04/nx-s1-5386456/mexico-president-rejected-trumps-plan-us-troops-across-border
2025-05-31 22:30:14,274 - WARNING - No date found for URL: https://www.businessinsider.com/costco-gold-buyers-rewards-price-surge-2025-4
2025-05-31 22:30:14,274 - WARNING - No date found for URL: https://www.scientificamerican.com/article/the-scary-implications-of-u-s-government-attacks-on-medical-journals/
2025-05-31 22:30:14,274 - WARNING - Error parsing date from URL https://qz.com/hims-hers-novo-nordisk-stock-wegovy-ozempic-deal-1851778237: month must be in 1..12: 1851-77-82
2025-05-31 22:30:14,274 - WARNING - No date found for URL: https://qz.com/hims-hers-novo-nordisk-stock-wegovy-ozempic-deal-1851778237
2025-05-31 22:30:14,274 - WARNING - No date found for URL: https://thenextweb.com/news/fertility-startup-rejuvenates-human-eggs-to-boost-chances-of-conception
2025-05-31 22:30:14,274 - WARNING - No date found for URL: https://www.bbc.com/news/articles/creq0xd4y51o
2025-05-31 22:30:14,274 - WARNING - Error parsing date from URL https://www.yahoo.com/news/nbcs-mike-tirico-had-medical-212902370.html: day is out of range for month: 2129-02-37
2025-05-31 22:30:14,277 - WARNING - No date found for URL: https://www.yahoo.com/news/nbcs-mike-tirico-had-medical-212902370.html
2025-05-31 22:30:14,277 - WARNING - Error parsing date from URL https://gizmodo.com/researchers-tattooed-tardigrades-they-promise-it-will-be-useful-2000593853: month must be in 1..12: 2000-59-38
2025-05-31 22:30:14,277 - WARNING - No date found for URL: https://gizmodo.com/researchers-tattooed-tardigrades-they-promise-it-will-be-useful-2000593853
2025-05-31 22:30:14,277 - WARNING - No date found for URL: https://www.bbc.com/news/videos/ceqrp4wvvx1o
2025-05-31 22:30:14,277 - WARNING - No date found for URL: https://www.businessinsider.com/nutrition-nourish-unicorn-jp-morgan-growth-series-b-2025-4
2025-05-31 22:30:14,277 - INFO - Successfully extracted date 2025-05-06T00:00:00 from URL: https://www.npr.org/2025/05/06/nx-s1-5388198/trump-abortion-drug-case
2025-05-31 22:30:14,277 - WARNING - Error parsing date from URL https://gizmodo.com/new-weight-loss-drugs-are-sending-a-surprising-number-of-americans-to-the-emergency-room-2000595716: month must be in 1..12: 2000-59-57
2025-05-31 22:30:14,278 - WARNING - No date found for URL: https://gizmodo.com/new-weight-loss-drugs-are-sending-a-surprising-number-of-americans-to-the-emergency-room-2000595716
2025-05-31 22:30:14,278 - WARNING - No date found for URL: https://consent.yahoo.com/v2/collectConsent?sessionId=1_cc-session_c7904365-373a-49bd-bd06-ad3450a116ea
2025-05-31 22:30:14,278 - WARNING - Error parsing date from URL https://qz.com/trump-tariffs-pharma-companies-astrazeneca-gsk-1851779389: month must be in 1..12: 1851-77-93
2025-05-31 22:30:14,278 - WARNING - No date found for URL: https://qz.com/trump-tariffs-pharma-companies-astrazeneca-gsk-1851779389
2025-05-31 22:30:14,278 - WARNING - Error parsing date from URL https://www.yahoo.com/news/11-arrested-5-wanted-ga-210411716.html: day is out of range for month: 2104-11-71
2025-05-31 22:30:14,278 - WARNING - No date found for URL: https://www.yahoo.com/news/11-arrested-5-wanted-ga-210411716.html
2025-05-31 22:30:14,278 - WARNING - Error parsing date from URL https://www.yahoo.com/news/san-francisco-inches-closer-adopting-005240158.html: month must be in 1..12: 0052-40-15
2025-05-31 22:30:14,278 - WARNING - No date found for URL: https://www.yahoo.com/news/san-francisco-inches-closer-adopting-005240158.html
2025-05-31 22:30:14,278 - INFO - Successfully extracted date 2025-05-08T00:00:00 from URL: https://www.npr.org/2025/05/08/nx-s1-5391310/kennedy-autism-registry-database-hhs-nih-medicare-medicaid
2025-05-31 22:30:14,279 - INFO - Successfully extracted date 2025-04-24T00:00:00 from URL: https://www.npr.org/2025/04/24/nx-s1-5374372/millions-of-american-kids-have-an-adhd-diagnosis-is-their-treatment-effective
2025-05-31 22:30:14,279 - WARNING - No date found for URL: https://www.theverge.com/news/661695/google-simplify-ai-gemini-feature-ios-app
2025-05-31 22:30:14,279 - WARNING - Error parsing date from URL https://www.yahoo.com/news/luis-antonio-tagle-philippine-cardinal-035147259.html: month must be in 1..12: 0351-47-25
2025-05-31 22:30:14,279 - WARNING - No date found for URL: https://www.yahoo.com/news/luis-antonio-tagle-philippine-cardinal-035147259.html
2025-05-31 22:30:14,279 - WARNING - No date found for URL: https://slate.com/podcasts/what-next/2025/05/trumps-tariffs-are-in-the-supply-chain
2025-05-31 22:30:14,279 - INFO - Successfully extracted date 2025-04-30T00:00:00 from URL: https://www.npr.org/sections/shots-health-news/2025/04/30/g-s1-63345/alzheimers-survey-americans-testing-treatment-risky
2025-05-31 22:30:14,279 - INFO - Successfully extracted date 2025-05-03T00:00:00 from URL: https://www.yankodesign.com/2025/05/03/origami-in-industrial-design-unlocking-the-art-of-precision/
2025-05-31 22:30:14,279 - WARNING - No date found for URL: https://www.bbc.com/news/articles/cnv56q82vnro
2025-05-31 22:30:14,279 - WARNING - No date found for URL: https://blog.google/technology/research/google-research-scientific-discovery/
2025-05-31 22:30:14,279 - WARNING - Error parsing date from URL https://abcnews.go.com/Health/concern-after-hhs-report-advocates-therapy-trans-kids/story?id=121372589: month must be in 1..12: 1213-72-58
2025-05-31 22:30:14,279 - WARNING - No date found for URL: https://abcnews.go.com/Health/concern-after-hhs-report-advocates-therapy-trans-kids/story?id=121372589
2025-05-31 22:30:14,279 - INFO - Successfully extracted date 2505-07-14T00:00:00 from URL: https://www.sciencedaily.com/releases/2025/05/250507141132.htm
2025-05-31 22:30:14,279 - WARNING - Error parsing date from URL https://abcnews.go.com/US/luigi-mangione-federal-arraignment/story?id=121136124: month must be in 1..12: 1211-36-12
2025-05-31 22:30:14,279 - WARNING - No date found for URL: https://abcnews.go.com/US/luigi-mangione-federal-arraignment/story?id=121136124
2025-05-31 22:30:14,279 - WARNING - No date found for URL: https://www.scientificamerican.com/podcast/episode/new-data-released-from-nasas-juno-mission-and-new-satellites-launched-for/
2025-05-31 22:30:14,279 - WARNING - No date found for URL: https://www.aljazeera.com/news/2025/4/23/trade-war-with-china-to-hit-us-healthcare
2025-05-31 22:30:14,279 - WARNING - No date found for URL: https://www.foxnews.com/tech/blue-shield-exposed-4-7m-patients-health-data-google-2
2025-05-31 22:30:14,279 - WARNING - No date found for URL: https://time.com/7281894/new-hhs-report-exploratory-therapy-transgender-youth/
2025-05-31 22:30:14,279 - WARNING - No date found for URL: https://www.usmagazine.com/celebrity-news/news/gene-hackman-autopsy-reveals-fasting-and-acetone-levels-page/
2025-05-31 22:30:14,279 - INFO - Successfully extracted date 2025-04-30T00:00:00 from URL: https://www.forbes.com/sites/chrissamcfarlane/2025/04/30/4-hurdles-to-overcome-for-healthcare-daos-to-be-used-outside-of-funding-research/
2025-05-31 22:30:14,279 - INFO - Successfully extracted date 1103-05-14T00:00:00 from URL: https://ca.finance.yahoo.com/news/bristol-myers-posts-better-expected-110305143.html
2025-05-31 22:30:14,279 - WARNING - Error parsing date from URL https://consent.yahoo.com/v2/collectConsent?sessionId=1_cc-session_00f63387-3c5d-42b0-b92d-ff528148013a: month must be in 1..12: 5281-48-01
2025-05-31 22:30:14,279 - WARNING - No date found for URL: https://consent.yahoo.com/v2/collectConsent?sessionId=1_cc-session_00f63387-3c5d-42b0-b92d-ff528148013a
2025-05-31 22:30:14,279 - WARNING - No date found for URL: https://consent.yahoo.com/v2/collectConsent?sessionId=1_cc-session_252590d3-a9bc-4fb0-b44a-fb2079dc7df1
2025-05-31 22:30:14,279 - WARNING - No date found for URL: https://consent.yahoo.com/v2/collectConsent?sessionId=1_cc-session_22017dcb-caa2-4844-a24c-7765438c1da1
2025-05-31 22:30:14,279 - WARNING - No date found for URL: https://thehackernews.com/2025/04/automating-zero-trust-in-healthcare.html
2025-05-31 22:30:14,279 - WARNING - Error parsing date from URL https://abcnews.go.com/US/federal-prosecutors-seek-death-penalty-accused-ceo-killer/story?id=121145544: month must be in 1..12: 1211-45-54
2025-05-31 22:30:14,279 - WARNING - No date found for URL: https://abcnews.go.com/US/federal-prosecutors-seek-death-penalty-accused-ceo-killer/story?id=121145544
2025-05-31 22:30:14,279 - INFO - Successfully extracted date 2025-04-27T00:00:00 from URL: https://hackaday.com/2025/04/27/quick-and-easy-digital-stethoscope-keeps-tabs-on-cat/
2025-05-31 22:30:14,279 - WARNING - Error parsing date from URL https://gizmodo.com/gillian-anderson-x-files-reboot-ryan-coogler-2000596828: month must be in 1..12: 2000-59-68
2025-05-31 22:30:14,279 - WARNING - No date found for URL: https://gizmodo.com/gillian-anderson-x-files-reboot-ryan-coogler-2000596828
2025-05-31 22:30:14,284 - WARNING - Error parsing date from URL https://gizmodo.com/usps-is-getting-in-on-trumps-anti-immigrant-crackdowns-2000596317: month must be in 1..12: 2000-59-63
2025-05-31 22:30:14,284 - WARNING - No date found for URL: https://gizmodo.com/usps-is-getting-in-on-trumps-anti-immigrant-crackdowns-2000596317
2025-05-31 22:30:14,284 - INFO - Successfully extracted date 2025-05-07T00:00:00 from URL: https://www.npr.org/2025/05/07/nx-s1-5388488/three-memphis-police-officers-found-not-guilty-in-the-death-of-tyre-nichols
2025-05-31 22:30:14,285 - WARNING - No date found for URL: https://consent.yahoo.com/v2/collectConsent?sessionId=1_cc-session_e742ac99-dc1b-4fb1-bdde-1140b2e21d6f
2025-05-31 22:30:14,285 - WARNING - No date found for URL: https://www.bbc.com/sport/motorsport/articles/c9wgj8ye4vdo
2025-05-31 22:30:14,285 - WARNING - No date found for URL: https://news.slashdot.org/story/25/05/05/0649225/majority-in-uk-now-self-identify-as-neurodivergent
2025-05-31 22:30:14,285 - WARNING - No date found for URL: https://www.cnet.com/health/nutrition/nad-supplements/
2025-05-31 22:30:14,285 - WARNING - No date found for URL: https://www.cnet.com/health/medical/measles-cases-spread-across-us-mexico-and-canada-learn-how-to-protect-yourself/
2025-05-31 22:30:14,285 - INFO - Successfully extracted date 2025-04-27T00:00:00 from URL: https://www.forbes.com/sites/gilpress/2025/04/27/the-accelerating-state-of-ai-health-in-hospitals-and-homes/
2025-05-31 22:30:14,285 - WARNING - Error parsing date from URL https://www.yahoo.com/news/scientists-uncover-disturbing-threat-increasing-113052253.html: month must be in 1..12: 1130-52-25
2025-05-31 22:30:14,285 - WARNING - No date found for URL: https://www.yahoo.com/news/scientists-uncover-disturbing-threat-increasing-113052253.html
2025-05-31 22:30:14,286 - INFO - Successfully extracted date 2025-05-01T00:00:00 from URL: https://www.npr.org/sections/shots-health-news/2025/05/01/nx-s1-5383599/transgender-gender-affirming-care-trump-hhs
2025-05-31 22:30:14,286 - INFO - Successfully extracted date 2025-05-06T00:00:00 from URL: https://www.forbes.com/sites/partnerreleases/2025/05/06/leading-healthcare-executive-examines-how-ai-big-tech-and-retail-medicine-are-reshaping-the-industry/
2025-05-31 22:30:14,286 - WARNING - No date found for URL: https://www.bbc.com/news/articles/crld171w4k3o
2025-05-31 22:30:14,286 - INFO - Successfully extracted date 2025-05-06T00:00:00 from URL: https://www.yankodesign.com/2025/05/06/dengue-home-test-kit-concept-can-help-with-early-detection-and-medical-intervention/
2025-05-31 22:30:14,286 - INFO - Successfully extracted date 2025-04-28T00:00:00 from URL: https://www.forbes.com/sites/heatherwishartsmith/2025/04/28/ai-and-the-future-of-healthcare-lessons-from-military-medicine/
2025-05-31 22:30:14,287 - WARNING - No date found for URL: https://www.businessinsider.com/trump-research-funding-cuts-nobel-prizes-brain-drain-medicine-ai-2025-4
2025-05-31 22:30:14,287 - WARNING - No date found for URL: https://www.theverge.com/reviews/651375/brondell-swash-thinline-t44-bidet-review
2025-05-31 22:30:14,287 - WARNING - Error parsing date from URL https://gizmodo.com/what-you-learned-about-cell-division-is-probably-wrong-2000597404: month must be in 1..12: 2000-59-74
2025-05-31 22:30:14,287 - WARNING - No date found for URL: https://gizmodo.com/what-you-learned-about-cell-division-is-probably-wrong-2000597404
2025-05-31 22:30:14,287 - WARNING - Error parsing date from URL https://gizmodo.com/never-before-seen-anal-embalming-method-kept-this-european-mummy-preserved-for-nearly-300-years-2000596249: month must be in 1..12: 2000-59-62
2025-05-31 22:30:14,287 - WARNING - No date found for URL: https://gizmodo.com/never-before-seen-anal-embalming-method-kept-this-european-mummy-preserved-for-nearly-300-years-2000596249
2025-05-31 22:30:14,288 - WARNING - Error parsing date from URL https://gizmodo.com/trump-doj-threatens-wikipedias-nonprofit-status-over-alleged-propaganda-2000594928: month must be in 1..12: 2000-59-49
2025-05-31 22:30:14,288 - WARNING - No date found for URL: https://gizmodo.com/trump-doj-threatens-wikipedias-nonprofit-status-over-alleged-propaganda-2000594928
2025-05-31 22:30:14,288 - WARNING - Error parsing date from URL https://gizmodo.com/bmi-is-actually-pretty-accurate-at-measuring-american-obesity-study-finds-2000594382: month must be in 1..12: 2000-59-43
2025-05-31 22:30:14,288 - WARNING - No date found for URL: https://gizmodo.com/bmi-is-actually-pretty-accurate-at-measuring-american-obesity-study-finds-2000594382
2025-05-31 22:30:14,288 - WARNING - Error parsing date from URL https://abcnews.go.com/Health/hhs-firings-questioning-safety-vaccines-trump-administration-attacking/story?id=121125793: month must be in 1..12: 1211-25-79
2025-05-31 22:30:14,288 - WARNING - No date found for URL: https://abcnews.go.com/Health/hhs-firings-questioning-safety-vaccines-trump-administration-attacking/story?id=121125793
2025-05-31 22:30:14,288 - INFO - Successfully extracted date 2025-04-24T00:00:00 from URL: https://www.forbes.com/councils/forbesbusinesscouncil/2025/04/24/the-economic-and-social-consequences-of-the-womens-health-gap/
2025-05-31 22:30:14,289 - WARNING - No date found for URL: https://www.slashfilm.com/1836948/netflix-medical-k-drama-misrepresenting-disease-doctor-cha/
2025-05-31 22:30:14,289 - WARNING - Error parsing date from URL https://abcnews.go.com/US/boat-washes-ashore-san-diego-3-dead-4/story?id=121475296: month must be in 1..12: 1214-75-29
2025-05-31 22:30:14,289 - WARNING - No date found for URL: https://abcnews.go.com/US/boat-washes-ashore-san-diego-3-dead-4/story?id=121475296
2025-05-31 22:30:14,289 - WARNING - No date found for URL: https://www.businessinsider.com/eric-stonestreet-modern-family-weight-loss-type-2-diabetes-mounjaro-2025-5
2025-05-31 22:30:14,289 - WARNING - Error parsing date from URL https://www.yahoo.com/news/former-abercrombie-fitch-ceo-ruled-235805549.html: day is out of range for month: 2358-05-54
2025-05-31 22:30:14,289 - WARNING - No date found for URL: https://www.yahoo.com/news/former-abercrombie-fitch-ceo-ruled-235805549.html
2025-05-31 22:30:14,289 - WARNING - No date found for URL: https://www.theverge.com/politics/663114/surgeon-general-doge-casey-means-sam-corcos-startup-levels-doge
2025-05-31 22:30:14,289 - WARNING - Error parsing date from URL https://gizmodo.com/injectable-male-birth-control-effective-for-at-least-2-years-says-biotech-startup-2000594143: month must be in 1..12: 2000-59-41
2025-05-31 22:30:14,289 - WARNING - No date found for URL: https://gizmodo.com/injectable-male-birth-control-effective-for-at-least-2-years-says-biotech-startup-2000594143
2025-05-31 22:30:14,289 - WARNING - No date found for URL: https://www.businessinsider.com/high-paying-healthcare-jobs-high-school-no-bachelors-masters-degree-2025-5
2025-05-31 22:30:14,289 - WARNING - No date found for URL: https://www.businessinsider.com/crowdfunding-medical-bills-disabled-trans-woman-medicaid-healthcare-2025-5
2025-05-31 22:30:14,289 - WARNING - Error parsing date from URL https://gizmodo.com/semaglutide-shows-major-promise-for-treating-serious-liver-disease-2000596492: month must be in 1..12: 2000-59-64
2025-05-31 22:30:14,289 - WARNING - No date found for URL: https://gizmodo.com/semaglutide-shows-major-promise-for-treating-serious-liver-disease-2000596492
2025-05-31 22:30:14,289 - INFO - Successfully extracted date 2025-04-23T00:00:00 from URL: https://hackaday.com/2025/04/23/to-see-within-detecting-x-rays/
2025-05-31 22:30:14,289 - WARNING - No date found for URL: https://venturebeat.com/ai/breaking-the-intellectual-bottleneck-how-ai-is-computing-the-previously-uncomputible-in-healthcare/
2025-05-31 22:30:14,289 - WARNING - Error parsing date from URL https://gizmodo.com/americas-science-agency-says-it-will-cut-funding-to-researchers-who-protest-israel-2000593036: month must be in 1..12: 2000-59-30
2025-05-31 22:30:14,289 - WARNING - No date found for URL: https://gizmodo.com/americas-science-agency-says-it-will-cut-funding-to-researchers-who-protest-israel-2000593036
2025-05-31 22:30:14,289 - WARNING - Error parsing date from URL https://consent.yahoo.com/v2/collectConsent?sessionId=1_cc-session_c6fe0efd-a35d-4c5e-b553-48143535541d: month must be in 1..12: 4814-35-35
2025-05-31 22:30:14,289 - WARNING - No date found for URL: https://consent.yahoo.com/v2/collectConsent?sessionId=1_cc-session_c6fe0efd-a35d-4c5e-b553-48143535541d
2025-05-31 22:30:14,289 - WARNING - No date found for URL: https://www.bbc.com/news/articles/c33z83830x4o
2025-05-31 22:30:14,289 - WARNING - No date found for URL: https://slate.com/technology/2025/04/dogs-pets-pill-longevity-extend-lifespan-loyal-veterinary-ethics.html
2025-05-31 22:30:14,289 - WARNING - Error parsing date from URL https://abcnews.go.com/US/immunotherapy-drug-capable-eliminating-tumors-early-stage-cancers/story?id=121257808: month must be in 1..12: 1212-57-80
2025-05-31 22:30:14,289 - WARNING - No date found for URL: https://abcnews.go.com/US/immunotherapy-drug-capable-eliminating-tumors-early-stage-cancers/story?id=121257808
2025-05-31 22:30:14,289 - INFO - Successfully extracted date 2025-04-24T00:00:00 from URL: https://www.npr.org/2025/04/24/nx-s1-5373964/stop-taking-ozempic-healthy-weight-loss
2025-05-31 22:30:14,289 - INFO - Successfully extracted date 2025-05-07T00:00:00 from URL: https://www.npr.org/2025/05/07/nx-s1-5389962/trump-casey-means-surgeon-general
2025-05-31 22:30:14,289 - WARNING - Error parsing date from URL https://www.sciencedaily.com/releases/2025/04/250424121645.htm: month must be in 1..12: 2504-24-12
2025-05-31 22:30:14,289 - WARNING - No date found for URL: https://www.sciencedaily.com/releases/2025/04/250424121645.htm
2025-05-31 22:30:14,289 - WARNING - No date found for URL: https://newrepublic.com/post/194997/trump-surgeon-general-wellness-influencer-casey-means
2025-05-31 22:30:14,289 - WARNING - No date found for URL: https://www.wired.com/story/cbp-rescinds-policies-on-care-of-pregnant-women-infants/
2025-05-31 22:30:14,289 - WARNING - No date found for URL: https://www.businessinsider.com/ai-startup-unicorns-with-tiny-teams-2025-5
2025-05-31 22:30:14,289 - WARNING - No date found for URL: https://www.businessinsider.com/insurance-fertility-ivf-costs-hsa-millennial-couple-infertility-2025-3
2025-05-31 22:30:14,289 - WARNING - No date found for URL: https://www.businessinsider.com/moved-from-us-to-australia-better-quality-of-life-2025-4
2025-05-31 22:30:14,289 - WARNING - Error parsing date from URL https://gizmodo.com/how-trumps-proposed-budget-will-gut-public-health-in-america-2000597521: month must be in 1..12: 2000-59-75
2025-05-31 22:30:14,289 - WARNING - No date found for URL: https://gizmodo.com/how-trumps-proposed-budget-will-gut-public-health-in-america-2000597521
2025-05-31 22:30:14,289 - WARNING - No date found for URL: https://science.slashdot.org/story/25/05/05/2050232/unitedhealth-now-has-1000-ai-applications-in-production
2025-05-31 22:30:14,289 - WARNING - No date found for URL: https://www.businessinsider.com/amazon-10-million-raise-hospital-ai-agents-pitch-deck-ascertain-2025-5
2025-05-31 22:30:14,294 - WARNING - Error parsing date from URL https://gizmodo.com/the-fda-just-approved-the-first-crispr-edited-pigs-for-food-2000597425: month must be in 1..12: 2000-59-74
2025-05-31 22:30:14,294 - WARNING - No date found for URL: https://gizmodo.com/the-fda-just-approved-the-first-crispr-edited-pigs-for-food-2000597425
2025-05-31 22:30:14,294 - WARNING - No date found for URL: https://consent.yahoo.com/v2/collectConsent?sessionId=1_cc-session_4527fa09-cc93-46b3-b0ca-e46a293c65a1
2025-05-31 22:30:14,294 - WARNING - Error parsing date from URL https://gizmodo.com/pam-bondi-claims-trump-saved-75-of-americans-from-a-fentanyl-overdose-2000596896: month must be in 1..12: 2000-59-68
2025-05-31 22:30:14,294 - WARNING - No date found for URL: https://gizmodo.com/pam-bondi-claims-trump-saved-75-of-americans-from-a-fentanyl-overdose-2000596896
2025-05-31 22:30:14,294 - WARNING - No date found for URL: https://www.businessinsider.com/trump-what-china-exports-besides-toys-2025-5
2025-05-31 22:30:14,294 - INFO - Successfully extracted date 2025-04-27T00:00:00 from URL: https://www.npr.org/2025/04/27/nx-s1-5378668/the-dea-says-114-immigrants-in-the-u-s-illegally-were-arrested-at-a-colorado-nightclub
2025-05-31 22:30:14,295 - INFO - Successfully extracted date 2025-04-23T00:00:00 from URL: https://www.npr.org/2025/04/23/nx-s1-5372695/autism-nih-rfk-medical-records
2025-05-31 22:30:14,295 - WARNING - No date found for URL: https://consent.yahoo.com/v2/collectConsent?sessionId=1_cc-session_21c8679d-384a-43cc-8572-b5203c9ec9a7
2025-05-31 22:30:14,295 - INFO - Successfully extracted date 2025-05-04T00:00:00 from URL: https://www.npr.org/2025/05/04/nx-s1-5386456/mexico-president-rejected-trumps-plan-us-troops-across-border
2025-05-31 22:30:14,295 - WARNING - No date found for URL: https://www.businessinsider.com/costco-gold-buyers-rewards-price-surge-2025-4
2025-05-31 22:30:14,295 - WARNING - No date found for URL: https://www.scientificamerican.com/article/the-scary-implications-of-u-s-government-attacks-on-medical-journals/
2025-05-31 22:30:14,295 - WARNING - Error parsing date from URL https://qz.com/hims-hers-novo-nordisk-stock-wegovy-ozempic-deal-1851778237: month must be in 1..12: 1851-77-82
2025-05-31 22:30:14,296 - WARNING - No date found for URL: https://qz.com/hims-hers-novo-nordisk-stock-wegovy-ozempic-deal-1851778237
2025-05-31 22:30:14,296 - WARNING - No date found for URL: https://thenextweb.com/news/fertility-startup-rejuvenates-human-eggs-to-boost-chances-of-conception
2025-05-31 22:30:14,296 - WARNING - No date found for URL: https://www.bbc.com/news/articles/creq0xd4y51o
2025-05-31 22:30:14,296 - WARNING - Error parsing date from URL https://www.yahoo.com/news/nbcs-mike-tirico-had-medical-212902370.html: day is out of range for month: 2129-02-37
2025-05-31 22:30:14,296 - WARNING - No date found for URL: https://www.yahoo.com/news/nbcs-mike-tirico-had-medical-212902370.html
2025-05-31 22:30:14,296 - WARNING - Error parsing date from URL https://gizmodo.com/researchers-tattooed-tardigrades-they-promise-it-will-be-useful-2000593853: month must be in 1..12: 2000-59-38
2025-05-31 22:30:14,296 - WARNING - No date found for URL: https://gizmodo.com/researchers-tattooed-tardigrades-they-promise-it-will-be-useful-2000593853
2025-05-31 22:30:14,296 - WARNING - No date found for URL: https://www.bbc.com/news/videos/ceqrp4wvvx1o
2025-05-31 22:30:14,296 - WARNING - No date found for URL: https://www.businessinsider.com/nutrition-nourish-unicorn-jp-morgan-growth-series-b-2025-4
2025-05-31 22:30:14,297 - INFO - Successfully extracted date 2025-05-06T00:00:00 from URL: https://www.npr.org/2025/05/06/nx-s1-5388198/trump-abortion-drug-case
2025-05-31 22:30:14,297 - WARNING - Error parsing date from URL https://gizmodo.com/new-weight-loss-drugs-are-sending-a-surprising-number-of-americans-to-the-emergency-room-2000595716: month must be in 1..12: 2000-59-57
2025-05-31 22:30:14,297 - WARNING - No date found for URL: https://gizmodo.com/new-weight-loss-drugs-are-sending-a-surprising-number-of-americans-to-the-emergency-room-2000595716
2025-05-31 22:30:14,297 - WARNING - No date found for URL: https://consent.yahoo.com/v2/collectConsent?sessionId=1_cc-session_c7904365-373a-49bd-bd06-ad3450a116ea
2025-05-31 22:30:14,297 - WARNING - Error parsing date from URL https://qz.com/trump-tariffs-pharma-companies-astrazeneca-gsk-1851779389: month must be in 1..12: 1851-77-93
2025-05-31 22:30:14,297 - WARNING - No date found for URL: https://qz.com/trump-tariffs-pharma-companies-astrazeneca-gsk-1851779389
2025-05-31 22:30:14,297 - WARNING - Error parsing date from URL https://www.yahoo.com/news/11-arrested-5-wanted-ga-210411716.html: day is out of range for month: 2104-11-71
2025-05-31 22:30:14,297 - WARNING - No date found for URL: https://www.yahoo.com/news/11-arrested-5-wanted-ga-210411716.html
2025-05-31 22:30:14,297 - WARNING - Error parsing date from URL https://www.yahoo.com/news/san-francisco-inches-closer-adopting-005240158.html: month must be in 1..12: 0052-40-15
2025-05-31 22:30:14,297 - WARNING - No date found for URL: https://www.yahoo.com/news/san-francisco-inches-closer-adopting-005240158.html
2025-05-31 22:30:14,297 - INFO - Successfully extracted date 2025-05-08T00:00:00 from URL: https://www.npr.org/2025/05/08/nx-s1-5391310/kennedy-autism-registry-database-hhs-nih-medicare-medicaid
2025-05-31 22:30:14,297 - INFO - Successfully extracted date 2025-04-24T00:00:00 from URL: https://www.npr.org/2025/04/24/nx-s1-5374372/millions-of-american-kids-have-an-adhd-diagnosis-is-their-treatment-effective
2025-05-31 22:30:14,297 - WARNING - No date found for URL: https://www.theverge.com/news/661695/google-simplify-ai-gemini-feature-ios-app
2025-05-31 22:30:14,299 - WARNING - Error parsing date from URL https://www.yahoo.com/news/luis-antonio-tagle-philippine-cardinal-035147259.html: month must be in 1..12: 0351-47-25
2025-05-31 22:30:14,299 - WARNING - No date found for URL: https://www.yahoo.com/news/luis-antonio-tagle-philippine-cardinal-035147259.html
2025-05-31 22:30:14,299 - WARNING - No date found for URL: https://slate.com/podcasts/what-next/2025/05/trumps-tariffs-are-in-the-supply-chain
2025-05-31 22:30:14,299 - INFO - Successfully extracted date 2025-04-30T00:00:00 from URL: https://www.npr.org/sections/shots-health-news/2025/04/30/g-s1-63345/alzheimers-survey-americans-testing-treatment-risky
2025-05-31 22:30:14,299 - INFO - Successfully extracted date 2025-05-03T00:00:00 from URL: https://www.yankodesign.com/2025/05/03/origami-in-industrial-design-unlocking-the-art-of-precision/
2025-05-31 22:30:14,299 - WARNING - No date found for URL: https://www.bbc.com/news/articles/cnv56q82vnro
2025-05-31 22:30:14,299 - WARNING - No date found for URL: https://blog.google/technology/research/google-research-scientific-discovery/
2025-05-31 22:30:14,299 - WARNING - Error parsing date from URL https://abcnews.go.com/Health/concern-after-hhs-report-advocates-therapy-trans-kids/story?id=121372589: month must be in 1..12: 1213-72-58
2025-05-31 22:30:14,299 - WARNING - No date found for URL: https://abcnews.go.com/Health/concern-after-hhs-report-advocates-therapy-trans-kids/story?id=121372589
2025-05-31 22:30:14,299 - INFO - Successfully extracted date 2505-07-14T00:00:00 from URL: https://www.sciencedaily.com/releases/2025/05/250507141132.htm
2025-05-31 22:30:14,299 - WARNING - Error parsing date from URL https://abcnews.go.com/US/luigi-mangione-federal-arraignment/story?id=121136124: month must be in 1..12: 1211-36-12
2025-05-31 22:30:14,299 - WARNING - No date found for URL: https://abcnews.go.com/US/luigi-mangione-federal-arraignment/story?id=121136124
2025-05-31 22:30:14,299 - WARNING - No date found for URL: https://www.scientificamerican.com/podcast/episode/new-data-released-from-nasas-juno-mission-and-new-satellites-launched-for/
2025-05-31 22:30:14,299 - WARNING - No date found for URL: https://www.aljazeera.com/news/2025/4/23/trade-war-with-china-to-hit-us-healthcare
2025-05-31 22:30:14,299 - WARNING - No date found for URL: https://www.foxnews.com/tech/blue-shield-exposed-4-7m-patients-health-data-google-2
2025-05-31 22:30:14,299 - WARNING - No date found for URL: https://time.com/7281894/new-hhs-report-exploratory-therapy-transgender-youth/
2025-05-31 22:30:14,299 - WARNING - No date found for URL: https://www.usmagazine.com/celebrity-news/news/gene-hackman-autopsy-reveals-fasting-and-acetone-levels-page/
2025-05-31 22:30:14,299 - INFO - Successfully extracted date 2025-04-30T00:00:00 from URL: https://www.forbes.com/sites/chrissamcfarlane/2025/04/30/4-hurdles-to-overcome-for-healthcare-daos-to-be-used-outside-of-funding-research/
2025-05-31 22:30:14,299 - INFO - Successfully extracted date 1103-05-14T00:00:00 from URL: https://ca.finance.yahoo.com/news/bristol-myers-posts-better-expected-110305143.html
2025-05-31 22:30:14,299 - WARNING - Error parsing date from URL https://consent.yahoo.com/v2/collectConsent?sessionId=1_cc-session_00f63387-3c5d-42b0-b92d-ff528148013a: month must be in 1..12: 5281-48-01
2025-05-31 22:30:14,299 - WARNING - No date found for URL: https://consent.yahoo.com/v2/collectConsent?sessionId=1_cc-session_00f63387-3c5d-42b0-b92d-ff528148013a
2025-05-31 22:30:14,299 - WARNING - No date found for URL: https://consent.yahoo.com/v2/collectConsent?sessionId=1_cc-session_252590d3-a9bc-4fb0-b44a-fb2079dc7df1
2025-05-31 22:30:14,299 - WARNING - No date found for URL: https://consent.yahoo.com/v2/collectConsent?sessionId=1_cc-session_22017dcb-caa2-4844-a24c-7765438c1da1
2025-05-31 22:30:14,299 - WARNING - No date found for URL: https://thehackernews.com/2025/04/automating-zero-trust-in-healthcare.html
2025-05-31 22:30:14,299 - WARNING - Error parsing date from URL https://abcnews.go.com/US/federal-prosecutors-seek-death-penalty-accused-ceo-killer/story?id=121145544: month must be in 1..12: 1211-45-54
2025-05-31 22:30:14,299 - WARNING - No date found for URL: https://abcnews.go.com/US/federal-prosecutors-seek-death-penalty-accused-ceo-killer/story?id=121145544
2025-05-31 22:30:14,299 - INFO - Successfully extracted date 2025-04-27T00:00:00 from URL: https://hackaday.com/2025/04/27/quick-and-easy-digital-stethoscope-keeps-tabs-on-cat/
2025-05-31 22:30:14,299 - WARNING - Error parsing date from URL https://gizmodo.com/gillian-anderson-x-files-reboot-ryan-coogler-2000596828: month must be in 1..12: 2000-59-68
2025-05-31 22:30:14,299 - WARNING - No date found for URL: https://gizmodo.com/gillian-anderson-x-files-reboot-ryan-coogler-2000596828
2025-05-31 22:30:14,299 - WARNING - Error parsing date from URL https://gizmodo.com/usps-is-getting-in-on-trumps-anti-immigrant-crackdowns-2000596317: month must be in 1..12: 2000-59-63
2025-05-31 22:30:14,299 - WARNING - No date found for URL: https://gizmodo.com/usps-is-getting-in-on-trumps-anti-immigrant-crackdowns-2000596317
2025-05-31 22:30:14,303 - INFO - Successfully extracted date 2025-05-07T00:00:00 from URL: https://www.npr.org/2025/05/07/nx-s1-5388488/three-memphis-police-officers-found-not-guilty-in-the-death-of-tyre-nichols
2025-05-31 22:30:14,303 - WARNING - No date found for URL: https://consent.yahoo.com/v2/collectConsent?sessionId=1_cc-session_e742ac99-dc1b-4fb1-bdde-1140b2e21d6f
2025-05-31 22:30:14,304 - WARNING - No date found for URL: https://www.bbc.com/sport/motorsport/articles/c9wgj8ye4vdo
2025-05-31 22:30:14,304 - WARNING - No date found for URL: https://news.slashdot.org/story/25/05/05/0649225/majority-in-uk-now-self-identify-as-neurodivergent
2025-05-31 22:30:14,305 - WARNING - No date found for URL: https://www.cnet.com/health/nutrition/nad-supplements/
2025-05-31 22:30:14,305 - WARNING - No date found for URL: https://www.cnet.com/health/medical/measles-cases-spread-across-us-mexico-and-canada-learn-how-to-protect-yourself/
2025-05-31 22:30:14,305 - INFO - Successfully extracted date 2025-04-27T00:00:00 from URL: https://www.forbes.com/sites/gilpress/2025/04/27/the-accelerating-state-of-ai-health-in-hospitals-and-homes/
2025-05-31 22:30:14,305 - WARNING - Error parsing date from URL https://www.yahoo.com/news/scientists-uncover-disturbing-threat-increasing-113052253.html: month must be in 1..12: 1130-52-25
2025-05-31 22:30:14,305 - WARNING - No date found for URL: https://www.yahoo.com/news/scientists-uncover-disturbing-threat-increasing-113052253.html
2025-05-31 22:30:14,305 - INFO - Successfully extracted date 2025-05-01T00:00:00 from URL: https://www.npr.org/sections/shots-health-news/2025/05/01/nx-s1-5383599/transgender-gender-affirming-care-trump-hhs
2025-05-31 22:30:14,305 - INFO - Successfully extracted date 2025-05-06T00:00:00 from URL: https://www.forbes.com/sites/partnerreleases/2025/05/06/leading-healthcare-executive-examines-how-ai-big-tech-and-retail-medicine-are-reshaping-the-industry/
2025-05-31 22:30:14,305 - WARNING - No date found for URL: https://www.bbc.com/news/articles/crld171w4k3o
2025-05-31 22:30:14,306 - INFO - Successfully extracted date 2025-05-06T00:00:00 from URL: https://www.yankodesign.com/2025/05/06/dengue-home-test-kit-concept-can-help-with-early-detection-and-medical-intervention/
2025-05-31 22:30:14,306 - INFO - Successfully extracted date 2025-04-28T00:00:00 from URL: https://www.forbes.com/sites/heatherwishartsmith/2025/04/28/ai-and-the-future-of-healthcare-lessons-from-military-medicine/
2025-05-31 22:30:14,306 - WARNING - No date found for URL: https://www.businessinsider.com/trump-research-funding-cuts-nobel-prizes-brain-drain-medicine-ai-2025-4
2025-05-31 22:30:14,306 - WARNING - No date found for URL: https://www.theverge.com/reviews/651375/brondell-swash-thinline-t44-bidet-review
2025-05-31 22:30:14,306 - WARNING - Error parsing date from URL https://gizmodo.com/what-you-learned-about-cell-division-is-probably-wrong-2000597404: month must be in 1..12: 2000-59-74
2025-05-31 22:30:14,306 - WARNING - No date found for URL: https://gizmodo.com/what-you-learned-about-cell-division-is-probably-wrong-2000597404
2025-05-31 22:30:14,306 - WARNING - Error parsing date from URL https://gizmodo.com/never-before-seen-anal-embalming-method-kept-this-european-mummy-preserved-for-nearly-300-years-2000596249: month must be in 1..12: 2000-59-62
2025-05-31 22:30:14,306 - WARNING - No date found for URL: https://gizmodo.com/never-before-seen-anal-embalming-method-kept-this-european-mummy-preserved-for-nearly-300-years-2000596249
2025-05-31 22:30:14,307 - WARNING - Error parsing date from URL https://gizmodo.com/trump-doj-threatens-wikipedias-nonprofit-status-over-alleged-propaganda-2000594928: month must be in 1..12: 2000-59-49
2025-05-31 22:30:14,307 - WARNING - No date found for URL: https://gizmodo.com/trump-doj-threatens-wikipedias-nonprofit-status-over-alleged-propaganda-2000594928
2025-05-31 22:30:14,307 - WARNING - Error parsing date from URL https://gizmodo.com/bmi-is-actually-pretty-accurate-at-measuring-american-obesity-study-finds-2000594382: month must be in 1..12: 2000-59-43
2025-05-31 22:30:14,307 - WARNING - No date found for URL: https://gizmodo.com/bmi-is-actually-pretty-accurate-at-measuring-american-obesity-study-finds-2000594382
2025-05-31 22:30:14,307 - WARNING - Error parsing date from URL https://abcnews.go.com/Health/hhs-firings-questioning-safety-vaccines-trump-administration-attacking/story?id=121125793: month must be in 1..12: 1211-25-79
2025-05-31 22:30:14,307 - WARNING - No date found for URL: https://abcnews.go.com/Health/hhs-firings-questioning-safety-vaccines-trump-administration-attacking/story?id=121125793
2025-05-31 22:30:14,307 - INFO - Successfully extracted date 2025-04-24T00:00:00 from URL: https://www.forbes.com/councils/forbesbusinesscouncil/2025/04/24/the-economic-and-social-consequences-of-the-womens-health-gap/
2025-05-31 22:30:14,307 - WARNING - No date found for URL: https://www.slashfilm.com/1836948/netflix-medical-k-drama-misrepresenting-disease-doctor-cha/
2025-05-31 22:30:14,308 - WARNING - Error parsing date from URL https://abcnews.go.com/US/boat-washes-ashore-san-diego-3-dead-4/story?id=121475296: month must be in 1..12: 1214-75-29
2025-05-31 22:30:14,308 - WARNING - No date found for URL: https://abcnews.go.com/US/boat-washes-ashore-san-diego-3-dead-4/story?id=121475296
2025-05-31 22:30:14,308 - WARNING - No date found for URL: https://www.businessinsider.com/eric-stonestreet-modern-family-weight-loss-type-2-diabetes-mounjaro-2025-5
2025-05-31 22:30:14,308 - WARNING - Error parsing date from URL https://www.yahoo.com/news/former-abercrombie-fitch-ceo-ruled-235805549.html: day is out of range for month: 2358-05-54
2025-05-31 22:30:14,308 - WARNING - No date found for URL: https://www.yahoo.com/news/former-abercrombie-fitch-ceo-ruled-235805549.html
2025-05-31 22:30:14,308 - WARNING - No date found for URL: https://www.theverge.com/politics/663114/surgeon-general-doge-casey-means-sam-corcos-startup-levels-doge
2025-05-31 22:30:14,308 - WARNING - Error parsing date from URL https://gizmodo.com/injectable-male-birth-control-effective-for-at-least-2-years-says-biotech-startup-2000594143: month must be in 1..12: 2000-59-41
2025-05-31 22:30:14,308 - WARNING - No date found for URL: https://gizmodo.com/injectable-male-birth-control-effective-for-at-least-2-years-says-biotech-startup-2000594143
2025-05-31 22:30:14,308 - WARNING - No date found for URL: https://www.businessinsider.com/high-paying-healthcare-jobs-high-school-no-bachelors-masters-degree-2025-5
2025-05-31 22:30:14,308 - WARNING - No date found for URL: https://www.businessinsider.com/crowdfunding-medical-bills-disabled-trans-woman-medicaid-healthcare-2025-5
2025-05-31 22:30:14,309 - WARNING - Error parsing date from URL https://gizmodo.com/semaglutide-shows-major-promise-for-treating-serious-liver-disease-2000596492: month must be in 1..12: 2000-59-64
2025-05-31 22:30:14,309 - WARNING - No date found for URL: https://gizmodo.com/semaglutide-shows-major-promise-for-treating-serious-liver-disease-2000596492
2025-05-31 22:30:14,309 - INFO - Successfully extracted date 2025-04-23T00:00:00 from URL: https://hackaday.com/2025/04/23/to-see-within-detecting-x-rays/
2025-05-31 22:30:14,310 - WARNING - No date found for URL: https://venturebeat.com/ai/breaking-the-intellectual-bottleneck-how-ai-is-computing-the-previously-uncomputible-in-healthcare/
2025-05-31 22:30:14,310 - WARNING - Error parsing date from URL https://gizmodo.com/americas-science-agency-says-it-will-cut-funding-to-researchers-who-protest-israel-2000593036: month must be in 1..12: 2000-59-30
2025-05-31 22:30:14,310 - WARNING - No date found for URL: https://gizmodo.com/americas-science-agency-says-it-will-cut-funding-to-researchers-who-protest-israel-2000593036
2025-05-31 22:30:14,310 - WARNING - Error parsing date from URL https://consent.yahoo.com/v2/collectConsent?sessionId=1_cc-session_c6fe0efd-a35d-4c5e-b553-48143535541d: month must be in 1..12: 4814-35-35
2025-05-31 22:30:14,310 - WARNING - No date found for URL: https://consent.yahoo.com/v2/collectConsent?sessionId=1_cc-session_c6fe0efd-a35d-4c5e-b553-48143535541d
2025-05-31 22:30:14,310 - WARNING - No date found for URL: https://www.bbc.com/news/articles/c33z83830x4o
2025-05-31 22:30:14,310 - WARNING - No date found for URL: https://slate.com/technology/2025/04/dogs-pets-pill-longevity-extend-lifespan-loyal-veterinary-ethics.html
2025-05-31 22:30:14,310 - WARNING - Error parsing date from URL https://abcnews.go.com/US/immunotherapy-drug-capable-eliminating-tumors-early-stage-cancers/story?id=121257808: month must be in 1..12: 1212-57-80
2025-05-31 22:30:14,311 - WARNING - No date found for URL: https://abcnews.go.com/US/immunotherapy-drug-capable-eliminating-tumors-early-stage-cancers/story?id=121257808
2025-05-31 22:30:14,311 - INFO - Successfully extracted date 2025-04-24T00:00:00 from URL: https://www.npr.org/2025/04/24/nx-s1-5373964/stop-taking-ozempic-healthy-weight-loss
2025-05-31 22:30:14,311 - INFO - Successfully extracted date 2025-05-07T00:00:00 from URL: https://www.npr.org/2025/05/07/nx-s1-5389962/trump-casey-means-surgeon-general
2025-05-31 22:30:14,311 - WARNING - Error parsing date from URL https://www.sciencedaily.com/releases/2025/04/250424121645.htm: month must be in 1..12: 2504-24-12
2025-05-31 22:30:14,311 - WARNING - No date found for URL: https://www.sciencedaily.com/releases/2025/04/250424121645.htm
2025-05-31 22:30:14,311 - WARNING - No date found for URL: https://newrepublic.com/post/194997/trump-surgeon-general-wellness-influencer-casey-means
2025-05-31 22:30:14,311 - WARNING - No date found for URL: https://www.wired.com/story/cbp-rescinds-policies-on-care-of-pregnant-women-infants/
2025-05-31 22:30:14,311 - WARNING - No date found for URL: https://www.businessinsider.com/ai-startup-unicorns-with-tiny-teams-2025-5
2025-05-31 22:30:14,311 - WARNING - No date found for URL: https://www.businessinsider.com/insurance-fertility-ivf-costs-hsa-millennial-couple-infertility-2025-3
2025-05-31 22:30:14,311 - WARNING - No date found for URL: https://www.businessinsider.com/moved-from-us-to-australia-better-quality-of-life-2025-4
2025-05-31 22:30:14,311 - WARNING - Error parsing date from URL https://gizmodo.com/how-trumps-proposed-budget-will-gut-public-health-in-america-2000597521: month must be in 1..12: 2000-59-75
2025-05-31 22:30:14,311 - WARNING - No date found for URL: https://gizmodo.com/how-trumps-proposed-budget-will-gut-public-health-in-america-2000597521
2025-05-31 22:30:14,311 - WARNING - No date found for URL: https://science.slashdot.org/story/25/05/05/2050232/unitedhealth-now-has-1000-ai-applications-in-production
2025-05-31 22:30:14,311 - WARNING - No date found for URL: https://www.businessinsider.com/amazon-10-million-raise-hospital-ai-agents-pitch-deck-ascertain-2025-5
2025-05-31 22:30:14,311 - WARNING - Error parsing date from URL https://gizmodo.com/the-fda-just-approved-the-first-crispr-edited-pigs-for-food-2000597425: month must be in 1..12: 2000-59-74
2025-05-31 22:30:14,311 - WARNING - No date found for URL: https://gizmodo.com/the-fda-just-approved-the-first-crispr-edited-pigs-for-food-2000597425
2025-05-31 22:30:14,311 - WARNING - No date found for URL: https://consent.yahoo.com/v2/collectConsent?sessionId=1_cc-session_4527fa09-cc93-46b3-b0ca-e46a293c65a1
2025-05-31 22:30:14,311 - WARNING - Error parsing date from URL https://gizmodo.com/pam-bondi-claims-trump-saved-75-of-americans-from-a-fentanyl-overdose-2000596896: month must be in 1..12: 2000-59-68
2025-05-31 22:30:14,311 - WARNING - No date found for URL: https://gizmodo.com/pam-bondi-claims-trump-saved-75-of-americans-from-a-fentanyl-overdose-2000596896
2025-05-31 22:30:14,311 - WARNING - No date found for URL: https://www.businessinsider.com/trump-what-china-exports-besides-toys-2025-5
2025-05-31 22:30:14,311 - INFO - Successfully extracted date 2025-04-27T00:00:00 from URL: https://www.npr.org/2025/04/27/nx-s1-5378668/the-dea-says-114-immigrants-in-the-u-s-illegally-were-arrested-at-a-colorado-nightclub
2025-05-31 22:30:14,311 - INFO - Successfully extracted date 2025-04-23T00:00:00 from URL: https://www.npr.org/2025/04/23/nx-s1-5372695/autism-nih-rfk-medical-records
2025-05-31 22:30:14,311 - WARNING - No date found for URL: https://consent.yahoo.com/v2/collectConsent?sessionId=1_cc-session_21c8679d-384a-43cc-8572-b5203c9ec9a7
2025-05-31 22:30:14,311 - INFO - Successfully extracted date 2025-05-04T00:00:00 from URL: https://www.npr.org/2025/05/04/nx-s1-5386456/mexico-president-rejected-trumps-plan-us-troops-across-border
2025-05-31 22:30:14,314 - WARNING - No date found for URL: https://www.businessinsider.com/costco-gold-buyers-rewards-price-surge-2025-4
2025-05-31 22:30:14,314 - WARNING - No date found for URL: https://www.scientificamerican.com/article/the-scary-implications-of-u-s-government-attacks-on-medical-journals/
2025-05-31 22:30:14,314 - WARNING - Error parsing date from URL https://qz.com/hims-hers-novo-nordisk-stock-wegovy-ozempic-deal-1851778237: month must be in 1..12: 1851-77-82
2025-05-31 22:30:14,314 - WARNING - No date found for URL: https://qz.com/hims-hers-novo-nordisk-stock-wegovy-ozempic-deal-1851778237
2025-05-31 22:30:14,314 - WARNING - No date found for URL: https://thenextweb.com/news/fertility-startup-rejuvenates-human-eggs-to-boost-chances-of-conception
2025-05-31 22:30:14,315 - WARNING - No date found for URL: https://www.bbc.com/news/articles/creq0xd4y51o
2025-05-31 22:30:14,315 - WARNING - Error parsing date from URL https://www.yahoo.com/news/nbcs-mike-tirico-had-medical-212902370.html: day is out of range for month: 2129-02-37
2025-05-31 22:30:14,315 - WARNING - No date found for URL: https://www.yahoo.com/news/nbcs-mike-tirico-had-medical-212902370.html
2025-05-31 22:30:14,315 - WARNING - Error parsing date from URL https://gizmodo.com/researchers-tattooed-tardigrades-they-promise-it-will-be-useful-2000593853: month must be in 1..12: 2000-59-38
2025-05-31 22:30:14,315 - WARNING - No date found for URL: https://gizmodo.com/researchers-tattooed-tardigrades-they-promise-it-will-be-useful-2000593853
2025-05-31 22:30:14,315 - WARNING - No date found for URL: https://www.bbc.com/news/videos/ceqrp4wvvx1o
2025-05-31 22:30:14,315 - WARNING - No date found for URL: https://www.businessinsider.com/nutrition-nourish-unicorn-jp-morgan-growth-series-b-2025-4
2025-05-31 22:30:14,316 - INFO - Successfully extracted date 2025-05-06T00:00:00 from URL: https://www.npr.org/2025/05/06/nx-s1-5388198/trump-abortion-drug-case
2025-05-31 22:30:14,316 - WARNING - Error parsing date from URL https://gizmodo.com/new-weight-loss-drugs-are-sending-a-surprising-number-of-americans-to-the-emergency-room-2000595716: month must be in 1..12: 2000-59-57
2025-05-31 22:30:14,316 - WARNING - No date found for URL: https://gizmodo.com/new-weight-loss-drugs-are-sending-a-surprising-number-of-americans-to-the-emergency-room-2000595716
2025-05-31 22:30:14,316 - WARNING - No date found for URL: https://consent.yahoo.com/v2/collectConsent?sessionId=1_cc-session_c7904365-373a-49bd-bd06-ad3450a116ea
2025-05-31 22:30:14,316 - WARNING - Error parsing date from URL https://qz.com/trump-tariffs-pharma-companies-astrazeneca-gsk-1851779389: month must be in 1..12: 1851-77-93
2025-05-31 22:30:14,316 - WARNING - No date found for URL: https://qz.com/trump-tariffs-pharma-companies-astrazeneca-gsk-1851779389
2025-05-31 22:30:14,316 - WARNING - Error parsing date from URL https://www.yahoo.com/news/11-arrested-5-wanted-ga-210411716.html: day is out of range for month: 2104-11-71
2025-05-31 22:30:14,316 - WARNING - No date found for URL: https://www.yahoo.com/news/11-arrested-5-wanted-ga-210411716.html
2025-05-31 22:30:14,317 - WARNING - Error parsing date from URL https://www.yahoo.com/news/san-francisco-inches-closer-adopting-005240158.html: month must be in 1..12: 0052-40-15
2025-05-31 22:30:14,317 - WARNING - No date found for URL: https://www.yahoo.com/news/san-francisco-inches-closer-adopting-005240158.html
2025-05-31 22:30:14,317 - INFO - Successfully extracted date 2025-05-08T00:00:00 from URL: https://www.npr.org/2025/05/08/nx-s1-5391310/kennedy-autism-registry-database-hhs-nih-medicare-medicaid
2025-05-31 22:30:14,317 - INFO - Successfully extracted date 2025-04-24T00:00:00 from URL: https://www.npr.org/2025/04/24/nx-s1-5374372/millions-of-american-kids-have-an-adhd-diagnosis-is-their-treatment-effective
2025-05-31 22:30:14,317 - WARNING - No date found for URL: https://www.theverge.com/news/661695/google-simplify-ai-gemini-feature-ios-app
2025-05-31 22:30:14,317 - WARNING - Error parsing date from URL https://www.yahoo.com/news/luis-antonio-tagle-philippine-cardinal-035147259.html: month must be in 1..12: 0351-47-25
2025-05-31 22:30:14,317 - WARNING - No date found for URL: https://www.yahoo.com/news/luis-antonio-tagle-philippine-cardinal-035147259.html
2025-05-31 22:30:14,317 - WARNING - No date found for URL: https://slate.com/podcasts/what-next/2025/05/trumps-tariffs-are-in-the-supply-chain
2025-05-31 22:30:14,318 - INFO - Successfully extracted date 2025-04-30T00:00:00 from URL: https://www.npr.org/sections/shots-health-news/2025/04/30/g-s1-63345/alzheimers-survey-americans-testing-treatment-risky
2025-05-31 22:30:14,318 - INFO - Successfully extracted date 2025-05-03T00:00:00 from URL: https://www.yankodesign.com/2025/05/03/origami-in-industrial-design-unlocking-the-art-of-precision/
2025-05-31 22:30:14,318 - WARNING - No date found for URL: https://www.bbc.com/news/articles/cnv56q82vnro
2025-05-31 22:30:14,318 - WARNING - No date found for URL: https://blog.google/technology/research/google-research-scientific-discovery/
2025-05-31 22:30:14,318 - WARNING - Error parsing date from URL https://abcnews.go.com/Health/concern-after-hhs-report-advocates-therapy-trans-kids/story?id=121372589: month must be in 1..12: 1213-72-58
2025-05-31 22:30:14,318 - WARNING - No date found for URL: https://abcnews.go.com/Health/concern-after-hhs-report-advocates-therapy-trans-kids/story?id=121372589
2025-05-31 22:30:14,318 - INFO - Successfully extracted date 2505-07-14T00:00:00 from URL: https://www.sciencedaily.com/releases/2025/05/250507141132.htm
2025-05-31 22:30:14,319 - WARNING - Error parsing date from URL https://abcnews.go.com/US/luigi-mangione-federal-arraignment/story?id=121136124: month must be in 1..12: 1211-36-12
2025-05-31 22:30:14,319 - WARNING - No date found for URL: https://abcnews.go.com/US/luigi-mangione-federal-arraignment/story?id=121136124
2025-05-31 22:30:14,319 - WARNING - No date found for URL: https://www.scientificamerican.com/podcast/episode/new-data-released-from-nasas-juno-mission-and-new-satellites-launched-for/
2025-05-31 22:30:14,319 - WARNING - No date found for URL: https://www.aljazeera.com/news/2025/4/23/trade-war-with-china-to-hit-us-healthcare
2025-05-31 22:30:14,319 - WARNING - No date found for URL: https://www.foxnews.com/tech/blue-shield-exposed-4-7m-patients-health-data-google-2
2025-05-31 22:30:14,319 - WARNING - No date found for URL: https://time.com/7281894/new-hhs-report-exploratory-therapy-transgender-youth/
2025-05-31 22:30:14,319 - WARNING - No date found for URL: https://www.usmagazine.com/celebrity-news/news/gene-hackman-autopsy-reveals-fasting-and-acetone-levels-page/
2025-05-31 22:30:14,320 - INFO - Successfully extracted date 2025-04-30T00:00:00 from URL: https://www.forbes.com/sites/chrissamcfarlane/2025/04/30/4-hurdles-to-overcome-for-healthcare-daos-to-be-used-outside-of-funding-research/
2025-05-31 22:30:14,320 - INFO - Successfully extracted date 1103-05-14T00:00:00 from URL: https://ca.finance.yahoo.com/news/bristol-myers-posts-better-expected-110305143.html
2025-05-31 22:30:14,321 - WARNING - Error parsing date from URL https://consent.yahoo.com/v2/collectConsent?sessionId=1_cc-session_00f63387-3c5d-42b0-b92d-ff528148013a: month must be in 1..12: 5281-48-01
2025-05-31 22:30:14,321 - WARNING - No date found for URL: https://consent.yahoo.com/v2/collectConsent?sessionId=1_cc-session_00f63387-3c5d-42b0-b92d-ff528148013a
2025-05-31 22:30:14,321 - WARNING - No date found for URL: https://consent.yahoo.com/v2/collectConsent?sessionId=1_cc-session_252590d3-a9bc-4fb0-b44a-fb2079dc7df1
2025-05-31 22:30:14,321 - WARNING - No date found for URL: https://consent.yahoo.com/v2/collectConsent?sessionId=1_cc-session_22017dcb-caa2-4844-a24c-7765438c1da1
2025-05-31 22:30:14,321 - WARNING - No date found for URL: https://thehackernews.com/2025/04/automating-zero-trust-in-healthcare.html
2025-05-31 22:30:14,321 - WARNING - Error parsing date from URL https://abcnews.go.com/US/federal-prosecutors-seek-death-penalty-accused-ceo-killer/story?id=121145544: month must be in 1..12: 1211-45-54
2025-05-31 22:30:14,321 - WARNING - No date found for URL: https://abcnews.go.com/US/federal-prosecutors-seek-death-penalty-accused-ceo-killer/story?id=121145544
2025-05-31 22:30:14,321 - INFO - Successfully extracted date 2025-04-27T00:00:00 from URL: https://hackaday.com/2025/04/27/quick-and-easy-digital-stethoscope-keeps-tabs-on-cat/
2025-05-31 22:30:14,321 - WARNING - Error parsing date from URL https://gizmodo.com/usps-is-getting-in-on-trumps-anti-immigrant-crackdowns-2000596317: month must be in 1..12: 2000-59-63
2025-05-31 22:30:14,321 - WARNING - No date found for URL: https://gizmodo.com/usps-is-getting-in-on-trumps-anti-immigrant-crackdowns-2000596317
2025-05-31 22:30:14,321 - WARNING - Error parsing date from URL https://gizmodo.com/gillian-anderson-x-files-reboot-ryan-coogler-2000596828: month must be in 1..12: 2000-59-68
2025-05-31 22:30:14,321 - WARNING - No date found for URL: https://gizmodo.com/gillian-anderson-x-files-reboot-ryan-coogler-2000596828
2025-05-31 22:30:14,321 - INFO - Successfully extracted date 2025-05-07T00:00:00 from URL: https://www.npr.org/2025/05/07/nx-s1-5388488/three-memphis-police-officers-found-not-guilty-in-the-death-of-tyre-nichols
2025-05-31 22:30:14,321 - WARNING - No date found for URL: https://consent.yahoo.com/v2/collectConsent?sessionId=1_cc-session_e742ac99-dc1b-4fb1-bdde-1140b2e21d6f
2025-05-31 22:30:14,321 - WARNING - No date found for URL: https://www.bbc.com/sport/motorsport/articles/c9wgj8ye4vdo
2025-05-31 22:30:14,321 - WARNING - No date found for URL: https://news.slashdot.org/story/25/05/05/0649225/majority-in-uk-now-self-identify-as-neurodivergent
2025-05-31 22:30:14,321 - WARNING - No date found for URL: https://www.cnet.com/health/nutrition/nad-supplements/
2025-05-31 22:30:14,321 - WARNING - No date found for URL: https://www.cnet.com/health/medical/measles-cases-spread-across-us-mexico-and-canada-learn-how-to-protect-yourself/
2025-05-31 22:30:14,321 - INFO - Successfully extracted date 2025-04-27T00:00:00 from URL: https://www.forbes.com/sites/gilpress/2025/04/27/the-accelerating-state-of-ai-health-in-hospitals-and-homes/
2025-05-31 22:30:14,321 - WARNING - Error parsing date from URL https://www.yahoo.com/news/scientists-uncover-disturbing-threat-increasing-113052253.html: month must be in 1..12: 1130-52-25
2025-05-31 22:30:14,321 - WARNING - No date found for URL: https://www.yahoo.com/news/scientists-uncover-disturbing-threat-increasing-113052253.html
2025-05-31 22:30:14,324 - INFO - Successfully extracted date 2025-05-01T00:00:00 from URL: https://www.npr.org/sections/shots-health-news/2025/05/01/nx-s1-5383599/transgender-gender-affirming-care-trump-hhs
2025-05-31 22:30:14,324 - INFO - Successfully extracted date 2025-05-06T00:00:00 from URL: https://www.forbes.com/sites/partnerreleases/2025/05/06/leading-healthcare-executive-examines-how-ai-big-tech-and-retail-medicine-are-reshaping-the-industry/
2025-05-31 22:30:14,324 - WARNING - No date found for URL: https://www.bbc.com/news/articles/crld171w4k3o
2025-05-31 22:30:14,325 - INFO - Successfully extracted date 2025-05-06T00:00:00 from URL: https://www.yankodesign.com/2025/05/06/dengue-home-test-kit-concept-can-help-with-early-detection-and-medical-intervention/
2025-05-31 22:30:14,325 - INFO - Successfully extracted date 2025-04-28T00:00:00 from URL: https://www.forbes.com/sites/heatherwishartsmith/2025/04/28/ai-and-the-future-of-healthcare-lessons-from-military-medicine/
2025-05-31 22:30:14,325 - WARNING - No date found for URL: https://www.businessinsider.com/trump-research-funding-cuts-nobel-prizes-brain-drain-medicine-ai-2025-4
2025-05-31 22:30:14,325 - WARNING - No date found for URL: https://www.theverge.com/reviews/651375/brondell-swash-thinline-t44-bidet-review
2025-05-31 22:30:14,325 - WARNING - Error parsing date from URL https://gizmodo.com/what-you-learned-about-cell-division-is-probably-wrong-2000597404: month must be in 1..12: 2000-59-74
2025-05-31 22:30:14,325 - WARNING - No date found for URL: https://gizmodo.com/what-you-learned-about-cell-division-is-probably-wrong-2000597404
2025-05-31 22:30:14,325 - WARNING - Error parsing date from URL https://gizmodo.com/never-before-seen-anal-embalming-method-kept-this-european-mummy-preserved-for-nearly-300-years-2000596249: month must be in 1..12: 2000-59-62
2025-05-31 22:30:14,326 - WARNING - No date found for URL: https://gizmodo.com/never-before-seen-anal-embalming-method-kept-this-european-mummy-preserved-for-nearly-300-years-2000596249
2025-05-31 22:30:14,326 - WARNING - Error parsing date from URL https://gizmodo.com/trump-doj-threatens-wikipedias-nonprofit-status-over-alleged-propaganda-2000594928: month must be in 1..12: 2000-59-49
2025-05-31 22:30:14,326 - WARNING - No date found for URL: https://gizmodo.com/trump-doj-threatens-wikipedias-nonprofit-status-over-alleged-propaganda-2000594928
2025-05-31 22:30:14,326 - WARNING - Error parsing date from URL https://gizmodo.com/bmi-is-actually-pretty-accurate-at-measuring-american-obesity-study-finds-2000594382: month must be in 1..12: 2000-59-43
2025-05-31 22:30:14,326 - WARNING - No date found for URL: https://gizmodo.com/bmi-is-actually-pretty-accurate-at-measuring-american-obesity-study-finds-2000594382
2025-05-31 22:30:14,326 - WARNING - Error parsing date from URL https://abcnews.go.com/Health/hhs-firings-questioning-safety-vaccines-trump-administration-attacking/story?id=121125793: month must be in 1..12: 1211-25-79
2025-05-31 22:30:14,326 - WARNING - No date found for URL: https://abcnews.go.com/Health/hhs-firings-questioning-safety-vaccines-trump-administration-attacking/story?id=121125793
2025-05-31 22:30:14,326 - INFO - Successfully extracted date 2025-04-24T00:00:00 from URL: https://www.forbes.com/councils/forbesbusinesscouncil/2025/04/24/the-economic-and-social-consequences-of-the-womens-health-gap/
2025-05-31 22:30:14,326 - WARNING - No date found for URL: https://www.slashfilm.com/1836948/netflix-medical-k-drama-misrepresenting-disease-doctor-cha/
2025-05-31 22:30:14,327 - WARNING - Error parsing date from URL https://abcnews.go.com/US/boat-washes-ashore-san-diego-3-dead-4/story?id=121475296: month must be in 1..12: 1214-75-29
2025-05-31 22:30:14,327 - WARNING - No date found for URL: https://abcnews.go.com/US/boat-washes-ashore-san-diego-3-dead-4/story?id=121475296
2025-05-31 22:30:14,327 - WARNING - No date found for URL: https://www.businessinsider.com/eric-stonestreet-modern-family-weight-loss-type-2-diabetes-mounjaro-2025-5
2025-05-31 22:30:14,327 - WARNING - Error parsing date from URL https://www.yahoo.com/news/former-abercrombie-fitch-ceo-ruled-235805549.html: day is out of range for month: 2358-05-54
2025-05-31 22:30:14,327 - WARNING - No date found for URL: https://www.yahoo.com/news/former-abercrombie-fitch-ceo-ruled-235805549.html
2025-05-31 22:30:14,327 - WARNING - No date found for URL: https://www.theverge.com/politics/663114/surgeon-general-doge-casey-means-sam-corcos-startup-levels-doge
2025-05-31 22:30:14,327 - WARNING - Error parsing date from URL https://gizmodo.com/injectable-male-birth-control-effective-for-at-least-2-years-says-biotech-startup-2000594143: month must be in 1..12: 2000-59-41
2025-05-31 22:30:14,327 - WARNING - No date found for URL: https://gizmodo.com/injectable-male-birth-control-effective-for-at-least-2-years-says-biotech-startup-2000594143
2025-05-31 22:30:14,327 - WARNING - No date found for URL: https://www.businessinsider.com/high-paying-healthcare-jobs-high-school-no-bachelors-masters-degree-2025-5
2025-05-31 22:30:14,328 - WARNING - No date found for URL: https://www.businessinsider.com/crowdfunding-medical-bills-disabled-trans-woman-medicaid-healthcare-2025-5
2025-05-31 22:30:14,328 - WARNING - Error parsing date from URL https://gizmodo.com/semaglutide-shows-major-promise-for-treating-serious-liver-disease-2000596492: month must be in 1..12: 2000-59-64
2025-05-31 22:30:14,328 - WARNING - No date found for URL: https://gizmodo.com/semaglutide-shows-major-promise-for-treating-serious-liver-disease-2000596492
2025-05-31 22:30:14,328 - INFO - Successfully extracted date 2025-04-23T00:00:00 from URL: https://hackaday.com/2025/04/23/to-see-within-detecting-x-rays/
2025-05-31 22:30:14,328 - WARNING - No date found for URL: https://venturebeat.com/ai/breaking-the-intellectual-bottleneck-how-ai-is-computing-the-previously-uncomputible-in-healthcare/
2025-05-31 22:30:14,328 - WARNING - Error parsing date from URL https://gizmodo.com/americas-science-agency-says-it-will-cut-funding-to-researchers-who-protest-israel-2000593036: month must be in 1..12: 2000-59-30
2025-05-31 22:30:14,328 - WARNING - No date found for URL: https://gizmodo.com/americas-science-agency-says-it-will-cut-funding-to-researchers-who-protest-israel-2000593036
2025-05-31 22:30:14,328 - WARNING - Error parsing date from URL https://consent.yahoo.com/v2/collectConsent?sessionId=1_cc-session_c6fe0efd-a35d-4c5e-b553-48143535541d: month must be in 1..12: 4814-35-35
2025-05-31 22:30:14,329 - WARNING - No date found for URL: https://consent.yahoo.com/v2/collectConsent?sessionId=1_cc-session_c6fe0efd-a35d-4c5e-b553-48143535541d
2025-05-31 22:30:14,329 - WARNING - No date found for URL: https://www.bbc.com/news/articles/c33z83830x4o
2025-05-31 22:30:14,329 - WARNING - No date found for URL: https://slate.com/technology/2025/04/dogs-pets-pill-longevity-extend-lifespan-loyal-veterinary-ethics.html
2025-05-31 22:30:14,329 - WARNING - Error parsing date from URL https://abcnews.go.com/US/immunotherapy-drug-capable-eliminating-tumors-early-stage-cancers/story?id=121257808: month must be in 1..12: 1212-57-80
2025-05-31 22:30:14,329 - WARNING - No date found for URL: https://abcnews.go.com/US/immunotherapy-drug-capable-eliminating-tumors-early-stage-cancers/story?id=121257808
2025-05-31 22:30:14,329 - INFO - Successfully extracted date 2025-04-24T00:00:00 from URL: https://www.npr.org/2025/04/24/nx-s1-5373964/stop-taking-ozempic-healthy-weight-loss
2025-05-31 22:30:14,329 - INFO - Successfully extracted date 2025-05-07T00:00:00 from URL: https://www.npr.org/2025/05/07/nx-s1-5389962/trump-casey-means-surgeon-general
2025-05-31 22:30:14,329 - WARNING - Error parsing date from URL https://www.sciencedaily.com/releases/2025/04/250424121645.htm: month must be in 1..12: 2504-24-12
2025-05-31 22:30:14,329 - WARNING - No date found for URL: https://www.sciencedaily.com/releases/2025/04/250424121645.htm
2025-05-31 22:30:14,329 - WARNING - No date found for URL: https://newrepublic.com/post/194997/trump-surgeon-general-wellness-influencer-casey-means
2025-05-31 22:30:14,329 - WARNING - No date found for URL: https://www.wired.com/story/cbp-rescinds-policies-on-care-of-pregnant-women-infants/
2025-05-31 22:30:14,329 - WARNING - No date found for URL: https://www.businessinsider.com/ai-startup-unicorns-with-tiny-teams-2025-5
2025-05-31 22:30:14,329 - WARNING - No date found for URL: https://www.businessinsider.com/insurance-fertility-ivf-costs-hsa-millennial-couple-infertility-2025-3
2025-05-31 22:30:14,329 - WARNING - No date found for URL: https://www.businessinsider.com/moved-from-us-to-australia-better-quality-of-life-2025-4
2025-05-31 22:30:14,329 - WARNING - Error parsing date from URL https://gizmodo.com/how-trumps-proposed-budget-will-gut-public-health-in-america-2000597521: month must be in 1..12: 2000-59-75
2025-05-31 22:30:14,329 - WARNING - No date found for URL: https://gizmodo.com/how-trumps-proposed-budget-will-gut-public-health-in-america-2000597521
2025-05-31 22:30:14,329 - WARNING - No date found for URL: https://science.slashdot.org/story/25/05/05/2050232/unitedhealth-now-has-1000-ai-applications-in-production
2025-05-31 22:30:14,329 - WARNING - No date found for URL: https://www.businessinsider.com/amazon-10-million-raise-hospital-ai-agents-pitch-deck-ascertain-2025-5
2025-05-31 22:30:14,329 - WARNING - Error parsing date from URL https://gizmodo.com/the-fda-just-approved-the-first-crispr-edited-pigs-for-food-2000597425: month must be in 1..12: 2000-59-74
2025-05-31 22:30:14,329 - WARNING - No date found for URL: https://gizmodo.com/the-fda-just-approved-the-first-crispr-edited-pigs-for-food-2000597425
2025-05-31 22:30:14,329 - WARNING - No date found for URL: https://consent.yahoo.com/v2/collectConsent?sessionId=1_cc-session_4527fa09-cc93-46b3-b0ca-e46a293c65a1
2025-05-31 22:30:14,329 - WARNING - Error parsing date from URL https://gizmodo.com/pam-bondi-claims-trump-saved-75-of-americans-from-a-fentanyl-overdose-2000596896: month must be in 1..12: 2000-59-68
2025-05-31 22:30:14,329 - WARNING - No date found for URL: https://gizmodo.com/pam-bondi-claims-trump-saved-75-of-americans-from-a-fentanyl-overdose-2000596896
2025-05-31 22:30:14,329 - WARNING - No date found for URL: https://www.businessinsider.com/trump-what-china-exports-besides-toys-2025-5
2025-05-31 22:30:14,329 - INFO - Successfully extracted date 2025-04-27T00:00:00 from URL: https://www.npr.org/2025/04/27/nx-s1-5378668/the-dea-says-114-immigrants-in-the-u-s-illegally-were-arrested-at-a-colorado-nightclub
2025-05-31 22:30:14,329 - INFO - Successfully extracted date 2025-04-23T00:00:00 from URL: https://www.npr.org/2025/04/23/nx-s1-5372695/autism-nih-rfk-medical-records
2025-05-31 22:30:14,329 - WARNING - No date found for URL: https://consent.yahoo.com/v2/collectConsent?sessionId=1_cc-session_21c8679d-384a-43cc-8572-b5203c9ec9a7
2025-05-31 22:30:14,329 - INFO - Successfully extracted date 2025-05-04T00:00:00 from URL: https://www.npr.org/2025/05/04/nx-s1-5386456/mexico-president-rejected-trumps-plan-us-troops-across-border
2025-05-31 22:30:14,329 - WARNING - No date found for URL: https://www.businessinsider.com/costco-gold-buyers-rewards-price-surge-2025-4
2025-05-31 22:30:14,329 - WARNING - No date found for URL: https://www.scientificamerican.com/article/the-scary-implications-of-u-s-government-attacks-on-medical-journals/
2025-05-31 22:30:14,329 - WARNING - Error parsing date from URL https://qz.com/hims-hers-novo-nordisk-stock-wegovy-ozempic-deal-1851778237: month must be in 1..12: 1851-77-82
2025-05-31 22:30:14,329 - WARNING - No date found for URL: https://qz.com/hims-hers-novo-nordisk-stock-wegovy-ozempic-deal-1851778237
2025-05-31 22:30:14,329 - WARNING - No date found for URL: https://thenextweb.com/news/fertility-startup-rejuvenates-human-eggs-to-boost-chances-of-conception
2025-05-31 22:30:14,329 - WARNING - No date found for URL: https://www.bbc.com/news/articles/creq0xd4y51o
2025-05-31 22:30:14,329 - WARNING - Error parsing date from URL https://www.yahoo.com/news/nbcs-mike-tirico-had-medical-212902370.html: day is out of range for month: 2129-02-37
2025-05-31 22:30:14,329 - WARNING - No date found for URL: https://www.yahoo.com/news/nbcs-mike-tirico-had-medical-212902370.html
2025-05-31 22:30:14,329 - WARNING - Error parsing date from URL https://gizmodo.com/researchers-tattooed-tardigrades-they-promise-it-will-be-useful-2000593853: month must be in 1..12: 2000-59-38
2025-05-31 22:30:14,329 - WARNING - No date found for URL: https://gizmodo.com/researchers-tattooed-tardigrades-they-promise-it-will-be-useful-2000593853
2025-05-31 22:30:14,334 - WARNING - No date found for URL: https://www.bbc.com/news/videos/ceqrp4wvvx1o
2025-05-31 22:30:14,334 - WARNING - No date found for URL: https://www.businessinsider.com/nutrition-nourish-unicorn-jp-morgan-growth-series-b-2025-4
2025-05-31 22:30:14,335 - INFO - Successfully extracted date 2025-05-06T00:00:00 from URL: https://www.npr.org/2025/05/06/nx-s1-5388198/trump-abortion-drug-case
2025-05-31 22:30:14,335 - WARNING - Error parsing date from URL https://gizmodo.com/new-weight-loss-drugs-are-sending-a-surprising-number-of-americans-to-the-emergency-room-2000595716: month must be in 1..12: 2000-59-57
2025-05-31 22:30:14,335 - WARNING - No date found for URL: https://gizmodo.com/new-weight-loss-drugs-are-sending-a-surprising-number-of-americans-to-the-emergency-room-2000595716
2025-05-31 22:30:14,335 - WARNING - No date found for URL: https://consent.yahoo.com/v2/collectConsent?sessionId=1_cc-session_c7904365-373a-49bd-bd06-ad3450a116ea
2025-05-31 22:30:14,335 - WARNING - Error parsing date from URL https://qz.com/trump-tariffs-pharma-companies-astrazeneca-gsk-1851779389: month must be in 1..12: 1851-77-93
2025-05-31 22:30:14,335 - WARNING - No date found for URL: https://qz.com/trump-tariffs-pharma-companies-astrazeneca-gsk-1851779389
2025-05-31 22:30:14,335 - WARNING - Error parsing date from URL https://www.yahoo.com/news/11-arrested-5-wanted-ga-210411716.html: day is out of range for month: 2104-11-71
2025-05-31 22:30:14,335 - WARNING - No date found for URL: https://www.yahoo.com/news/11-arrested-5-wanted-ga-210411716.html
2025-05-31 22:30:14,336 - WARNING - Error parsing date from URL https://www.yahoo.com/news/san-francisco-inches-closer-adopting-005240158.html: month must be in 1..12: 0052-40-15
2025-05-31 22:30:14,336 - WARNING - No date found for URL: https://www.yahoo.com/news/san-francisco-inches-closer-adopting-005240158.html
2025-05-31 22:30:14,336 - INFO - Successfully extracted date 2025-05-08T00:00:00 from URL: https://www.npr.org/2025/05/08/nx-s1-5391310/kennedy-autism-registry-database-hhs-nih-medicare-medicaid
2025-05-31 22:30:14,336 - INFO - Successfully extracted date 2025-04-24T00:00:00 from URL: https://www.npr.org/2025/04/24/nx-s1-5374372/millions-of-american-kids-have-an-adhd-diagnosis-is-their-treatment-effective
2025-05-31 22:30:14,337 - WARNING - No date found for URL: https://www.theverge.com/news/661695/google-simplify-ai-gemini-feature-ios-app
2025-05-31 22:30:14,337 - WARNING - Error parsing date from URL https://www.yahoo.com/news/luis-antonio-tagle-philippine-cardinal-035147259.html: month must be in 1..12: 0351-47-25
2025-05-31 22:30:14,337 - WARNING - No date found for URL: https://www.yahoo.com/news/luis-antonio-tagle-philippine-cardinal-035147259.html
2025-05-31 22:30:14,337 - WARNING - No date found for URL: https://slate.com/podcasts/what-next/2025/05/trumps-tariffs-are-in-the-supply-chain
2025-05-31 22:30:14,337 - INFO - Successfully extracted date 2025-04-30T00:00:00 from URL: https://www.npr.org/sections/shots-health-news/2025/04/30/g-s1-63345/alzheimers-survey-americans-testing-treatment-risky
2025-05-31 22:30:14,338 - INFO - Successfully extracted date 2025-05-03T00:00:00 from URL: https://www.yankodesign.com/2025/05/03/origami-in-industrial-design-unlocking-the-art-of-precision/
2025-05-31 22:30:14,338 - WARNING - No date found for URL: https://www.bbc.com/news/articles/cnv56q82vnro
2025-05-31 22:30:14,338 - WARNING - No date found for URL: https://blog.google/technology/research/google-research-scientific-discovery/
2025-05-31 22:30:14,338 - WARNING - Error parsing date from URL https://abcnews.go.com/Health/concern-after-hhs-report-advocates-therapy-trans-kids/story?id=121372589: month must be in 1..12: 1213-72-58
2025-05-31 22:30:14,338 - WARNING - No date found for URL: https://abcnews.go.com/Health/concern-after-hhs-report-advocates-therapy-trans-kids/story?id=121372589
2025-05-31 22:30:14,338 - INFO - Successfully extracted date 2505-07-14T00:00:00 from URL: https://www.sciencedaily.com/releases/2025/05/250507141132.htm
2025-05-31 22:30:14,338 - WARNING - Error parsing date from URL https://abcnews.go.com/US/luigi-mangione-federal-arraignment/story?id=121136124: month must be in 1..12: 1211-36-12
2025-05-31 22:30:14,338 - WARNING - No date found for URL: https://abcnews.go.com/US/luigi-mangione-federal-arraignment/story?id=121136124
2025-05-31 22:30:14,339 - WARNING - No date found for URL: https://www.scientificamerican.com/podcast/episode/new-data-released-from-nasas-juno-mission-and-new-satellites-launched-for/
2025-05-31 22:30:14,339 - WARNING - No date found for URL: https://www.aljazeera.com/news/2025/4/23/trade-war-with-china-to-hit-us-healthcare
2025-05-31 22:30:14,339 - WARNING - No date found for URL: https://www.foxnews.com/tech/blue-shield-exposed-4-7m-patients-health-data-google-2
2025-05-31 22:30:14,339 - WARNING - No date found for URL: https://time.com/7281894/new-hhs-report-exploratory-therapy-transgender-youth/
2025-05-31 22:30:14,339 - WARNING - No date found for URL: https://www.usmagazine.com/celebrity-news/news/gene-hackman-autopsy-reveals-fasting-and-acetone-levels-page/
2025-05-31 22:30:14,339 - INFO - Successfully extracted date 2025-04-30T00:00:00 from URL: https://www.forbes.com/sites/chrissamcfarlane/2025/04/30/4-hurdles-to-overcome-for-healthcare-daos-to-be-used-outside-of-funding-research/
2025-05-31 22:30:14,339 - INFO - Successfully extracted date 1103-05-14T00:00:00 from URL: https://ca.finance.yahoo.com/news/bristol-myers-posts-better-expected-110305143.html
2025-05-31 22:30:14,339 - WARNING - Error parsing date from URL https://consent.yahoo.com/v2/collectConsent?sessionId=1_cc-session_00f63387-3c5d-42b0-b92d-ff528148013a: month must be in 1..12: 5281-48-01
2025-05-31 22:30:14,339 - WARNING - No date found for URL: https://consent.yahoo.com/v2/collectConsent?sessionId=1_cc-session_00f63387-3c5d-42b0-b92d-ff528148013a
2025-05-31 22:30:14,339 - WARNING - No date found for URL: https://consent.yahoo.com/v2/collectConsent?sessionId=1_cc-session_252590d3-a9bc-4fb0-b44a-fb2079dc7df1
2025-05-31 22:30:14,339 - WARNING - No date found for URL: https://consent.yahoo.com/v2/collectConsent?sessionId=1_cc-session_22017dcb-caa2-4844-a24c-7765438c1da1
2025-05-31 22:30:14,339 - WARNING - No date found for URL: https://thehackernews.com/2025/04/automating-zero-trust-in-healthcare.html
2025-05-31 22:30:14,339 - WARNING - Error parsing date from URL https://abcnews.go.com/US/federal-prosecutors-seek-death-penalty-accused-ceo-killer/story?id=121145544: month must be in 1..12: 1211-45-54
2025-05-31 22:30:14,339 - WARNING - No date found for URL: https://abcnews.go.com/US/federal-prosecutors-seek-death-penalty-accused-ceo-killer/story?id=121145544
2025-05-31 22:30:14,339 - INFO - Successfully extracted date 2025-04-27T00:00:00 from URL: https://hackaday.com/2025/04/27/quick-and-easy-digital-stethoscope-keeps-tabs-on-cat/
2025-05-31 22:30:14,339 - WARNING - Error parsing date from URL https://gizmodo.com/usps-is-getting-in-on-trumps-anti-immigrant-crackdowns-2000596317: month must be in 1..12: 2000-59-63
2025-05-31 22:30:14,339 - WARNING - No date found for URL: https://gizmodo.com/usps-is-getting-in-on-trumps-anti-immigrant-crackdowns-2000596317
2025-05-31 22:30:14,339 - WARNING - Error parsing date from URL https://gizmodo.com/gillian-anderson-x-files-reboot-ryan-coogler-2000596828: month must be in 1..12: 2000-59-68
2025-05-31 22:30:14,339 - WARNING - No date found for URL: https://gizmodo.com/gillian-anderson-x-files-reboot-ryan-coogler-2000596828
2025-05-31 22:30:14,339 - INFO - Successfully extracted date 2025-05-07T00:00:00 from URL: https://www.npr.org/2025/05/07/nx-s1-5388488/three-memphis-police-officers-found-not-guilty-in-the-death-of-tyre-nichols
2025-05-31 22:30:14,339 - WARNING - No date found for URL: https://consent.yahoo.com/v2/collectConsent?sessionId=1_cc-session_e742ac99-dc1b-4fb1-bdde-1140b2e21d6f
2025-05-31 22:30:14,339 - WARNING - No date found for URL: https://www.bbc.com/sport/motorsport/articles/c9wgj8ye4vdo
2025-05-31 22:30:14,339 - WARNING - No date found for URL: https://news.slashdot.org/story/25/05/05/0649225/majority-in-uk-now-self-identify-as-neurodivergent
2025-05-31 22:30:14,339 - WARNING - No date found for URL: https://www.cnet.com/health/nutrition/nad-supplements/
2025-05-31 22:30:14,339 - INFO - Successfully extracted date 2025-04-27T00:00:00 from URL: https://www.forbes.com/sites/gilpress/2025/04/27/the-accelerating-state-of-ai-health-in-hospitals-and-homes/
2025-05-31 22:30:14,339 - WARNING - No date found for URL: https://www.cnet.com/health/medical/measles-cases-spread-across-us-mexico-and-canada-learn-how-to-protect-yourself/
2025-05-31 22:30:14,339 - WARNING - Error parsing date from URL https://www.yahoo.com/news/scientists-uncover-disturbing-threat-increasing-113052253.html: month must be in 1..12: 1130-52-25
2025-05-31 22:30:14,339 - WARNING - No date found for URL: https://www.yahoo.com/news/scientists-uncover-disturbing-threat-increasing-113052253.html
2025-05-31 22:30:14,339 - INFO - Successfully extracted date 2025-05-01T00:00:00 from URL: https://www.npr.org/sections/shots-health-news/2025/05/01/nx-s1-5383599/transgender-gender-affirming-care-trump-hhs
2025-05-31 22:30:14,339 - INFO - Successfully extracted date 2025-05-06T00:00:00 from URL: https://www.forbes.com/sites/partnerreleases/2025/05/06/leading-healthcare-executive-examines-how-ai-big-tech-and-retail-medicine-are-reshaping-the-industry/
2025-05-31 22:30:14,339 - WARNING - No date found for URL: https://www.bbc.com/news/articles/crld171w4k3o
2025-05-31 22:30:14,339 - INFO - Successfully extracted date 2025-04-28T00:00:00 from URL: https://www.forbes.com/sites/heatherwishartsmith/2025/04/28/ai-and-the-future-of-healthcare-lessons-from-military-medicine/
2025-05-31 22:30:14,339 - INFO - Successfully extracted date 2025-05-06T00:00:00 from URL: https://www.yankodesign.com/2025/05/06/dengue-home-test-kit-concept-can-help-with-early-detection-and-medical-intervention/
2025-05-31 22:30:14,339 - WARNING - No date found for URL: https://www.businessinsider.com/trump-research-funding-cuts-nobel-prizes-brain-drain-medicine-ai-2025-4
2025-05-31 22:30:14,339 - WARNING - No date found for URL: https://www.theverge.com/reviews/651375/brondell-swash-thinline-t44-bidet-review
2025-05-31 22:30:14,344 - WARNING - Error parsing date from URL https://gizmodo.com/never-before-seen-anal-embalming-method-kept-this-european-mummy-preserved-for-nearly-300-years-2000596249: month must be in 1..12: 2000-59-62
2025-05-31 22:30:14,344 - WARNING - No date found for URL: https://gizmodo.com/never-before-seen-anal-embalming-method-kept-this-european-mummy-preserved-for-nearly-300-years-2000596249
2025-05-31 22:30:14,344 - WARNING - Error parsing date from URL https://gizmodo.com/what-you-learned-about-cell-division-is-probably-wrong-2000597404: month must be in 1..12: 2000-59-74
2025-05-31 22:30:14,344 - WARNING - No date found for URL: https://gizmodo.com/what-you-learned-about-cell-division-is-probably-wrong-2000597404
2025-05-31 22:30:14,345 - WARNING - Error parsing date from URL https://gizmodo.com/trump-doj-threatens-wikipedias-nonprofit-status-over-alleged-propaganda-2000594928: month must be in 1..12: 2000-59-49
2025-05-31 22:30:14,345 - WARNING - No date found for URL: https://gizmodo.com/trump-doj-threatens-wikipedias-nonprofit-status-over-alleged-propaganda-2000594928
2025-05-31 22:30:14,345 - WARNING - Error parsing date from URL https://gizmodo.com/bmi-is-actually-pretty-accurate-at-measuring-american-obesity-study-finds-2000594382: month must be in 1..12: 2000-59-43
2025-05-31 22:30:14,345 - WARNING - No date found for URL: https://gizmodo.com/bmi-is-actually-pretty-accurate-at-measuring-american-obesity-study-finds-2000594382
2025-05-31 22:30:14,345 - WARNING - Error parsing date from URL https://abcnews.go.com/Health/hhs-firings-questioning-safety-vaccines-trump-administration-attacking/story?id=121125793: month must be in 1..12: 1211-25-79
2025-05-31 22:30:14,345 - WARNING - No date found for URL: https://abcnews.go.com/Health/hhs-firings-questioning-safety-vaccines-trump-administration-attacking/story?id=121125793
2025-05-31 22:30:14,345 - INFO - Successfully extracted date 2025-04-24T00:00:00 from URL: https://www.forbes.com/councils/forbesbusinesscouncil/2025/04/24/the-economic-and-social-consequences-of-the-womens-health-gap/
2025-05-31 22:30:14,346 - WARNING - No date found for URL: https://www.slashfilm.com/1836948/netflix-medical-k-drama-misrepresenting-disease-doctor-cha/
2025-05-31 22:30:14,346 - WARNING - Error parsing date from URL https://abcnews.go.com/US/boat-washes-ashore-san-diego-3-dead-4/story?id=121475296: month must be in 1..12: 1214-75-29
2025-05-31 22:30:14,346 - WARNING - No date found for URL: https://abcnews.go.com/US/boat-washes-ashore-san-diego-3-dead-4/story?id=121475296
2025-05-31 22:30:14,346 - WARNING - No date found for URL: https://www.businessinsider.com/eric-stonestreet-modern-family-weight-loss-type-2-diabetes-mounjaro-2025-5
2025-05-31 22:30:14,346 - WARNING - Error parsing date from URL https://www.yahoo.com/news/former-abercrombie-fitch-ceo-ruled-235805549.html: day is out of range for month: 2358-05-54
2025-05-31 22:30:14,346 - WARNING - No date found for URL: https://www.yahoo.com/news/former-abercrombie-fitch-ceo-ruled-235805549.html
2025-05-31 22:30:14,346 - WARNING - No date found for URL: https://www.wired.com/story/a-baby-received-a-custom-crispr-treatment-in-record-time/
2025-05-31 22:30:14,346 - WARNING - No date found for URL: https://www.theverge.com/politics/663114/surgeon-general-doge-casey-means-sam-corcos-startup-levels-doge
2025-05-31 22:30:14,347 - WARNING - No date found for URL: https://www.businessinsider.com/tech-powerhouses-betting-on-healthcare-ai-amazon-nvidia-2025-5
2025-05-31 22:30:14,347 - WARNING - No date found for URL: https://www.businessinsider.com/trump-prescription-drugs-prices-big-pharma-executive-order-medicines-cost-2025-5
2025-05-31 22:30:14,347 - WARNING - No date found for URL: https://www.bbc.com/news/articles/cx2qvle97nvo
2025-05-31 22:30:14,347 - WARNING - Error parsing date from URL https://gizmodo.com/montana-becomes-the-right-to-try-anything-state-expanding-access-to-experimental-drugs-2000602189: month must be in 1..12: 2000-60-21
2025-05-31 22:30:14,347 - WARNING - No date found for URL: https://gizmodo.com/montana-becomes-the-right-to-try-anything-state-expanding-access-to-experimental-drugs-2000602189
2025-05-31 22:30:14,347 - WARNING - No date found for URL: https://www.cnet.com/health/medical/trump-asks-drugmakers-voluntarily-lower-us-prices-will-they-comply/
2025-05-31 22:30:14,347 - WARNING - No date found for URL: https://www.businessinsider.com/russia-want-medical-grads-find-work-1-year-repay-expenses-2025-5
2025-05-31 22:30:14,347 - WARNING - No date found for URL: https://www.businessinsider.com/high-paying-healthcare-jobs-high-school-no-bachelors-masters-degree-2025-5
2025-05-31 22:30:14,347 - WARNING - No date found for URL: https://www.bbc.com/news/articles/cly3nyqx7xwo
2025-05-31 22:30:14,348 - INFO - Successfully extracted date 2025-05-13T00:00:00 from URL: https://www.npr.org/sections/shots-health-news/2025/05/13/nx-s1-5395834/pharmacists-stockpile-generic-drugs-trump-tariffs
2025-05-31 22:30:14,348 - WARNING - No date found for URL: https://www.businessinsider.com/crowdfunding-medical-bills-disabled-trans-woman-medicaid-healthcare-2025-5
2025-05-31 22:30:14,348 - WARNING - No date found for URL: https://www.bbc.com/news/articles/c8e6wggw233o
2025-05-31 22:30:14,348 - WARNING - No date found for URL: https://time.com/7285548/trump-perscription-drug-cost/
2025-05-31 22:30:14,348 - WARNING - No date found for URL: https://openai.com/index/healthbench/
2025-05-31 22:30:14,348 - WARNING - Error parsing date from URL https://www.yahoo.com/lifestyle/zepbound-beats-wegovy-weight-loss-220146429.html: month must be in 1..12: 2201-46-42
2025-05-31 22:30:14,348 - WARNING - No date found for URL: https://www.yahoo.com/lifestyle/zepbound-beats-wegovy-weight-loss-220146429.html
2025-05-31 22:30:14,348 - WARNING - Error parsing date from URL https://gizmodo.com/why-are-adhd-rates-so-much-higher-in-the-u-s-2000595804: month must be in 1..12: 2000-59-58
2025-05-31 22:30:14,348 - WARNING - No date found for URL: https://gizmodo.com/why-are-adhd-rates-so-much-higher-in-the-u-s-2000595804
2025-05-31 22:30:14,349 - WARNING - No date found for URL: https://www.businessinsider.com/mark-cuban-why-he-started-cost-plus-drugs-2025-5
2025-05-31 22:30:14,349 - INFO - Successfully extracted date 2025-05-07T00:00:00 from URL: https://www.npr.org/2025/05/07/nx-s1-5389962/trump-casey-means-surgeon-general
2025-05-31 22:30:14,349 - WARNING - No date found for URL: https://newrepublic.com/post/194997/trump-surgeon-general-wellness-influencer-casey-means
2025-05-31 22:30:14,349 - WARNING - No date found for URL: https://www.businessinsider.com/ai-startup-unicorns-with-tiny-teams-2025-5
2025-05-31 22:30:14,349 - WARNING - No date found for URL: https://www.wired.com/story/cbp-rescinds-policies-on-care-of-pregnant-women-infants/
2025-05-31 22:30:14,349 - WARNING - No date found for URL: https://www.businessinsider.com/spotify-takes-down-podcasts-peddling-drugs-opioids-2025-5
2025-05-31 22:30:14,349 - WARNING - No date found for URL: https://www.businessinsider.com/insurance-fertility-ivf-costs-hsa-millennial-couple-infertility-2025-3
2025-05-31 22:30:14,349 - WARNING - No date found for URL: https://www.bbc.com/news/articles/cm2374epmmgo
2025-05-31 22:30:14,349 - WARNING - Error parsing date from URL https://gizmodo.com/trump-signs-long-shot-executive-order-he-claims-will-slash-drug-prices-2000600884: month must be in 1..12: 2000-60-08
2025-05-31 22:30:14,349 - WARNING - No date found for URL: https://gizmodo.com/trump-signs-long-shot-executive-order-he-claims-will-slash-drug-prices-2000600884
2025-05-31 22:30:14,349 - WARNING - No date found for URL: https://science.slashdot.org/story/25/05/05/2050232/unitedhealth-now-has-1000-ai-applications-in-production
2025-05-31 22:30:14,349 - WARNING - Error parsing date from URL https://gizmodo.com/the-fda-just-approved-the-first-crispr-edited-pigs-for-food-2000597425: month must be in 1..12: 2000-59-74
2025-05-31 22:30:14,349 - WARNING - No date found for URL: https://gizmodo.com/the-fda-just-approved-the-first-crispr-edited-pigs-for-food-2000597425
2025-05-31 22:30:14,349 - WARNING - No date found for URL: https://www.businessinsider.com/trump-what-china-exports-besides-toys-2025-5
2025-05-31 22:30:14,349 - WARNING - Error parsing date from URL https://gizmodo.com/people-on-ozempic-are-drinking-way-less-2000600281: month must be in 1..12: 2000-60-02
2025-05-31 22:30:14,349 - WARNING - No date found for URL: https://gizmodo.com/people-on-ozempic-are-drinking-way-less-2000600281
2025-05-31 22:30:14,349 - WARNING - No date found for URL: https://www.bbc.com/news/articles/c5y5d2g3wgxo
2025-05-31 22:30:14,349 - WARNING - No date found for URL: https://www.businessinsider.com/how-to-quit-antidepressants-online-clinic-outro-tapering-microdosing-2025-5
2025-05-31 22:30:14,349 - INFO - Successfully extracted date 2025-05-04T00:00:00 from URL: https://www.npr.org/2025/05/04/nx-s1-5386456/mexico-president-rejected-trumps-plan-us-troops-across-border
2025-05-31 22:30:14,349 - INFO - Successfully extracted date 2025-05-16T00:00:00 from URL: https://www.npr.org/2025/05/16/nx-s1-5400266/georgia-brain-dead-fetus-abortion-ban-hospital
2025-05-31 22:30:14,349 - WARNING - No date found for URL: https://www.businessinsider.com/teenager-invents-cheaper-faster-antiviral-drug-manufacturing-method-wins-award-2025-5
2025-05-31 22:30:14,349 - INFO - Successfully extracted date 2025-05-14T00:00:00 from URL: https://www.technologyreview.com/2025/05/14/1116428/first-us-hub-for-experimental-medical-treatments/
2025-05-31 22:30:14,349 - INFO - Successfully extracted date 2025-05-15T00:00:00 from URL: https://www.npr.org/sections/shots-health-news/2025/05/15/nx-s1-5389620/gene-editing-treatment-crispr-inherited
2025-05-31 22:30:14,349 - INFO - Successfully extracted date 2025-05-13T00:00:00 from URL: https://www.npr.org/2025/05/13/nx-s1-5395988/republicans-reconciliation-medicaid-trump-tax-cuts
2025-05-31 22:30:14,349 - WARNING - Error parsing date from URL https://abcnews.go.com/Health/us-drug-overdose-deaths-fell-27-year-reaching/story?id=121744099: month must be in 1..12: 1217-44-09
2025-05-31 22:30:14,349 - WARNING - No date found for URL: https://abcnews.go.com/Health/us-drug-overdose-deaths-fell-27-year-reaching/story?id=121744099
2025-05-31 22:30:14,349 - WARNING - Error parsing date from URL https://abcnews.go.com/Health/dr-casey-means-trumps-pick-us-surgeon-general/story?id=121643609: month must be in 1..12: 1216-43-60
2025-05-31 22:30:14,349 - WARNING - No date found for URL: https://abcnews.go.com/Health/dr-casey-means-trumps-pick-us-surgeon-general/story?id=121643609
2025-05-31 22:30:14,349 - WARNING - Error parsing date from URL https://www.yahoo.com/news/nbcs-mike-tirico-had-medical-212902370.html: day is out of range for month: 2129-02-37
2025-05-31 22:30:14,349 - WARNING - No date found for URL: https://www.yahoo.com/news/nbcs-mike-tirico-had-medical-212902370.html
2025-05-31 22:30:14,349 - WARNING - Error parsing date from URL https://qz.com/eli-lilly-zepbound-wegovy-weight-loss-drug-study-1851780176: month must be in 1..12: 1851-78-01
2025-05-31 22:30:14,349 - WARNING - No date found for URL: https://qz.com/eli-lilly-zepbound-wegovy-weight-loss-drug-study-1851780176
2025-05-31 22:30:14,349 - WARNING - Error parsing date from URL https://abcnews.go.com/Health/wireStory/pharmaceutical-industry-criticizes-drug-pricing-plan-trump-hell-121705643: day is out of range for month: 1217-05-64
2025-05-31 22:30:14,353 - WARNING - No date found for URL: https://abcnews.go.com/Health/wireStory/pharmaceutical-industry-criticizes-drug-pricing-plan-trump-hell-121705643
2025-05-31 22:30:14,353 - WARNING - No date found for URL: https://time.com/7285524/when-to-go-emergency-room-vs-urgent-care/
2025-05-31 22:30:14,353 - INFO - Successfully extracted date 2025-05-06T00:00:00 from URL: https://www.npr.org/2025/05/06/nx-s1-5388198/trump-abortion-drug-case
2025-05-31 22:30:14,354 - WARNING - No date found for URL: https://www.businessinsider.com/seed-40-best-women-early-stage-vc-investors-2025-5
2025-05-31 22:30:14,354 - WARNING - Error parsing date from URL https://qz.com/trump-tariffs-pharma-companies-astrazeneca-gsk-1851779389: month must be in 1..12: 1851-77-93
2025-05-31 22:30:14,355 - WARNING - No date found for URL: https://qz.com/trump-tariffs-pharma-companies-astrazeneca-gsk-1851779389
2025-05-31 22:30:14,355 - WARNING - No date found for URL: https://consent.yahoo.com/v2/collectConsent?sessionId=1_cc-session_c7904365-373a-49bd-bd06-ad3450a116ea
2025-05-31 22:30:14,355 - WARNING - Error parsing date from URL https://gizmodo.com/first-ever-custom-crispr-therapy-saves-infant-with-deadly-genetic-disorder-2000603288: month must be in 1..12: 2000-60-32
2025-05-31 22:30:14,355 - WARNING - No date found for URL: https://gizmodo.com/first-ever-custom-crispr-therapy-saves-infant-with-deadly-genetic-disorder-2000603288
2025-05-31 22:30:14,355 - WARNING - No date found for URL: https://time.com/7284907/ovarian-cyst-diagnosis-treatment/
2025-05-31 22:30:14,355 - INFO - Successfully extracted date 2025-05-08T00:00:00 from URL: https://www.npr.org/2025/05/08/nx-s1-5391310/kennedy-autism-registry-database-hhs-nih-medicare-medicaid
2025-05-31 22:30:14,355 - WARNING - No date found for URL: https://www.theverge.com/news/661695/google-simplify-ai-gemini-feature-ios-app
2025-05-31 22:30:14,355 - WARNING - No date found for URL: https://time.com/7285114/time-announces-time-longevity-a-new-editorial-platform-exploring-the-future-of-living-longer/
2025-05-31 22:30:14,355 - INFO - Successfully extracted date 2025-05-13T00:00:00 from URL: https://www.npr.org/sections/shots-health-news/2025/05/13/nx-s1-5393935/quarter-children-have-parent-substance-use-disorder-study
2025-05-31 22:30:14,355 - WARNING - No date found for URL: https://slate.com/podcasts/what-next/2025/05/trumps-tariffs-are-in-the-supply-chain
2025-05-31 22:30:14,356 - INFO - Successfully extracted date 2025-05-15T00:00:00 from URL: https://www.techdirt.com/2025/05/15/rfk-jr-finally-says-something-sensible-dont-take-medical-advice-from-me/
2025-05-31 22:30:14,356 - WARNING - Error parsing date from URL https://www.yahoo.com/news/luis-antonio-tagle-philippine-cardinal-035147259.html: month must be in 1..12: 0351-47-25
2025-05-31 22:30:14,356 - WARNING - No date found for URL: https://www.yahoo.com/news/luis-antonio-tagle-philippine-cardinal-035147259.html
2025-05-31 22:30:14,356 - WARNING - No date found for URL: https://www.wearegreenbay.com/news/local-news/large-quantity-of-drugs-found-following-a-pursuit-in-wisconsin-two-men-arrested/
2025-05-31 22:30:14,356 - INFO - Successfully extracted date 2025-05-03T00:00:00 from URL: https://www.yankodesign.com/2025/05/03/origami-in-industrial-design-unlocking-the-art-of-precision/
2025-05-31 22:30:14,356 - WARNING - No date found for URL: https://www.businessinsider.com/at-home-pap-smear-wand-approved-fda-teal-health-2025-5
2025-05-31 22:30:14,356 - WARNING - No date found for URL: https://blog.google/technology/research/google-research-scientific-discovery/
2025-05-31 22:30:14,356 - INFO - Successfully extracted date 2025-05-14T00:00:00 from URL: https://www.forbes.com/sites/greatspeculations/2025/05/14/a-silent-crash-inside-sps-good-day/
2025-05-31 22:30:14,357 - WARNING - No date found for URL: https://www.businessinsider.com/pharma-stocks-eli-lily-pfizer-drug-prices-us-china-trade-2025-5
2025-05-31 22:30:14,357 - INFO - Successfully extracted date 2505-07-14T00:00:00 from URL: https://www.sciencedaily.com/releases/2025/05/250507141132.htm
2025-05-31 22:30:14,357 - WARNING - No date found for URL: https://www.scientificamerican.com/podcast/episode/new-data-released-from-nasas-juno-mission-and-new-satellites-launched-for/
2025-05-31 22:30:14,357 - WARNING - Error parsing date from URL https://qz.com/trump-executive-order-drug-prices-pharma-eli-lilly-1851780259: month must be in 1..12: 1851-78-02
2025-05-31 22:30:14,357 - WARNING - No date found for URL: https://qz.com/trump-executive-order-drug-prices-pharma-eli-lilly-1851780259
2025-05-31 22:30:14,357 - WARNING - Error parsing date from URL https://www.yahoo.com/news/fda-approves-novavax-covid-19-022122081.html: month must be in 1..12: 0221-22-08
2025-05-31 22:30:14,357 - WARNING - No date found for URL: https://www.yahoo.com/news/fda-approves-novavax-covid-19-022122081.html
2025-05-31 22:30:14,357 - WARNING - Error parsing date from URL https://consent.yahoo.com/v2/collectConsent?sessionId=1_cc-session_00f63387-3c5d-42b0-b92d-ff528148013a: month must be in 1..12: 5281-48-01
2025-05-31 22:30:14,358 - WARNING - No date found for URL: https://consent.yahoo.com/v2/collectConsent?sessionId=1_cc-session_00f63387-3c5d-42b0-b92d-ff528148013a
2025-05-31 22:30:14,358 - WARNING - No date found for URL: https://www.bbc.com/sport/motorsport/articles/c9wgj8ye4vdo
2025-05-31 22:30:14,358 - WARNING - No date found for URL: https://consent.yahoo.com/v2/collectConsent?sessionId=1_cc-session_16bc978e-779a-4633-86aa-7ab687d03f9f
2025-05-31 22:30:14,358 - WARNING - No date found for URL: https://www.bbc.com/news/articles/clygl4e0rneo
2025-05-31 22:30:14,358 - INFO - Successfully extracted date 2025-05-07T00:00:00 from URL: https://www.npr.org/2025/05/07/nx-s1-5388488/three-memphis-police-officers-found-not-guilty-in-the-death-of-tyre-nichols
2025-05-31 22:30:14,358 - WARNING - No date found for URL: https://news.slashdot.org/story/25/05/05/0649225/majority-in-uk-now-self-identify-as-neurodivergent
2025-05-31 22:30:14,358 - WARNING - No date found for URL: https://www.cnet.com/health/medical/measles-cases-spread-across-us-mexico-and-canada-learn-how-to-protect-yourself/
2025-05-31 22:30:14,358 - WARNING - No date found for URL: https://www.aljazeera.com/news/2025/5/18/israeli-strikes-batter-gaza-hospitals-as-brutal-siege-bombing-intensify
2025-05-31 22:30:14,359 - WARNING - Error parsing date from URL https://abcnews.go.com/Health/measles-cases-reach-1024-us-infections-confirmed-30/story?id=121869702: month must be in 1..12: 1218-69-70
2025-05-31 22:30:14,359 - WARNING - No date found for URL: https://abcnews.go.com/Health/measles-cases-reach-1024-us-infections-confirmed-30/story?id=121869702
2025-05-31 22:30:14,359 - INFO - Successfully extracted date 2025-05-06T00:00:00 from URL: https://www.forbes.com/sites/partnerreleases/2025/05/06/leading-healthcare-executive-examines-how-ai-big-tech-and-retail-medicine-are-reshaping-the-industry/
2025-05-31 22:30:14,359 - WARNING - No date found for URL: https://time.com/7285865/rfk-jr-infant-formula-review-expert-advice-for-parents/
2025-05-31 22:30:14,359 - WARNING - Error parsing date from URL https://qz.com/drug-prices-eli-lilly-pfizer-novo-nordisk-trump-pharma-1851780206: month must be in 1..12: 1851-78-02
2025-05-31 22:30:14,359 - WARNING - No date found for URL: https://qz.com/drug-prices-eli-lilly-pfizer-novo-nordisk-trump-pharma-1851780206
2025-05-31 22:30:14,359 - WARNING - No date found for URL: https://www.bbc.com/news/articles/cg5v2rjp84ro
2025-05-31 22:30:14,359 - WARNING - No date found for URL: https://www.bbc.com/news/articles/cnv13pz88n8o
2025-05-31 22:30:14,359 - INFO - Successfully extracted date 2025-05-06T00:00:00 from URL: https://www.yankodesign.com/2025/05/06/dengue-home-test-kit-concept-can-help-with-early-detection-and-medical-intervention/
2025-05-31 22:30:14,359 - INFO - Successfully extracted date 2025-05-16T00:00:00 from URL: https://www.technologyreview.com/2025/05/16/1116619/the-download-the-first-personalized-gene-editing-drug-and-montanas-right-to-try-experiment/
2025-05-31 22:30:14,359 - WARNING - No date found for URL: https://www.businessinsider.com/6-billion-commure-ordered-stop-selling-healthtech-product-lawsuit-strongline-2025-5
2025-05-31 22:30:14,359 - WARNING - Error parsing date from URL https://gizmodo.com/what-you-learned-about-cell-division-is-probably-wrong-2000597404: month must be in 1..12: 2000-59-74
2025-05-31 22:30:14,359 - WARNING - No date found for URL: https://gizmodo.com/what-you-learned-about-cell-division-is-probably-wrong-2000597404
2025-05-31 22:30:14,359 - WARNING - Error parsing date from URL https://abcnews.go.com/US/boat-washes-ashore-san-diego-3-dead-4/story?id=121475296: month must be in 1..12: 1214-75-29
2025-05-31 22:30:14,359 - WARNING - No date found for URL: https://abcnews.go.com/US/boat-washes-ashore-san-diego-3-dead-4/story?id=121475296
2025-05-31 22:30:14,359 - WARNING - No date found for URL: https://time.com/7283979/runny-nose-causes-treatments/
2025-05-31 22:30:14,359 - INFO - Successfully extracted date 2025-05-05T00:00:00 from URL: https://www.forbes.com/sites/briancastrucci/2025/05/05/seven-ways-the-fda-cuts-could-impact-you/
2025-05-31 22:30:14,359 - INFO - Successfully extracted date 2505-07-14T00:00:00 from URL: https://www.sciencedaily.com/releases/2025/05/250507141142.htm
2025-05-31 22:30:14,359 - WARNING - No date found for URL: https://www.bbc.com/news/articles/cr58me3npm1o
2025-05-31 22:30:14,359 - WARNING - Error parsing date from URL https://gizmodo.com/garmin-epix-gen-2-is-now-closer-to-0-than-its-launch-price-amazon-clears-out-inventory-2000600058: month must be in 1..12: 2000-60-00
2025-05-31 22:30:14,359 - WARNING - No date found for URL: https://gizmodo.com/garmin-epix-gen-2-is-now-closer-to-0-than-its-launch-price-amazon-clears-out-inventory-2000600058
2025-05-31 22:30:14,359 - WARNING - No date found for URL: https://www.bbc.com/sport/rugby-union/articles/cgq300jnylzo
2025-05-31 22:30:14,359 - WARNING - Error parsing date from URL https://www.sciencedaily.com/releases/2025/05/250514164330.htm: month must be in 1..12: 2505-14-16
2025-05-31 22:30:14,359 - WARNING - No date found for URL: https://www.sciencedaily.com/releases/2025/05/250514164330.htm
2025-05-31 22:30:14,359 - WARNING - Error parsing date from URL https://gizmodo.com/35-years-ago-twin-peaks-ended-its-first-season-without-revealing-its-biggest-mystery-2000602264: month must be in 1..12: 2000-60-22
2025-05-31 22:30:14,359 - WARNING - No date found for URL: https://gizmodo.com/35-years-ago-twin-peaks-ended-its-first-season-without-revealing-its-biggest-mystery-2000602264
2025-05-31 22:30:14,359 - WARNING - No date found for URL: https://www.businessinsider.com/how-rudina-seseri-glasswing-ventures-became-top-seed-investor-2025-5
2025-05-31 22:30:14,359 - WARNING - No date found for URL: https://www.androidpolice.com/fitbit-labs-ai-health-records/
2025-05-31 22:30:14,359 - WARNING - No date found for URL: https://www.businessinsider.com/best-countries-to-live-in-american-retiree-full-time-travel
2025-05-31 22:30:14,359 - WARNING - Error parsing date from URL https://gizmodo.com/dc-clayface-movie-rewrite-mike-flanagan-2000598976: month must be in 1..12: 2000-59-89
2025-05-31 22:30:14,359 - WARNING - No date found for URL: https://gizmodo.com/dc-clayface-movie-rewrite-mike-flanagan-2000598976
2025-05-31 22:30:14,359 - WARNING - Error parsing date from URL https://gizmodo.com/barely-sleep-and-still-feel-fine-thank-your-lucky-genes-2000600197: month must be in 1..12: 2000-60-01
2025-05-31 22:30:14,359 - WARNING - No date found for URL: https://gizmodo.com/barely-sleep-and-still-feel-fine-thank-your-lucky-genes-2000600197
2025-05-31 22:30:14,364 - WARNING - Error parsing date from URL https://gizmodo.com/modernas-super-vaccine-for-flu-and-covid-works-now-politics-could-sink-it-2000599293: month must be in 1..12: 2000-59-92
2025-05-31 22:30:14,364 - WARNING - No date found for URL: https://gizmodo.com/modernas-super-vaccine-for-flu-and-covid-works-now-politics-could-sink-it-2000599293
2025-05-31 22:30:14,364 - WARNING - No date found for URL: https://www.wired.com/story/a-baby-received-a-custom-crispr-treatment-in-record-time/
2025-05-31 22:30:14,364 - WARNING - No date found for URL: https://www.theverge.com/politics/663114/surgeon-general-doge-casey-means-sam-corcos-startup-levels-doge
2025-05-31 22:30:14,364 - WARNING - No date found for URL: https://www.businessinsider.com/tech-powerhouses-betting-on-healthcare-ai-amazon-nvidia-2025-5
2025-05-31 22:30:14,364 - WARNING - No date found for URL: https://www.businessinsider.com/trump-prescription-drugs-prices-big-pharma-executive-order-medicines-cost-2025-5
2025-05-31 22:30:14,365 - WARNING - No date found for URL: https://www.bbc.com/news/articles/cx2qvle97nvo
2025-05-31 22:30:14,365 - WARNING - Error parsing date from URL https://gizmodo.com/montana-becomes-the-right-to-try-anything-state-expanding-access-to-experimental-drugs-2000602189: month must be in 1..12: 2000-60-21
2025-05-31 22:30:14,365 - WARNING - No date found for URL: https://gizmodo.com/montana-becomes-the-right-to-try-anything-state-expanding-access-to-experimental-drugs-2000602189
2025-05-31 22:30:14,365 - WARNING - No date found for URL: https://www.cnet.com/health/medical/trump-asks-drugmakers-voluntarily-lower-us-prices-will-they-comply/
2025-05-31 22:30:14,365 - WARNING - No date found for URL: https://www.businessinsider.com/russia-want-medical-grads-find-work-1-year-repay-expenses-2025-5
2025-05-31 22:30:14,365 - WARNING - No date found for URL: https://www.businessinsider.com/high-paying-healthcare-jobs-high-school-no-bachelors-masters-degree-2025-5
2025-05-31 22:30:14,365 - WARNING - No date found for URL: https://www.bbc.com/news/articles/cly3nyqx7xwo
2025-05-31 22:30:14,365 - INFO - Successfully extracted date 2025-05-13T00:00:00 from URL: https://www.npr.org/sections/shots-health-news/2025/05/13/nx-s1-5395834/pharmacists-stockpile-generic-drugs-trump-tariffs
2025-05-31 22:30:14,365 - WARNING - No date found for URL: https://www.businessinsider.com/crowdfunding-medical-bills-disabled-trans-woman-medicaid-healthcare-2025-5
2025-05-31 22:30:14,366 - WARNING - No date found for URL: https://www.bbc.com/news/articles/c8e6wggw233o
2025-05-31 22:30:14,366 - WARNING - No date found for URL: https://time.com/7285548/trump-perscription-drug-cost/
2025-05-31 22:30:14,366 - WARNING - No date found for URL: https://openai.com/index/healthbench/
2025-05-31 22:30:14,366 - WARNING - Error parsing date from URL https://www.yahoo.com/lifestyle/zepbound-beats-wegovy-weight-loss-220146429.html: month must be in 1..12: 2201-46-42
2025-05-31 22:30:14,366 - WARNING - No date found for URL: https://www.yahoo.com/lifestyle/zepbound-beats-wegovy-weight-loss-220146429.html
2025-05-31 22:30:14,366 - WARNING - Error parsing date from URL https://gizmodo.com/why-are-adhd-rates-so-much-higher-in-the-u-s-2000595804: month must be in 1..12: 2000-59-58
2025-05-31 22:30:14,366 - WARNING - No date found for URL: https://gizmodo.com/why-are-adhd-rates-so-much-higher-in-the-u-s-2000595804
2025-05-31 22:30:14,366 - WARNING - No date found for URL: https://www.businessinsider.com/mark-cuban-why-he-started-cost-plus-drugs-2025-5
2025-05-31 22:30:14,367 - INFO - Successfully extracted date 2025-05-07T00:00:00 from URL: https://www.npr.org/2025/05/07/nx-s1-5389962/trump-casey-means-surgeon-general
2025-05-31 22:30:14,367 - WARNING - No date found for URL: https://newrepublic.com/post/194997/trump-surgeon-general-wellness-influencer-casey-means
2025-05-31 22:30:14,367 - WARNING - No date found for URL: https://www.businessinsider.com/ai-startup-unicorns-with-tiny-teams-2025-5
2025-05-31 22:30:14,367 - WARNING - No date found for URL: https://www.wired.com/story/cbp-rescinds-policies-on-care-of-pregnant-women-infants/
2025-05-31 22:30:14,367 - WARNING - No date found for URL: https://www.businessinsider.com/spotify-takes-down-podcasts-peddling-drugs-opioids-2025-5
2025-05-31 22:30:14,367 - WARNING - No date found for URL: https://www.businessinsider.com/insurance-fertility-ivf-costs-hsa-millennial-couple-infertility-2025-3
2025-05-31 22:30:14,367 - WARNING - No date found for URL: https://www.bbc.com/news/articles/cm2374epmmgo
2025-05-31 22:30:14,367 - WARNING - Error parsing date from URL https://gizmodo.com/trump-signs-long-shot-executive-order-he-claims-will-slash-drug-prices-2000600884: month must be in 1..12: 2000-60-08
2025-05-31 22:30:14,367 - WARNING - No date found for URL: https://gizmodo.com/trump-signs-long-shot-executive-order-he-claims-will-slash-drug-prices-2000600884
2025-05-31 22:30:14,368 - WARNING - No date found for URL: https://science.slashdot.org/story/25/05/05/2050232/unitedhealth-now-has-1000-ai-applications-in-production
2025-05-31 22:30:14,368 - WARNING - Error parsing date from URL https://gizmodo.com/the-fda-just-approved-the-first-crispr-edited-pigs-for-food-2000597425: month must be in 1..12: 2000-59-74
2025-05-31 22:30:14,368 - WARNING - No date found for URL: https://gizmodo.com/the-fda-just-approved-the-first-crispr-edited-pigs-for-food-2000597425
2025-05-31 22:30:14,368 - WARNING - No date found for URL: https://www.businessinsider.com/trump-what-china-exports-besides-toys-2025-5
2025-05-31 22:30:14,368 - WARNING - Error parsing date from URL https://gizmodo.com/people-on-ozempic-are-drinking-way-less-2000600281: month must be in 1..12: 2000-60-02
2025-05-31 22:30:14,368 - WARNING - No date found for URL: https://gizmodo.com/people-on-ozempic-are-drinking-way-less-2000600281
2025-05-31 22:30:14,368 - WARNING - No date found for URL: https://www.bbc.com/news/articles/c5y5d2g3wgxo
2025-05-31 22:30:14,368 - WARNING - No date found for URL: https://www.businessinsider.com/how-to-quit-antidepressants-online-clinic-outro-tapering-microdosing-2025-5
2025-05-31 22:30:14,368 - INFO - Successfully extracted date 2025-05-04T00:00:00 from URL: https://www.npr.org/2025/05/04/nx-s1-5386456/mexico-president-rejected-trumps-plan-us-troops-across-border
2025-05-31 22:30:14,369 - INFO - Successfully extracted date 2025-05-16T00:00:00 from URL: https://www.npr.org/2025/05/16/nx-s1-5400266/georgia-brain-dead-fetus-abortion-ban-hospital
2025-05-31 22:30:14,369 - WARNING - No date found for URL: https://www.businessinsider.com/teenager-invents-cheaper-faster-antiviral-drug-manufacturing-method-wins-award-2025-5
2025-05-31 22:30:14,369 - INFO - Successfully extracted date 2025-05-14T00:00:00 from URL: https://www.technologyreview.com/2025/05/14/1116428/first-us-hub-for-experimental-medical-treatments/
2025-05-31 22:30:14,369 - INFO - Successfully extracted date 2025-05-15T00:00:00 from URL: https://www.npr.org/sections/shots-health-news/2025/05/15/nx-s1-5389620/gene-editing-treatment-crispr-inherited
2025-05-31 22:30:14,370 - INFO - Successfully extracted date 2025-05-13T00:00:00 from URL: https://www.npr.org/2025/05/13/nx-s1-5395988/republicans-reconciliation-medicaid-trump-tax-cuts
2025-05-31 22:30:14,370 - WARNING - Error parsing date from URL https://abcnews.go.com/Health/us-drug-overdose-deaths-fell-27-year-reaching/story?id=121744099: month must be in 1..12: 1217-44-09
2025-05-31 22:30:14,370 - WARNING - No date found for URL: https://abcnews.go.com/Health/us-drug-overdose-deaths-fell-27-year-reaching/story?id=121744099
2025-05-31 22:30:14,371 - WARNING - Error parsing date from URL https://abcnews.go.com/Health/dr-casey-means-trumps-pick-us-surgeon-general/story?id=121643609: month must be in 1..12: 1216-43-60
2025-05-31 22:30:14,371 - WARNING - No date found for URL: https://abcnews.go.com/Health/dr-casey-means-trumps-pick-us-surgeon-general/story?id=121643609
2025-05-31 22:30:14,371 - WARNING - Error parsing date from URL https://www.yahoo.com/news/nbcs-mike-tirico-had-medical-212902370.html: day is out of range for month: 2129-02-37
2025-05-31 22:30:14,371 - WARNING - No date found for URL: https://www.yahoo.com/news/nbcs-mike-tirico-had-medical-212902370.html
2025-05-31 22:30:14,371 - WARNING - Error parsing date from URL https://qz.com/eli-lilly-zepbound-wegovy-weight-loss-drug-study-1851780176: month must be in 1..12: 1851-78-01
2025-05-31 22:30:14,371 - WARNING - No date found for URL: https://qz.com/eli-lilly-zepbound-wegovy-weight-loss-drug-study-1851780176
2025-05-31 22:30:14,371 - WARNING - Error parsing date from URL https://abcnews.go.com/Health/wireStory/pharmaceutical-industry-criticizes-drug-pricing-plan-trump-hell-121705643: day is out of range for month: 1217-05-64
2025-05-31 22:30:14,371 - WARNING - No date found for URL: https://abcnews.go.com/Health/wireStory/pharmaceutical-industry-criticizes-drug-pricing-plan-trump-hell-121705643
2025-05-31 22:30:14,371 - WARNING - No date found for URL: https://time.com/7285524/when-to-go-emergency-room-vs-urgent-care/
2025-05-31 22:30:14,371 - INFO - Successfully extracted date 2025-05-06T00:00:00 from URL: https://www.npr.org/2025/05/06/nx-s1-5388198/trump-abortion-drug-case
2025-05-31 22:30:14,371 - WARNING - No date found for URL: https://www.businessinsider.com/seed-40-best-women-early-stage-vc-investors-2025-5
2025-05-31 22:30:14,371 - WARNING - Error parsing date from URL https://qz.com/trump-tariffs-pharma-companies-astrazeneca-gsk-1851779389: month must be in 1..12: 1851-77-93
2025-05-31 22:30:14,371 - WARNING - No date found for URL: https://qz.com/trump-tariffs-pharma-companies-astrazeneca-gsk-1851779389
2025-05-31 22:30:14,371 - WARNING - No date found for URL: https://consent.yahoo.com/v2/collectConsent?sessionId=1_cc-session_c7904365-373a-49bd-bd06-ad3450a116ea
2025-05-31 22:30:14,371 - WARNING - Error parsing date from URL https://gizmodo.com/first-ever-custom-crispr-therapy-saves-infant-with-deadly-genetic-disorder-2000603288: month must be in 1..12: 2000-60-32
2025-05-31 22:30:14,371 - WARNING - No date found for URL: https://gizmodo.com/first-ever-custom-crispr-therapy-saves-infant-with-deadly-genetic-disorder-2000603288
2025-05-31 22:30:14,371 - WARNING - No date found for URL: https://time.com/7284907/ovarian-cyst-diagnosis-treatment/
2025-05-31 22:30:14,371 - INFO - Successfully extracted date 2025-05-08T00:00:00 from URL: https://www.npr.org/2025/05/08/nx-s1-5391310/kennedy-autism-registry-database-hhs-nih-medicare-medicaid
2025-05-31 22:30:14,371 - WARNING - No date found for URL: https://www.theverge.com/news/661695/google-simplify-ai-gemini-feature-ios-app
2025-05-31 22:30:14,371 - WARNING - No date found for URL: https://time.com/7285114/time-announces-time-longevity-a-new-editorial-platform-exploring-the-future-of-living-longer/
2025-05-31 22:30:14,371 - INFO - Successfully extracted date 2025-05-13T00:00:00 from URL: https://www.npr.org/sections/shots-health-news/2025/05/13/nx-s1-5393935/quarter-children-have-parent-substance-use-disorder-study
2025-05-31 22:30:14,371 - WARNING - No date found for URL: https://slate.com/podcasts/what-next/2025/05/trumps-tariffs-are-in-the-supply-chain
2025-05-31 22:30:14,371 - INFO - Successfully extracted date 2025-05-15T00:00:00 from URL: https://www.techdirt.com/2025/05/15/rfk-jr-finally-says-something-sensible-dont-take-medical-advice-from-me/
2025-05-31 22:30:14,374 - WARNING - Error parsing date from URL https://www.yahoo.com/news/luis-antonio-tagle-philippine-cardinal-035147259.html: month must be in 1..12: 0351-47-25
2025-05-31 22:30:14,374 - WARNING - No date found for URL: https://www.yahoo.com/news/luis-antonio-tagle-philippine-cardinal-035147259.html
2025-05-31 22:30:14,374 - WARNING - No date found for URL: https://www.wearegreenbay.com/news/local-news/large-quantity-of-drugs-found-following-a-pursuit-in-wisconsin-two-men-arrested/
2025-05-31 22:30:14,374 - INFO - Successfully extracted date 2025-05-03T00:00:00 from URL: https://www.yankodesign.com/2025/05/03/origami-in-industrial-design-unlocking-the-art-of-precision/
2025-05-31 22:30:14,375 - WARNING - No date found for URL: https://www.businessinsider.com/at-home-pap-smear-wand-approved-fda-teal-health-2025-5
2025-05-31 22:30:14,375 - WARNING - No date found for URL: https://blog.google/technology/research/google-research-scientific-discovery/
2025-05-31 22:30:14,375 - INFO - Successfully extracted date 2025-05-14T00:00:00 from URL: https://www.forbes.com/sites/greatspeculations/2025/05/14/a-silent-crash-inside-sps-good-day/
2025-05-31 22:30:14,375 - WARNING - No date found for URL: https://www.businessinsider.com/pharma-stocks-eli-lily-pfizer-drug-prices-us-china-trade-2025-5
2025-05-31 22:30:14,375 - INFO - Successfully extracted date 2505-07-14T00:00:00 from URL: https://www.sciencedaily.com/releases/2025/05/250507141132.htm
2025-05-31 22:30:14,375 - WARNING - No date found for URL: https://www.scientificamerican.com/podcast/episode/new-data-released-from-nasas-juno-mission-and-new-satellites-launched-for/
2025-05-31 22:30:14,376 - WARNING - Error parsing date from URL https://qz.com/trump-executive-order-drug-prices-pharma-eli-lilly-1851780259: month must be in 1..12: 1851-78-02
2025-05-31 22:30:14,376 - WARNING - No date found for URL: https://qz.com/trump-executive-order-drug-prices-pharma-eli-lilly-1851780259
2025-05-31 22:30:14,376 - WARNING - Error parsing date from URL https://www.yahoo.com/news/fda-approves-novavax-covid-19-022122081.html: month must be in 1..12: 0221-22-08
2025-05-31 22:30:14,376 - WARNING - No date found for URL: https://www.yahoo.com/news/fda-approves-novavax-covid-19-022122081.html
2025-05-31 22:30:14,376 - WARNING - Error parsing date from URL https://consent.yahoo.com/v2/collectConsent?sessionId=1_cc-session_00f63387-3c5d-42b0-b92d-ff528148013a: month must be in 1..12: 5281-48-01
2025-05-31 22:30:14,376 - WARNING - No date found for URL: https://consent.yahoo.com/v2/collectConsent?sessionId=1_cc-session_00f63387-3c5d-42b0-b92d-ff528148013a
2025-05-31 22:30:14,376 - WARNING - No date found for URL: https://www.bbc.com/sport/motorsport/articles/c9wgj8ye4vdo
2025-05-31 22:30:14,376 - WARNING - No date found for URL: https://consent.yahoo.com/v2/collectConsent?sessionId=1_cc-session_16bc978e-779a-4633-86aa-7ab687d03f9f
2025-05-31 22:30:14,377 - WARNING - No date found for URL: https://www.bbc.com/news/articles/clygl4e0rneo
2025-05-31 22:30:14,377 - INFO - Successfully extracted date 2025-05-07T00:00:00 from URL: https://www.npr.org/2025/05/07/nx-s1-5388488/three-memphis-police-officers-found-not-guilty-in-the-death-of-tyre-nichols
2025-05-31 22:30:14,377 - WARNING - No date found for URL: https://news.slashdot.org/story/25/05/05/0649225/majority-in-uk-now-self-identify-as-neurodivergent
2025-05-31 22:30:14,377 - WARNING - No date found for URL: https://www.cnet.com/health/medical/measles-cases-spread-across-us-mexico-and-canada-learn-how-to-protect-yourself/
2025-05-31 22:30:14,377 - WARNING - No date found for URL: https://www.aljazeera.com/news/2025/5/18/israeli-strikes-batter-gaza-hospitals-as-brutal-siege-bombing-intensify
2025-05-31 22:30:14,377 - WARNING - Error parsing date from URL https://abcnews.go.com/Health/measles-cases-reach-1024-us-infections-confirmed-30/story?id=121869702: month must be in 1..12: 1218-69-70
2025-05-31 22:30:14,377 - WARNING - No date found for URL: https://abcnews.go.com/Health/measles-cases-reach-1024-us-infections-confirmed-30/story?id=121869702
2025-05-31 22:30:14,377 - INFO - Successfully extracted date 2025-05-06T00:00:00 from URL: https://www.forbes.com/sites/partnerreleases/2025/05/06/leading-healthcare-executive-examines-how-ai-big-tech-and-retail-medicine-are-reshaping-the-industry/
2025-05-31 22:30:14,378 - WARNING - No date found for URL: https://time.com/7285865/rfk-jr-infant-formula-review-expert-advice-for-parents/
2025-05-31 22:30:14,378 - WARNING - Error parsing date from URL https://qz.com/drug-prices-eli-lilly-pfizer-novo-nordisk-trump-pharma-1851780206: month must be in 1..12: 1851-78-02
2025-05-31 22:30:14,378 - WARNING - No date found for URL: https://qz.com/drug-prices-eli-lilly-pfizer-novo-nordisk-trump-pharma-1851780206
2025-05-31 22:30:14,378 - WARNING - No date found for URL: https://www.bbc.com/news/articles/cg5v2rjp84ro
2025-05-31 22:30:14,378 - WARNING - No date found for URL: https://www.bbc.com/news/articles/cnv13pz88n8o
2025-05-31 22:30:14,378 - INFO - Successfully extracted date 2025-05-06T00:00:00 from URL: https://www.yankodesign.com/2025/05/06/dengue-home-test-kit-concept-can-help-with-early-detection-and-medical-intervention/
2025-05-31 22:30:14,378 - INFO - Successfully extracted date 2025-05-16T00:00:00 from URL: https://www.technologyreview.com/2025/05/16/1116619/the-download-the-first-personalized-gene-editing-drug-and-montanas-right-to-try-experiment/
2025-05-31 22:30:14,378 - WARNING - No date found for URL: https://www.businessinsider.com/6-billion-commure-ordered-stop-selling-healthtech-product-lawsuit-strongline-2025-5
2025-05-31 22:30:14,379 - WARNING - Error parsing date from URL https://gizmodo.com/what-you-learned-about-cell-division-is-probably-wrong-2000597404: month must be in 1..12: 2000-59-74
2025-05-31 22:30:14,379 - WARNING - No date found for URL: https://gizmodo.com/what-you-learned-about-cell-division-is-probably-wrong-2000597404
2025-05-31 22:30:14,379 - WARNING - Error parsing date from URL https://abcnews.go.com/US/boat-washes-ashore-san-diego-3-dead-4/story?id=121475296: month must be in 1..12: 1214-75-29
2025-05-31 22:30:14,379 - WARNING - No date found for URL: https://abcnews.go.com/US/boat-washes-ashore-san-diego-3-dead-4/story?id=121475296
2025-05-31 22:30:14,379 - WARNING - No date found for URL: https://time.com/7283979/runny-nose-causes-treatments/
2025-05-31 22:30:14,379 - INFO - Successfully extracted date 2025-05-05T00:00:00 from URL: https://www.forbes.com/sites/briancastrucci/2025/05/05/seven-ways-the-fda-cuts-could-impact-you/
2025-05-31 22:30:14,379 - INFO - Successfully extracted date 2505-07-14T00:00:00 from URL: https://www.sciencedaily.com/releases/2025/05/250507141142.htm
2025-05-31 22:30:14,379 - WARNING - No date found for URL: https://www.bbc.com/news/articles/cr58me3npm1o
2025-05-31 22:30:14,379 - WARNING - Error parsing date from URL https://gizmodo.com/garmin-epix-gen-2-is-now-closer-to-0-than-its-launch-price-amazon-clears-out-inventory-2000600058: month must be in 1..12: 2000-60-00
2025-05-31 22:30:14,379 - WARNING - No date found for URL: https://gizmodo.com/garmin-epix-gen-2-is-now-closer-to-0-than-its-launch-price-amazon-clears-out-inventory-2000600058
2025-05-31 22:30:14,379 - WARNING - No date found for URL: https://www.bbc.com/sport/rugby-union/articles/cgq300jnylzo
2025-05-31 22:30:14,379 - WARNING - Error parsing date from URL https://www.sciencedaily.com/releases/2025/05/250514164330.htm: month must be in 1..12: 2505-14-16
2025-05-31 22:30:14,379 - WARNING - No date found for URL: https://www.sciencedaily.com/releases/2025/05/250514164330.htm
2025-05-31 22:30:14,379 - WARNING - Error parsing date from URL https://gizmodo.com/35-years-ago-twin-peaks-ended-its-first-season-without-revealing-its-biggest-mystery-2000602264: month must be in 1..12: 2000-60-22
2025-05-31 22:30:14,379 - WARNING - No date found for URL: https://gizmodo.com/35-years-ago-twin-peaks-ended-its-first-season-without-revealing-its-biggest-mystery-2000602264
2025-05-31 22:30:14,379 - WARNING - No date found for URL: https://www.businessinsider.com/how-rudina-seseri-glasswing-ventures-became-top-seed-investor-2025-5
2025-05-31 22:30:14,379 - WARNING - No date found for URL: https://www.androidpolice.com/fitbit-labs-ai-health-records/
2025-05-31 22:30:14,379 - WARNING - No date found for URL: https://www.businessinsider.com/best-countries-to-live-in-american-retiree-full-time-travel
2025-05-31 22:30:14,379 - WARNING - Error parsing date from URL https://gizmodo.com/dc-clayface-movie-rewrite-mike-flanagan-2000598976: month must be in 1..12: 2000-59-89
2025-05-31 22:30:14,379 - WARNING - No date found for URL: https://gizmodo.com/dc-clayface-movie-rewrite-mike-flanagan-2000598976
2025-05-31 22:30:14,379 - WARNING - Error parsing date from URL https://gizmodo.com/barely-sleep-and-still-feel-fine-thank-your-lucky-genes-2000600197: month must be in 1..12: 2000-60-01
2025-05-31 22:30:14,379 - WARNING - No date found for URL: https://gizmodo.com/barely-sleep-and-still-feel-fine-thank-your-lucky-genes-2000600197
2025-05-31 22:30:14,379 - WARNING - Error parsing date from URL https://gizmodo.com/modernas-super-vaccine-for-flu-and-covid-works-now-politics-could-sink-it-2000599293: month must be in 1..12: 2000-59-92
2025-05-31 22:30:14,379 - WARNING - No date found for URL: https://gizmodo.com/modernas-super-vaccine-for-flu-and-covid-works-now-politics-could-sink-it-2000599293
2025-05-31 22:30:14,379 - WARNING - No date found for URL: https://www.wired.com/story/a-baby-received-a-custom-crispr-treatment-in-record-time/
2025-05-31 22:30:14,379 - WARNING - No date found for URL: https://www.theverge.com/politics/663114/surgeon-general-doge-casey-means-sam-corcos-startup-levels-doge
2025-05-31 22:30:14,379 - WARNING - No date found for URL: https://www.businessinsider.com/tech-powerhouses-betting-on-healthcare-ai-amazon-nvidia-2025-5
2025-05-31 22:30:14,379 - WARNING - No date found for URL: https://www.businessinsider.com/trump-prescription-drugs-prices-big-pharma-executive-order-medicines-cost-2025-5
2025-05-31 22:30:14,379 - WARNING - No date found for URL: https://www.bbc.com/news/articles/cx2qvle97nvo
2025-05-31 22:30:14,379 - WARNING - Error parsing date from URL https://gizmodo.com/montana-becomes-the-right-to-try-anything-state-expanding-access-to-experimental-drugs-2000602189: month must be in 1..12: 2000-60-21
2025-05-31 22:30:14,379 - WARNING - No date found for URL: https://gizmodo.com/montana-becomes-the-right-to-try-anything-state-expanding-access-to-experimental-drugs-2000602189
2025-05-31 22:30:14,379 - WARNING - No date found for URL: https://www.cnet.com/health/medical/trump-asks-drugmakers-voluntarily-lower-us-prices-will-they-comply/
2025-05-31 22:30:14,379 - WARNING - No date found for URL: https://www.theverge.com/news/669548/23andme-bankruptcy-auction-regeneron-purchase
2025-05-31 22:30:14,379 - WARNING - No date found for URL: https://www.businessinsider.com/russia-want-medical-grads-find-work-1-year-repay-expenses-2025-5
2025-05-31 22:30:14,379 - WARNING - No date found for URL: https://www.businessinsider.com/high-paying-healthcare-jobs-high-school-no-bachelors-masters-degree-2025-5
2025-05-31 22:30:14,379 - WARNING - No date found for URL: https://www.bbc.com/news/articles/cly3nyqx7xwo
2025-05-31 22:30:14,379 - INFO - Successfully extracted date 2025-05-13T00:00:00 from URL: https://www.npr.org/sections/shots-health-news/2025/05/13/nx-s1-5395834/pharmacists-stockpile-generic-drugs-trump-tariffs
2025-05-31 22:30:14,379 - WARNING - No date found for URL: https://www.businessinsider.com/crowdfunding-medical-bills-disabled-trans-woman-medicaid-healthcare-2025-5
2025-05-31 22:30:14,379 - WARNING - No date found for URL: https://www.bbc.com/news/articles/c8e6wggw233o
2025-05-31 22:30:14,379 - WARNING - No date found for URL: https://time.com/7285548/trump-perscription-drug-cost/
2025-05-31 22:30:14,384 - WARNING - No date found for URL: https://openai.com/index/healthbench/
2025-05-31 22:30:14,384 - WARNING - Error parsing date from URL https://www.yahoo.com/lifestyle/zepbound-beats-wegovy-weight-loss-220146429.html: month must be in 1..12: 2201-46-42
2025-05-31 22:30:14,384 - WARNING - No date found for URL: https://www.yahoo.com/lifestyle/zepbound-beats-wegovy-weight-loss-220146429.html
2025-05-31 22:30:14,384 - WARNING - Error parsing date from URL https://gizmodo.com/why-are-adhd-rates-so-much-higher-in-the-u-s-2000595804: month must be in 1..12: 2000-59-58
2025-05-31 22:30:14,384 - WARNING - No date found for URL: https://gizmodo.com/why-are-adhd-rates-so-much-higher-in-the-u-s-2000595804
2025-05-31 22:30:14,384 - WARNING - No date found for URL: https://www.businessinsider.com/mark-cuban-why-he-started-cost-plus-drugs-2025-5
2025-05-31 22:30:14,385 - INFO - Successfully extracted date 2025-05-07T00:00:00 from URL: https://www.npr.org/2025/05/07/nx-s1-5389962/trump-casey-means-surgeon-general
2025-05-31 22:30:14,385 - WARNING - No date found for URL: https://newrepublic.com/post/194997/trump-surgeon-general-wellness-influencer-casey-means
2025-05-31 22:30:14,385 - WARNING - No date found for URL: https://www.wired.com/story/cbp-rescinds-policies-on-care-of-pregnant-women-infants/
2025-05-31 22:30:14,385 - WARNING - No date found for URL: https://www.businessinsider.com/spotify-takes-down-podcasts-peddling-drugs-opioids-2025-5
2025-05-31 22:30:14,385 - WARNING - No date found for URL: https://www.businessinsider.com/ai-startup-unicorns-with-tiny-teams-2025-5
2025-05-31 22:30:14,386 - WARNING - No date found for URL: https://www.bbc.com/news/articles/cm2374epmmgo
2025-05-31 22:30:14,386 - WARNING - No date found for URL: https://www.businessinsider.com/insurance-fertility-ivf-costs-hsa-millennial-couple-infertility-2025-3
2025-05-31 22:30:14,386 - WARNING - Error parsing date from URL https://gizmodo.com/trump-signs-long-shot-executive-order-he-claims-will-slash-drug-prices-2000600884: month must be in 1..12: 2000-60-08
2025-05-31 22:30:14,386 - WARNING - No date found for URL: https://gizmodo.com/trump-signs-long-shot-executive-order-he-claims-will-slash-drug-prices-2000600884
2025-05-31 22:30:14,386 - WARNING - No date found for URL: https://science.slashdot.org/story/25/05/05/2050232/unitedhealth-now-has-1000-ai-applications-in-production
2025-05-31 22:30:14,387 - WARNING - No date found for URL: https://www.businessinsider.com/pharma-heir-lawyer-10-million-dollar-gift-lawsuit-2025-5
2025-05-31 22:30:14,387 - WARNING - No date found for URL: https://www.bbc.com/news/articles/c7v7n81emy3o
2025-05-31 22:30:14,387 - WARNING - No date found for URL: https://www.businessinsider.com/trump-what-china-exports-besides-toys-2025-5
2025-05-31 22:30:14,387 - WARNING - Error parsing date from URL https://gizmodo.com/people-on-ozempic-are-drinking-way-less-2000600281: month must be in 1..12: 2000-60-02
2025-05-31 22:30:14,387 - WARNING - No date found for URL: https://gizmodo.com/people-on-ozempic-are-drinking-way-less-2000600281
2025-05-31 22:30:14,388 - WARNING - No date found for URL: https://www.bbc.com/news/articles/c5y5d2g3wgxo
2025-05-31 22:30:14,388 - WARNING - No date found for URL: https://www.businessinsider.com/how-to-quit-antidepressants-online-clinic-outro-tapering-microdosing-2025-5
2025-05-31 22:30:14,388 - INFO - Successfully extracted date 2025-05-04T00:00:00 from URL: https://www.npr.org/2025/05/04/nx-s1-5386456/mexico-president-rejected-trumps-plan-us-troops-across-border
2025-05-31 22:30:14,388 - INFO - Successfully extracted date 2025-05-16T00:00:00 from URL: https://www.npr.org/2025/05/16/nx-s1-5400266/georgia-brain-dead-fetus-abortion-ban-hospital
2025-05-31 22:30:14,388 - WARNING - No date found for URL: https://www.businessinsider.com/teenager-invents-cheaper-faster-antiviral-drug-manufacturing-method-wins-award-2025-5
2025-05-31 22:30:14,388 - INFO - Successfully extracted date 2025-05-14T00:00:00 from URL: https://www.technologyreview.com/2025/05/14/1116428/first-us-hub-for-experimental-medical-treatments/
2025-05-31 22:30:14,388 - INFO - Successfully extracted date 2025-05-15T00:00:00 from URL: https://www.npr.org/sections/shots-health-news/2025/05/15/nx-s1-5389620/gene-editing-treatment-crispr-inherited
2025-05-31 22:30:14,389 - INFO - Successfully extracted date 2025-05-13T00:00:00 from URL: https://www.npr.org/2025/05/13/nx-s1-5395988/republicans-reconciliation-medicaid-trump-tax-cuts
2025-05-31 22:30:14,389 - WARNING - Error parsing date from URL https://abcnews.go.com/Health/us-drug-overdose-deaths-fell-27-year-reaching/story?id=121744099: month must be in 1..12: 1217-44-09
2025-05-31 22:30:14,389 - WARNING - No date found for URL: https://abcnews.go.com/Health/us-drug-overdose-deaths-fell-27-year-reaching/story?id=121744099
2025-05-31 22:30:14,389 - WARNING - Error parsing date from URL https://abcnews.go.com/Health/dr-casey-means-trumps-pick-us-surgeon-general/story?id=121643609: month must be in 1..12: 1216-43-60
2025-05-31 22:30:14,389 - WARNING - No date found for URL: https://abcnews.go.com/Health/dr-casey-means-trumps-pick-us-surgeon-general/story?id=121643609
2025-05-31 22:30:14,389 - WARNING - Error parsing date from URL https://www.yahoo.com/news/nbcs-mike-tirico-had-medical-212902370.html: day is out of range for month: 2129-02-37
2025-05-31 22:30:14,389 - WARNING - No date found for URL: https://www.yahoo.com/news/nbcs-mike-tirico-had-medical-212902370.html
2025-05-31 22:30:14,389 - WARNING - Error parsing date from URL https://qz.com/eli-lilly-zepbound-wegovy-weight-loss-drug-study-1851780176: month must be in 1..12: 1851-78-01
2025-05-31 22:30:14,389 - WARNING - No date found for URL: https://qz.com/eli-lilly-zepbound-wegovy-weight-loss-drug-study-1851780176
2025-05-31 22:30:14,389 - WARNING - Error parsing date from URL https://abcnews.go.com/Health/wireStory/pharmaceutical-industry-criticizes-drug-pricing-plan-trump-hell-121705643: day is out of range for month: 1217-05-64
2025-05-31 22:30:14,389 - WARNING - No date found for URL: https://abcnews.go.com/Health/wireStory/pharmaceutical-industry-criticizes-drug-pricing-plan-trump-hell-121705643
2025-05-31 22:30:14,389 - WARNING - No date found for URL: https://time.com/7285524/when-to-go-emergency-room-vs-urgent-care/
2025-05-31 22:30:14,389 - INFO - Successfully extracted date 2025-05-06T00:00:00 from URL: https://www.npr.org/2025/05/06/nx-s1-5388198/trump-abortion-drug-case
2025-05-31 22:30:14,389 - WARNING - No date found for URL: https://www.businessinsider.com/seed-40-best-women-early-stage-vc-investors-2025-5
2025-05-31 22:30:14,389 - WARNING - Error parsing date from URL https://qz.com/trump-tariffs-pharma-companies-astrazeneca-gsk-1851779389: month must be in 1..12: 1851-77-93
2025-05-31 22:30:14,389 - WARNING - No date found for URL: https://qz.com/trump-tariffs-pharma-companies-astrazeneca-gsk-1851779389
2025-05-31 22:30:14,389 - WARNING - Error parsing date from URL https://gizmodo.com/first-ever-custom-crispr-therapy-saves-infant-with-deadly-genetic-disorder-2000603288: month must be in 1..12: 2000-60-32
2025-05-31 22:30:14,389 - WARNING - No date found for URL: https://gizmodo.com/first-ever-custom-crispr-therapy-saves-infant-with-deadly-genetic-disorder-2000603288
2025-05-31 22:30:14,389 - INFO - Successfully extracted date 2025-05-08T00:00:00 from URL: https://www.npr.org/2025/05/08/nx-s1-5391310/kennedy-autism-registry-database-hhs-nih-medicare-medicaid
2025-05-31 22:30:14,389 - WARNING - No date found for URL: https://time.com/7284907/ovarian-cyst-diagnosis-treatment/
2025-05-31 22:30:14,389 - WARNING - No date found for URL: https://www.theverge.com/news/661695/google-simplify-ai-gemini-feature-ios-app
2025-05-31 22:30:14,389 - WARNING - No date found for URL: https://time.com/7285114/time-announces-time-longevity-a-new-editorial-platform-exploring-the-future-of-living-longer/
2025-05-31 22:30:14,389 - INFO - Successfully extracted date 2025-05-13T00:00:00 from URL: https://www.npr.org/sections/shots-health-news/2025/05/13/nx-s1-5393935/quarter-children-have-parent-substance-use-disorder-study
2025-05-31 22:30:14,389 - WARNING - No date found for URL: https://slate.com/podcasts/what-next/2025/05/trumps-tariffs-are-in-the-supply-chain
2025-05-31 22:30:14,389 - INFO - Successfully extracted date 2025-05-15T00:00:00 from URL: https://www.techdirt.com/2025/05/15/rfk-jr-finally-says-something-sensible-dont-take-medical-advice-from-me/
2025-05-31 22:30:14,389 - WARNING - Error parsing date from URL https://www.yahoo.com/news/luis-antonio-tagle-philippine-cardinal-035147259.html: month must be in 1..12: 0351-47-25
2025-05-31 22:30:14,389 - WARNING - No date found for URL: https://www.yahoo.com/news/luis-antonio-tagle-philippine-cardinal-035147259.html
2025-05-31 22:30:14,389 - WARNING - No date found for URL: https://www.wearegreenbay.com/news/local-news/large-quantity-of-drugs-found-following-a-pursuit-in-wisconsin-two-men-arrested/
2025-05-31 22:30:14,389 - WARNING - No date found for URL: https://www.businessinsider.com/at-home-pap-smear-wand-approved-fda-teal-health-2025-5
2025-05-31 22:30:14,389 - WARNING - No date found for URL: https://blog.google/technology/research/google-research-scientific-discovery/
2025-05-31 22:30:14,389 - WARNING - No date found for URL: https://www.businessinsider.com/pharma-stocks-eli-lily-pfizer-drug-prices-us-china-trade-2025-5
2025-05-31 22:30:14,389 - INFO - Successfully extracted date 2025-05-14T00:00:00 from URL: https://www.forbes.com/sites/greatspeculations/2025/05/14/a-silent-crash-inside-sps-good-day/
2025-05-31 22:30:14,389 - INFO - Successfully extracted date 2505-07-14T00:00:00 from URL: https://www.sciencedaily.com/releases/2025/05/250507141132.htm
2025-05-31 22:30:14,389 - WARNING - Error parsing date from URL https://gizmodo.com/26-unidentified-bacterial-species-detected-in-nasa-cleanroom-2000603987: month must be in 1..12: 2000-60-39
2025-05-31 22:30:14,389 - WARNING - No date found for URL: https://gizmodo.com/26-unidentified-bacterial-species-detected-in-nasa-cleanroom-2000603987
2025-05-31 22:30:14,389 - WARNING - No date found for URL: https://www.scientificamerican.com/podcast/episode/new-data-released-from-nasas-juno-mission-and-new-satellites-launched-for/
2025-05-31 22:30:14,394 - WARNING - Error parsing date from URL https://qz.com/trump-executive-order-drug-prices-pharma-eli-lilly-1851780259: month must be in 1..12: 1851-78-02
2025-05-31 22:30:14,394 - WARNING - No date found for URL: https://qz.com/trump-executive-order-drug-prices-pharma-eli-lilly-1851780259
2025-05-31 22:30:14,394 - WARNING - Error parsing date from URL https://www.yahoo.com/news/fda-approves-novavax-covid-19-022122081.html: month must be in 1..12: 0221-22-08
2025-05-31 22:30:14,394 - WARNING - No date found for URL: https://www.yahoo.com/news/fda-approves-novavax-covid-19-022122081.html
2025-05-31 22:30:14,394 - WARNING - No date found for URL: https://time.com/7285935/are-protein-shakes-good-for-you/
2025-05-31 22:30:14,395 - WARNING - Error parsing date from URL https://consent.yahoo.com/v2/collectConsent?sessionId=1_cc-session_00f63387-3c5d-42b0-b92d-ff528148013a: month must be in 1..12: 5281-48-01
2025-05-31 22:30:14,395 - WARNING - No date found for URL: https://consent.yahoo.com/v2/collectConsent?sessionId=1_cc-session_00f63387-3c5d-42b0-b92d-ff528148013a
2025-05-31 22:30:14,395 - WARNING - No date found for URL: https://consent.yahoo.com/v2/collectConsent?sessionId=1_cc-session_282435ce-766b-41ed-9f63-0be4376b405e
2025-05-31 22:30:14,395 - WARNING - No date found for URL: https://www.bbc.com/sport/motorsport/articles/c9wgj8ye4vdo
2025-05-31 22:30:14,395 - WARNING - No date found for URL: https://consent.yahoo.com/v2/collectConsent?sessionId=1_cc-session_16bc978e-779a-4633-86aa-7ab687d03f9f
2025-05-31 22:30:14,395 - WARNING - No date found for URL: https://www.bbc.com/news/articles/clygl4e0rneo
2025-05-31 22:30:14,395 - INFO - Successfully extracted date 2025-05-07T00:00:00 from URL: https://www.npr.org/2025/05/07/nx-s1-5388488/three-memphis-police-officers-found-not-guilty-in-the-death-of-tyre-nichols
2025-05-31 22:30:14,396 - WARNING - No date found for URL: https://news.slashdot.org/story/25/05/05/0649225/majority-in-uk-now-self-identify-as-neurodivergent
2025-05-31 22:30:14,396 - WARNING - No date found for URL: https://www.cnet.com/health/medical/measles-cases-spread-across-us-mexico-and-canada-learn-how-to-protect-yourself/
2025-05-31 22:30:14,396 - WARNING - No date found for URL: https://www.aljazeera.com/news/2025/5/18/israeli-strikes-batter-gaza-hospitals-as-brutal-siege-bombing-intensify
2025-05-31 22:30:14,396 - WARNING - Error parsing date from URL https://abcnews.go.com/Health/measles-cases-reach-1024-us-infections-confirmed-30/story?id=121869702: month must be in 1..12: 1218-69-70
2025-05-31 22:30:14,396 - WARNING - No date found for URL: https://abcnews.go.com/Health/measles-cases-reach-1024-us-infections-confirmed-30/story?id=121869702
2025-05-31 22:30:14,396 - INFO - Successfully extracted date 2025-05-06T00:00:00 from URL: https://www.forbes.com/sites/partnerreleases/2025/05/06/leading-healthcare-executive-examines-how-ai-big-tech-and-retail-medicine-are-reshaping-the-industry/
2025-05-31 22:30:14,396 - WARNING - No date found for URL: https://time.com/7285865/rfk-jr-infant-formula-review-expert-advice-for-parents/
2025-05-31 22:30:14,397 - WARNING - Error parsing date from URL https://qz.com/drug-prices-eli-lilly-pfizer-novo-nordisk-trump-pharma-1851780206: month must be in 1..12: 1851-78-02
2025-05-31 22:30:14,397 - WARNING - No date found for URL: https://qz.com/drug-prices-eli-lilly-pfizer-novo-nordisk-trump-pharma-1851780206
2025-05-31 22:30:14,397 - WARNING - No date found for URL: https://www.bbc.com/news/articles/cg5v2rjp84ro
2025-05-31 22:30:14,397 - WARNING - No date found for URL: https://www.bbc.com/news/articles/cnv13pz88n8o
2025-05-31 22:30:14,397 - INFO - Successfully extracted date 2025-05-06T00:00:00 from URL: https://www.yankodesign.com/2025/05/06/dengue-home-test-kit-concept-can-help-with-early-detection-and-medical-intervention/
2025-05-31 22:30:14,397 - INFO - Successfully extracted date 2025-05-16T00:00:00 from URL: https://www.technologyreview.com/2025/05/16/1116619/the-download-the-first-personalized-gene-editing-drug-and-montanas-right-to-try-experiment/
2025-05-31 22:30:14,397 - WARNING - No date found for URL: https://www.businessinsider.com/6-billion-commure-ordered-stop-selling-healthtech-product-lawsuit-strongline-2025-5
2025-05-31 22:30:14,397 - WARNING - Error parsing date from URL https://gizmodo.com/what-you-learned-about-cell-division-is-probably-wrong-2000597404: month must be in 1..12: 2000-59-74
2025-05-31 22:30:14,398 - WARNING - No date found for URL: https://gizmodo.com/what-you-learned-about-cell-division-is-probably-wrong-2000597404
2025-05-31 22:30:14,398 - WARNING - No date found for URL: https://www.wired.com/story/shaun-maguire-starlink-idf-israel-gaza/
2025-05-31 22:30:14,398 - WARNING - No date found for URL: https://www.businessinsider.com/marc-andreessen-us-china-open-source-ai-a16z-2025-5
2025-05-31 22:30:14,398 - INFO - Successfully extracted date 2025-05-26T00:00:00 from URL: https://www.newyorker.com/magazine/2025/05/26/rfk-jr-anthony-fauci-and-the-revolt-against-expertise
2025-05-31 22:30:14,398 - WARNING - Error parsing date from URL https://abcnews.go.com/US/boat-washes-ashore-san-diego-3-dead-4/story?id=121475296: month must be in 1..12: 1214-75-29
2025-05-31 22:30:14,398 - WARNING - No date found for URL: https://abcnews.go.com/US/boat-washes-ashore-san-diego-3-dead-4/story?id=121475296
2025-05-31 22:30:14,398 - WARNING - No date found for URL: https://time.com/7283979/runny-nose-causes-treatments/
2025-05-31 22:30:14,398 - WARNING - No date found for URL: https://shop.uncrate.com/products/recon
2025-05-31 22:30:14,399 - INFO - Successfully extracted date 2025-05-05T00:00:00 from URL: https://www.forbes.com/sites/briancastrucci/2025/05/05/seven-ways-the-fda-cuts-could-impact-you/
2025-05-31 22:30:14,399 - INFO - Successfully extracted date 2505-07-14T00:00:00 from URL: https://www.sciencedaily.com/releases/2025/05/250507141142.htm
2025-05-31 22:30:14,399 - WARNING - No date found for URL: https://www.bbc.com/news/articles/cr58me3npm1o
2025-05-31 22:30:14,399 - WARNING - Error parsing date from URL https://gizmodo.com/garmin-epix-gen-2-is-now-closer-to-0-than-its-launch-price-amazon-clears-out-inventory-2000600058: month must be in 1..12: 2000-60-00
2025-05-31 22:30:14,399 - WARNING - No date found for URL: https://gizmodo.com/garmin-epix-gen-2-is-now-closer-to-0-than-its-launch-price-amazon-clears-out-inventory-2000600058
2025-05-31 22:30:14,399 - WARNING - No date found for URL: https://www.bbc.com/sport/rugby-union/articles/cgq300jnylzo
2025-05-31 22:30:14,399 - WARNING - No date found for URL: https://www.bbc.com/news/articles/cq54w0nj2g7o
2025-05-31 22:30:14,399 - INFO - Processing file: WebFocusedCrawlWork/items.jl
2025-05-31 22:30:14,408 - INFO - Successfully extracted date 2006-03-29T00:00:00 from text: https://en.wikipedia.org/wiki/Eli_Lilly_and_Company
2025-05-31 22:30:14,409 - INFO - Successfully extracted date 2024-12-20T00:00:00 from text: https://en.wikipedia.org/wiki/UnitedHealth_Group
2025-05-31 22:30:14,411 - INFO - Successfully extracted date 2023-09-14T00:00:00 from text: https://en.wikipedia.org/wiki/Johnson_%26_Johnson
2025-05-31 22:30:14,411 - INFO - Successfully extracted date 2012-04-10T00:00:00 from text: https://en.wikipedia.org/wiki/AbbVie
2025-05-31 22:30:14,411 - INFO - Successfully extracted date 1944-08-22T00:00:00 from text: https://en.wikipedia.org/wiki/Abbott_Laboratories
2025-05-31 22:30:14,414 - INFO - Successfully extracted date 2014-09-04T00:00:00 from text: https://en.wikipedia.org/wiki/Merck_%26_Co.
2025-05-31 22:30:14,415 - INFO - Successfully extracted date 2017-10-06T00:00:00 from text: https://en.wikipedia.org/wiki/Intuitive_Surgical
2025-05-31 22:30:14,416 - INFO - Successfully extracted date 2006-05-08T00:00:00 from text: https://en.wikipedia.org/wiki/Thermo_Fisher_Scientific
2025-05-31 22:30:14,416 - INFO - Successfully extracted date 1980-04-08T00:00:00 from text: https://en.wikipedia.org/wiki/Amgen
2025-05-31 22:30:14,417 - INFO - Successfully extracted date 1979-06-29T00:00:00 from text: https://en.wikipedia.org/wiki/Boston_Scientific
2025-05-31 22:30:14,417 - INFO - Successfully extracted date 2025-05-06T00:00:00 from URL: https://www.cnbc.com/2025/05/06/luigi-mangiones-legal-defense-fund-hits-1-million-in-donations.html
2025-05-31 22:30:14,417 - INFO - Successfully extracted date 2025-04-17T00:00:00 from URL: https://www.cnbc.com/2025/04/17/unitedhealths-guidance-cut-may-mean-trouble-for-more-insurers.html
2025-05-31 22:30:14,418 - INFO - Successfully extracted date 2025-04-17T00:00:00 from URL: https://www.cnbc.com/2025/04/17/brain-implant-cleared-fda-musk-neuralink-rival-precision-neuroscience.html
2025-05-31 22:30:14,418 - INFO - Successfully extracted date 2025-04-22T00:00:00 from URL: https://www.cnbc.com/2025/04/22/healthy-returns-trump-seeks-to-change-medicare-drug-price-negotiations.html
2025-05-31 22:30:14,419 - INFO - Successfully extracted date 2025-04-22T00:00:00 from URL: https://www.cnbc.com/2025/04/22/fda-announces-food-dye-ban.html
2025-05-31 22:30:14,419 - INFO - Successfully extracted date 2025-04-23T00:00:00 from URL: https://www.cnbc.com/2025/04/23/eli-lilly-sues-compounded-mounjaro-zepbound-providers-.html
2025-05-31 22:30:14,420 - INFO - Successfully extracted date 2025-04-24T00:00:00 from URL: https://www.cnbc.com/2025/04/24/merck-mrk-earnings-report-q1-2025.html
2025-05-31 22:30:14,420 - INFO - Successfully extracted date 2025-04-24T00:00:00 from URL: https://www.cnbc.com/2025/04/24/bristol-myers-squibb-bmy-earnings-q1-2025.html
2025-05-31 22:30:14,421 - WARNING - Error parsing date from text: expected string or bytes-like object
2025-05-31 22:30:14,421 - WARNING - No date found for URL: https://www.cnbc.com/investingclub/
2025-05-31 22:30:14,422 - INFO - Successfully extracted date 2025-04-25T00:00:00 from URL: https://www.cnbc.com/2025/04/25/novo-nordisk-legal-win-bars-many-compounded-wegovy-ozempic-drugs.html
2025-05-31 22:30:14,422 - INFO - Successfully extracted date 2025-04-28T00:00:00 from URL: https://www.cnbc.com/2025/04/28/oracle-engineers-caused-days-long-software-outage-at-us-hospitals.html
2025-05-31 22:30:14,422 - INFO - Successfully extracted date 2025-04-29T00:00:00 from URL: https://www.cnbc.com/2025/04/29/pfizer-pfe-earnings-q1-2025.html
2025-05-31 22:30:14,422 - INFO - Successfully extracted date 2025-04-29T00:00:00 from URL: https://www.cnbc.com/2025/04/29/novo-nordisk-wegovy-telehealth.html
2025-05-31 22:30:14,422 - INFO - Successfully extracted date 2025-04-29T00:00:00 from URL: https://www.cnbc.com/2025/04/29/pfizer-ceo-trump-tariff-uncertainty-is-deterring-us-investment.html
2025-05-31 22:30:14,422 - INFO - Successfully extracted date 2025-04-29T00:00:00 from URL: https://www.cnbc.com/2025/04/29/the-outdated-health-idea-holding-women-back-in-life-and-careers.html
2025-05-31 22:30:14,424 - INFO - Successfully extracted date 2025-04-30T00:00:00 from URL: https://www.cnbc.com/2025/04/30/glp-1s-employers-lower-medical-costs-study.html
2025-05-31 22:30:14,424 - INFO - Successfully extracted date 2025-04-30T00:00:00 from URL: https://www.cnbc.com/2025/04/30/ge-healthcare-earnings-tariffs.html
2025-05-31 22:30:14,424 - INFO - Successfully extracted date 2025-04-30T00:00:00 from URL: https://www.cnbc.com/2025/04/30/rfk-jr-hhs-job-cuts-minority-health-offices.html
2025-05-31 22:30:14,424 - INFO - Successfully extracted date 2025-04-30T00:00:00 from URL: https://www.cnbc.com/2025/04/30/teladoc-buys-mental-health-company-uplift-to-help-boost-betterhelp-.html
2025-05-31 22:30:14,424 - INFO - Successfully extracted date 2025-04-30T00:00:00 from URL: https://www.cnbc.com/2025/04/30/healthy-returns-trumps-pharma-tariffs-fuel-new-us-investments.html
2025-05-31 22:30:14,424 - INFO - Successfully extracted date 2025-04-30T00:00:00 from URL: https://www.cnbc.com/2025/04/30/epic-systems-expands-ehr-market-share-lead-over-oracle-health.html
2025-05-31 22:30:14,424 - INFO - Successfully extracted date 2025-05-01T00:00:00 from URL: https://www.cnbc.com/2025/05/01/cvs-health-cvs-earnings-q1-2025.html
2025-05-31 22:30:14,424 - INFO - Successfully extracted date 2025-05-01T00:00:00 from URL: https://www.cnbc.com/2025/05/01/cvs-wegovy-caremark-patients.html
2025-05-31 22:30:14,424 - INFO - Successfully extracted date 2025-05-01T00:00:00 from URL: https://www.cnbc.com/2025/05/01/eli-lilly-lly-earnings-q1-2025.html
2025-05-31 22:30:14,424 - INFO - Successfully extracted date 2025-05-01T00:00:00 from URL: https://www.cnbc.com/2025/05/01/eli-lilly-ceo-david-ricks-trump-pharmaceutical-tariffs.html
2025-05-31 22:30:14,424 - INFO - Successfully extracted date 2025-05-05T00:00:00 from URL: https://www.cnbc.com/2025/05/05/from-cockroach-award-to-big-board-hinge-health-unlikely-path-to-ipo.html
2025-05-31 22:30:14,424 - INFO - Successfully extracted date 2025-05-05T00:00:00 from URL: https://www.cnbc.com/2025/05/05/hims-hers-brings-on-former-amazon-exec-nader-kabbani-as-chief-operations-officer.html
2025-05-31 22:30:14,424 - INFO - Successfully extracted date 2025-05-05T00:00:00 from URL: https://www.cnbc.com/2025/05/05/function-health-mri-ezra.html
2025-05-31 22:30:14,424 - INFO - Successfully extracted date 2025-05-05T00:00:00 from URL: https://www.cnbc.com/2025/05/05/hims-hers-hims-q1-earnings-2025.html
2025-05-31 22:30:14,424 - INFO - Successfully extracted date 2025-05-05T00:00:00 from URL: https://www.cnbc.com/2025/05/05/trump-order-us-drug-manufacturing.html
2025-05-31 22:30:14,424 - INFO - Successfully extracted date 2025-05-05T00:00:00 from URL: https://www.cnbc.com/2025/05/05/hinge-health-says-it-had-50percent-revenue-growth-over-last-year-in-first-quarter.html
2025-05-31 22:30:14,424 - INFO - Successfully extracted date 2025-05-07T00:00:00 from URL: https://www.cnbc.com/2025/05/07/healthy-returns-novo-nordisk-cvs-wegovy-deal-eli-lilly.html
2025-05-31 22:30:14,424 - INFO - Successfully extracted date 2025-04-17T00:00:00 from URL: https://www.cnbc.com/2025/04/17/brain-implant-cleared-fda-musk-neuralink-rival-precision-neuroscience.html
2025-05-31 22:30:14,424 - INFO - Successfully extracted date 2025-04-22T00:00:00 from URL: https://www.cnbc.com/2025/04/22/healthy-returns-trump-seeks-to-change-medicare-drug-price-negotiations.html
2025-05-31 22:30:14,424 - INFO - Successfully extracted date 2025-04-22T00:00:00 from URL: https://www.cnbc.com/2025/04/22/fda-announces-food-dye-ban.html
2025-05-31 22:30:14,424 - INFO - Successfully extracted date 2025-04-23T00:00:00 from URL: https://www.cnbc.com/2025/04/23/eli-lilly-sues-compounded-mounjaro-zepbound-providers-.html
2025-05-31 22:30:14,424 - INFO - Successfully extracted date 2025-04-24T00:00:00 from URL: https://www.cnbc.com/2025/04/24/merck-mrk-earnings-report-q1-2025.html
2025-05-31 22:30:14,424 - INFO - Successfully extracted date 2025-04-24T00:00:00 from URL: https://www.cnbc.com/2025/04/24/bristol-myers-squibb-bmy-earnings-q1-2025.html
2025-05-31 22:30:14,434 - WARNING - Error parsing date from text: expected string or bytes-like object
2025-05-31 22:30:14,434 - WARNING - No date found for URL: https://www.cnbc.com/investingclub/
2025-05-31 22:30:14,434 - INFO - Successfully extracted date 2025-04-25T00:00:00 from URL: https://www.cnbc.com/2025/04/25/novo-nordisk-legal-win-bars-many-compounded-wegovy-ozempic-drugs.html
2025-05-31 22:30:14,434 - INFO - Successfully extracted date 2025-04-28T00:00:00 from URL: https://www.cnbc.com/2025/04/28/oracle-engineers-caused-days-long-software-outage-at-us-hospitals.html
2025-05-31 22:30:14,434 - INFO - Successfully extracted date 2025-04-29T00:00:00 from URL: https://www.cnbc.com/2025/04/29/pfizer-pfe-earnings-q1-2025.html
2025-05-31 22:30:14,434 - INFO - Successfully extracted date 2025-04-29T00:00:00 from URL: https://www.cnbc.com/2025/04/29/novo-nordisk-wegovy-telehealth.html
2025-05-31 22:30:14,436 - INFO - Successfully extracted date 2025-04-29T00:00:00 from URL: https://www.cnbc.com/2025/04/29/pfizer-ceo-trump-tariff-uncertainty-is-deterring-us-investment.html
2025-05-31 22:30:14,436 - INFO - Successfully extracted date 2025-04-29T00:00:00 from URL: https://www.cnbc.com/2025/04/29/the-outdated-health-idea-holding-women-back-in-life-and-careers.html
2025-05-31 22:30:14,437 - INFO - Successfully extracted date 2025-04-30T00:00:00 from URL: https://www.cnbc.com/2025/04/30/glp-1s-employers-lower-medical-costs-study.html
2025-05-31 22:30:14,438 - INFO - Successfully extracted date 2025-04-30T00:00:00 from URL: https://www.cnbc.com/2025/04/30/ge-healthcare-earnings-tariffs.html
2025-05-31 22:30:14,438 - INFO - Successfully extracted date 2025-04-30T00:00:00 from URL: https://www.cnbc.com/2025/04/30/rfk-jr-hhs-job-cuts-minority-health-offices.html
2025-05-31 22:30:14,439 - INFO - Successfully extracted date 2025-04-30T00:00:00 from URL: https://www.cnbc.com/2025/04/30/teladoc-buys-mental-health-company-uplift-to-help-boost-betterhelp-.html
2025-05-31 22:30:14,439 - INFO - Successfully extracted date 2025-04-30T00:00:00 from URL: https://www.cnbc.com/2025/04/30/healthy-returns-trumps-pharma-tariffs-fuel-new-us-investments.html
2025-05-31 22:30:14,439 - INFO - Successfully extracted date 2025-04-30T00:00:00 from URL: https://www.cnbc.com/2025/04/30/epic-systems-expands-ehr-market-share-lead-over-oracle-health.html
2025-05-31 22:30:14,440 - INFO - Successfully extracted date 2025-05-01T00:00:00 from URL: https://www.cnbc.com/2025/05/01/cvs-health-cvs-earnings-q1-2025.html
2025-05-31 22:30:14,440 - INFO - Successfully extracted date 2025-05-01T00:00:00 from URL: https://www.cnbc.com/2025/05/01/cvs-wegovy-caremark-patients.html
2025-05-31 22:30:14,440 - INFO - Successfully extracted date 2025-05-01T00:00:00 from URL: https://www.cnbc.com/2025/05/01/eli-lilly-lly-earnings-q1-2025.html
2025-05-31 22:30:14,441 - INFO - Successfully extracted date 2025-05-01T00:00:00 from URL: https://www.cnbc.com/2025/05/01/eli-lilly-ceo-david-ricks-trump-pharmaceutical-tariffs.html
2025-05-31 22:30:14,441 - INFO - Successfully extracted date 2025-05-05T00:00:00 from URL: https://www.cnbc.com/2025/05/05/from-cockroach-award-to-big-board-hinge-health-unlikely-path-to-ipo.html
2025-05-31 22:30:14,442 - INFO - Successfully extracted date 2025-05-05T00:00:00 from URL: https://www.cnbc.com/2025/05/05/hims-hers-brings-on-former-amazon-exec-nader-kabbani-as-chief-operations-officer.html
2025-05-31 22:30:14,442 - INFO - Successfully extracted date 2025-05-05T00:00:00 from URL: https://www.cnbc.com/2025/05/05/function-health-mri-ezra.html
2025-05-31 22:30:14,442 - INFO - Successfully extracted date 2025-05-05T00:00:00 from URL: https://www.cnbc.com/2025/05/05/hims-hers-hims-q1-earnings-2025.html
2025-05-31 22:30:14,443 - INFO - Successfully extracted date 2025-05-05T00:00:00 from URL: https://www.cnbc.com/2025/05/05/trump-order-us-drug-manufacturing.html
2025-05-31 22:30:14,443 - INFO - Successfully extracted date 2025-05-05T00:00:00 from URL: https://www.cnbc.com/2025/05/05/hinge-health-says-it-had-50percent-revenue-growth-over-last-year-in-first-quarter.html
2025-05-31 22:30:14,443 - INFO - Successfully extracted date 2025-05-06T00:00:00 from URL: https://www.cnbc.com/2025/05/06/luigi-mangiones-legal-defense-fund-hits-1-million-in-donations.html
2025-05-31 22:30:14,444 - WARNING - Error parsing date from text: expected string or bytes-like object
2025-05-31 22:30:14,444 - WARNING - No date found for URL: https://www.cnbc.com/investingclub/
2025-05-31 22:30:14,444 - INFO - Successfully extracted date 2025-04-23T00:00:00 from URL: https://www.cnbc.com/2025/04/23/eli-lilly-sues-compounded-mounjaro-zepbound-providers-.html
2025-05-31 22:30:14,444 - INFO - Successfully extracted date 2025-04-24T00:00:00 from URL: https://www.cnbc.com/2025/04/24/merck-mrk-earnings-report-q1-2025.html
2025-05-31 22:30:14,445 - INFO - Successfully extracted date 2025-04-24T00:00:00 from URL: https://www.cnbc.com/2025/04/24/bristol-myers-squibb-bmy-earnings-q1-2025.html
2025-05-31 22:30:14,445 - INFO - Successfully extracted date 2025-04-25T00:00:00 from URL: https://www.cnbc.com/2025/04/25/novo-nordisk-legal-win-bars-many-compounded-wegovy-ozempic-drugs.html
2025-05-31 22:30:14,445 - INFO - Successfully extracted date 2025-04-28T00:00:00 from URL: https://www.cnbc.com/2025/04/28/oracle-engineers-caused-days-long-software-outage-at-us-hospitals.html
2025-05-31 22:30:14,446 - INFO - Successfully extracted date 2025-04-29T00:00:00 from URL: https://www.cnbc.com/2025/04/29/pfizer-pfe-earnings-q1-2025.html
2025-05-31 22:30:14,446 - INFO - Successfully extracted date 2025-04-29T00:00:00 from URL: https://www.cnbc.com/2025/04/29/novo-nordisk-wegovy-telehealth.html
2025-05-31 22:30:14,447 - INFO - Successfully extracted date 2025-04-29T00:00:00 from URL: https://www.cnbc.com/2025/04/29/pfizer-ceo-trump-tariff-uncertainty-is-deterring-us-investment.html
2025-05-31 22:30:14,447 - INFO - Successfully extracted date 2025-04-29T00:00:00 from URL: https://www.cnbc.com/2025/04/29/the-outdated-health-idea-holding-women-back-in-life-and-careers.html
2025-05-31 22:30:14,448 - INFO - Successfully extracted date 2025-04-30T00:00:00 from URL: https://www.cnbc.com/2025/04/30/glp-1s-employers-lower-medical-costs-study.html
2025-05-31 22:30:14,448 - INFO - Successfully extracted date 2025-04-30T00:00:00 from URL: https://www.cnbc.com/2025/04/30/ge-healthcare-earnings-tariffs.html
2025-05-31 22:30:14,448 - INFO - Successfully extracted date 2025-04-30T00:00:00 from URL: https://www.cnbc.com/2025/04/30/rfk-jr-hhs-job-cuts-minority-health-offices.html
2025-05-31 22:30:14,449 - INFO - Successfully extracted date 2025-04-30T00:00:00 from URL: https://www.cnbc.com/2025/04/30/teladoc-buys-mental-health-company-uplift-to-help-boost-betterhelp-.html
2025-05-31 22:30:14,449 - INFO - Successfully extracted date 2025-04-30T00:00:00 from URL: https://www.cnbc.com/2025/04/30/healthy-returns-trumps-pharma-tariffs-fuel-new-us-investments.html
2025-05-31 22:30:14,450 - INFO - Successfully extracted date 2025-04-30T00:00:00 from URL: https://www.cnbc.com/2025/04/30/epic-systems-expands-ehr-market-share-lead-over-oracle-health.html
2025-05-31 22:30:14,450 - INFO - Successfully extracted date 2025-05-01T00:00:00 from URL: https://www.cnbc.com/2025/05/01/cvs-health-cvs-earnings-q1-2025.html
2025-05-31 22:30:14,450 - INFO - Successfully extracted date 2025-05-01T00:00:00 from URL: https://www.cnbc.com/2025/05/01/cvs-wegovy-caremark-patients.html
2025-05-31 22:30:14,451 - INFO - Successfully extracted date 2025-05-01T00:00:00 from URL: https://www.cnbc.com/2025/05/01/eli-lilly-lly-earnings-q1-2025.html
2025-05-31 22:30:14,451 - INFO - Successfully extracted date 2025-05-01T00:00:00 from URL: https://www.cnbc.com/2025/05/01/eli-lilly-ceo-david-ricks-trump-pharmaceutical-tariffs.html
2025-05-31 22:30:14,452 - INFO - Successfully extracted date 2025-05-05T00:00:00 from URL: https://www.cnbc.com/2025/05/05/from-cockroach-award-to-big-board-hinge-health-unlikely-path-to-ipo.html
2025-05-31 22:30:14,453 - INFO - Successfully extracted date 2025-05-05T00:00:00 from URL: https://www.cnbc.com/2025/05/05/hims-hers-brings-on-former-amazon-exec-nader-kabbani-as-chief-operations-officer.html
2025-05-31 22:30:14,453 - INFO - Successfully extracted date 2025-05-05T00:00:00 from URL: https://www.cnbc.com/2025/05/05/function-health-mri-ezra.html
2025-05-31 22:30:14,453 - INFO - Successfully extracted date 2025-05-05T00:00:00 from URL: https://www.cnbc.com/2025/05/05/hims-hers-hims-q1-earnings-2025.html
2025-05-31 22:30:14,454 - INFO - Successfully extracted date 2025-05-05T00:00:00 from URL: https://www.cnbc.com/2025/05/05/trump-order-us-drug-manufacturing.html
2025-05-31 22:30:14,454 - INFO - Successfully extracted date 2025-05-05T00:00:00 from URL: https://www.cnbc.com/2025/05/05/hinge-health-says-it-had-50percent-revenue-growth-over-last-year-in-first-quarter.html
2025-05-31 22:30:14,455 - INFO - Successfully extracted date 2025-05-06T00:00:00 from URL: https://www.cnbc.com/2025/05/06/luigi-mangiones-legal-defense-fund-hits-1-million-in-donations.html
2025-05-31 22:30:14,455 - INFO - Successfully extracted date 2025-05-07T00:00:00 from URL: https://www.cnbc.com/2025/05/07/healthy-returns-novo-nordisk-cvs-wegovy-deal-eli-lilly.html
2025-05-31 22:30:14,455 - INFO - Successfully extracted date 2025-05-07T00:00:00 from URL: https://www.cnbc.com/2025/05/07/trump-surgeon-general-nesheiwat.html
2025-05-31 22:30:14,456 - INFO - Successfully extracted date 2025-05-08T00:00:00 from URL: https://www.cnbc.com/2025/05/08/fc-mother-soccer-fandom-maternal-health.html
2025-05-31 22:30:14,456 - INFO - Successfully extracted date 2025-05-08T00:00:00 from URL: https://www.cnbc.com/2025/05/08/whoop-wearables-whoop-50-mg-price.html
2025-05-31 22:30:14,457 - INFO - Successfully extracted date 2025-05-08T00:00:00 from URL: https://www.cnbc.com/2025/05/08/unitedhealthcare-sued-by-shareholders-over-reaction-to-ceos-killing.html
2025-05-31 22:30:14,457 - INFO - Successfully extracted date 2025-05-08T00:00:00 from URL: https://www.cnbc.com/2025/05/08/elizabeth-holmes-theranos-fraud-appeal.html
2025-05-31 22:30:14,457 - WARNING - Error parsing date from text: expected string or bytes-like object
2025-05-31 22:30:14,457 - WARNING - No date found for URL: https://www.cnbc.com/investingclub/
2025-05-31 22:30:14,457 - INFO - Successfully extracted date 2025-04-23T00:00:00 from URL: https://www.cnbc.com/2025/04/23/eli-lilly-sues-compounded-mounjaro-zepbound-providers-.html
2025-05-31 22:30:14,458 - INFO - Successfully extracted date 2025-04-24T00:00:00 from URL: https://www.cnbc.com/2025/04/24/merck-mrk-earnings-report-q1-2025.html
2025-05-31 22:30:14,458 - INFO - Successfully extracted date 2025-04-24T00:00:00 from URL: https://www.cnbc.com/2025/04/24/bristol-myers-squibb-bmy-earnings-q1-2025.html
2025-05-31 22:30:14,459 - INFO - Successfully extracted date 2025-04-25T00:00:00 from URL: https://www.cnbc.com/2025/04/25/novo-nordisk-legal-win-bars-many-compounded-wegovy-ozempic-drugs.html
2025-05-31 22:30:14,459 - INFO - Successfully extracted date 2025-04-28T00:00:00 from URL: https://www.cnbc.com/2025/04/28/oracle-engineers-caused-days-long-software-outage-at-us-hospitals.html
2025-05-31 22:30:14,459 - INFO - Successfully extracted date 2025-04-29T00:00:00 from URL: https://www.cnbc.com/2025/04/29/pfizer-pfe-earnings-q1-2025.html
2025-05-31 22:30:14,460 - INFO - Successfully extracted date 2025-04-29T00:00:00 from URL: https://www.cnbc.com/2025/04/29/novo-nordisk-wegovy-telehealth.html
2025-05-31 22:30:14,460 - INFO - Successfully extracted date 2025-04-29T00:00:00 from URL: https://www.cnbc.com/2025/04/29/pfizer-ceo-trump-tariff-uncertainty-is-deterring-us-investment.html
2025-05-31 22:30:14,461 - INFO - Successfully extracted date 2025-04-29T00:00:00 from URL: https://www.cnbc.com/2025/04/29/the-outdated-health-idea-holding-women-back-in-life-and-careers.html
2025-05-31 22:30:14,461 - INFO - Successfully extracted date 2025-04-30T00:00:00 from URL: https://www.cnbc.com/2025/04/30/glp-1s-employers-lower-medical-costs-study.html
2025-05-31 22:30:14,461 - INFO - Successfully extracted date 2025-04-30T00:00:00 from URL: https://www.cnbc.com/2025/04/30/ge-healthcare-earnings-tariffs.html
2025-05-31 22:30:14,462 - INFO - Successfully extracted date 2025-04-30T00:00:00 from URL: https://www.cnbc.com/2025/04/30/rfk-jr-hhs-job-cuts-minority-health-offices.html
2025-05-31 22:30:14,462 - INFO - Successfully extracted date 2025-04-30T00:00:00 from URL: https://www.cnbc.com/2025/04/30/teladoc-buys-mental-health-company-uplift-to-help-boost-betterhelp-.html
2025-05-31 22:30:14,463 - INFO - Successfully extracted date 2025-04-30T00:00:00 from URL: https://www.cnbc.com/2025/04/30/healthy-returns-trumps-pharma-tariffs-fuel-new-us-investments.html
2025-05-31 22:30:14,463 - INFO - Successfully extracted date 2025-04-30T00:00:00 from URL: https://www.cnbc.com/2025/04/30/epic-systems-expands-ehr-market-share-lead-over-oracle-health.html
2025-05-31 22:30:14,463 - INFO - Successfully extracted date 2025-05-01T00:00:00 from URL: https://www.cnbc.com/2025/05/01/cvs-health-cvs-earnings-q1-2025.html
2025-05-31 22:30:14,464 - INFO - Successfully extracted date 2025-05-01T00:00:00 from URL: https://www.cnbc.com/2025/05/01/cvs-wegovy-caremark-patients.html
2025-05-31 22:30:14,464 - INFO - Successfully extracted date 2025-05-01T00:00:00 from URL: https://www.cnbc.com/2025/05/01/eli-lilly-lly-earnings-q1-2025.html
2025-05-31 22:30:14,464 - INFO - Successfully extracted date 2025-05-01T00:00:00 from URL: https://www.cnbc.com/2025/05/01/eli-lilly-ceo-david-ricks-trump-pharmaceutical-tariffs.html
2025-05-31 22:30:14,464 - INFO - Successfully extracted date 2025-05-05T00:00:00 from URL: https://www.cnbc.com/2025/05/05/from-cockroach-award-to-big-board-hinge-health-unlikely-path-to-ipo.html
2025-05-31 22:30:14,464 - INFO - Successfully extracted date 2025-05-05T00:00:00 from URL: https://www.cnbc.com/2025/05/05/hims-hers-brings-on-former-amazon-exec-nader-kabbani-as-chief-operations-officer.html
2025-05-31 22:30:14,464 - INFO - Successfully extracted date 2025-05-05T00:00:00 from URL: https://www.cnbc.com/2025/05/05/function-health-mri-ezra.html
2025-05-31 22:30:14,464 - INFO - Successfully extracted date 2025-05-05T00:00:00 from URL: https://www.cnbc.com/2025/05/05/hims-hers-hims-q1-earnings-2025.html
2025-05-31 22:30:14,464 - INFO - Successfully extracted date 2025-05-05T00:00:00 from URL: https://www.cnbc.com/2025/05/05/trump-order-us-drug-manufacturing.html
2025-05-31 22:30:14,464 - INFO - Successfully extracted date 2025-05-05T00:00:00 from URL: https://www.cnbc.com/2025/05/05/hinge-health-says-it-had-50percent-revenue-growth-over-last-year-in-first-quarter.html
2025-05-31 22:30:14,464 - INFO - Successfully extracted date 2025-05-06T00:00:00 from URL: https://www.cnbc.com/2025/05/06/luigi-mangiones-legal-defense-fund-hits-1-million-in-donations.html
2025-05-31 22:30:14,464 - INFO - Successfully extracted date 2025-05-07T00:00:00 from URL: https://www.cnbc.com/2025/05/07/healthy-returns-novo-nordisk-cvs-wegovy-deal-eli-lilly.html
2025-05-31 22:30:14,464 - INFO - Successfully extracted date 2025-05-07T00:00:00 from URL: https://www.cnbc.com/2025/05/07/trump-surgeon-general-nesheiwat.html
2025-05-31 22:30:14,464 - INFO - Successfully extracted date 2025-05-08T00:00:00 from URL: https://www.cnbc.com/2025/05/08/fc-mother-soccer-fandom-maternal-health.html
2025-05-31 22:30:14,464 - INFO - Successfully extracted date 2025-05-08T00:00:00 from URL: https://www.cnbc.com/2025/05/08/whoop-wearables-whoop-50-mg-price.html
2025-05-31 22:30:14,469 - INFO - Successfully extracted date 2025-05-08T00:00:00 from URL: https://www.cnbc.com/2025/05/08/unitedhealthcare-sued-by-shareholders-over-reaction-to-ceos-killing.html
2025-05-31 22:30:14,469 - INFO - Successfully extracted date 2025-05-08T00:00:00 from URL: https://www.cnbc.com/2025/05/08/elizabeth-holmes-theranos-fraud-appeal.html
2025-05-31 22:30:14,469 - INFO - Successfully extracted date 2025-05-18T00:00:00 from URL: https://www.cnbc.com/2025/05/18/joe-biden-diagnosed-with-prostate-cancer.html
2025-05-31 22:30:14,470 - INFO - Successfully extracted date 2025-04-30T00:00:00 from URL: https://www.cnbc.com/2025/04/30/epic-systems-expands-ehr-market-share-lead-over-oracle-health.html
2025-05-31 22:30:14,470 - INFO - Successfully extracted date 2025-05-01T00:00:00 from URL: https://www.cnbc.com/2025/05/01/cvs-health-cvs-earnings-q1-2025.html
2025-05-31 22:30:14,470 - INFO - Successfully extracted date 2025-05-01T00:00:00 from URL: https://www.cnbc.com/2025/05/01/cvs-wegovy-caremark-patients.html
2025-05-31 22:30:14,470 - INFO - Successfully extracted date 2025-05-01T00:00:00 from URL: https://www.cnbc.com/2025/05/01/eli-lilly-lly-earnings-q1-2025.html
2025-05-31 22:30:14,473 - INFO - Successfully extracted date 2025-05-01T00:00:00 from URL: https://www.cnbc.com/2025/05/01/eli-lilly-ceo-david-ricks-trump-pharmaceutical-tariffs.html
2025-05-31 22:30:14,473 - INFO - Successfully extracted date 2025-05-05T00:00:00 from URL: https://www.cnbc.com/2025/05/05/from-cockroach-award-to-big-board-hinge-health-unlikely-path-to-ipo.html
2025-05-31 22:30:14,473 - INFO - Successfully extracted date 2025-05-05T00:00:00 from URL: https://www.cnbc.com/2025/05/05/hims-hers-brings-on-former-amazon-exec-nader-kabbani-as-chief-operations-officer.html
2025-05-31 22:30:14,473 - INFO - Successfully extracted date 2025-05-05T00:00:00 from URL: https://www.cnbc.com/2025/05/05/function-health-mri-ezra.html
2025-05-31 22:30:14,474 - INFO - Successfully extracted date 2025-05-05T00:00:00 from URL: https://www.cnbc.com/2025/05/05/hims-hers-hims-q1-earnings-2025.html
2025-05-31 22:30:14,474 - INFO - Successfully extracted date 2025-05-05T00:00:00 from URL: https://www.cnbc.com/2025/05/05/trump-order-us-drug-manufacturing.html
2025-05-31 22:30:14,474 - INFO - Successfully extracted date 2025-05-05T00:00:00 from URL: https://www.cnbc.com/2025/05/05/hinge-health-says-it-had-50percent-revenue-growth-over-last-year-in-first-quarter.html
2025-05-31 22:30:14,475 - INFO - Successfully extracted date 2025-05-06T00:00:00 from URL: https://www.cnbc.com/2025/05/06/luigi-mangiones-legal-defense-fund-hits-1-million-in-donations.html
2025-05-31 22:30:14,475 - INFO - Successfully extracted date 2025-05-07T00:00:00 from URL: https://www.cnbc.com/2025/05/07/healthy-returns-novo-nordisk-cvs-wegovy-deal-eli-lilly.html
2025-05-31 22:30:14,476 - INFO - Successfully extracted date 2025-05-07T00:00:00 from URL: https://www.cnbc.com/2025/05/07/trump-surgeon-general-nesheiwat.html
2025-05-31 22:30:14,476 - INFO - Successfully extracted date 2025-05-08T00:00:00 from URL: https://www.cnbc.com/2025/05/08/fc-mother-soccer-fandom-maternal-health.html
2025-05-31 22:30:14,476 - INFO - Successfully extracted date 2025-05-08T00:00:00 from URL: https://www.cnbc.com/2025/05/08/whoop-wearables-whoop-50-mg-price.html
2025-05-31 22:30:14,477 - INFO - Successfully extracted date 2025-05-08T00:00:00 from URL: https://www.cnbc.com/2025/05/08/unitedhealthcare-sued-by-shareholders-over-reaction-to-ceos-killing.html
2025-05-31 22:30:14,477 - INFO - Successfully extracted date 2025-05-08T00:00:00 from URL: https://www.cnbc.com/2025/05/08/elizabeth-holmes-theranos-fraud-appeal.html
2025-05-31 22:30:14,477 - WARNING - Error parsing date from text: expected string or bytes-like object
2025-05-31 22:30:14,478 - WARNING - No date found for URL: https://www.cnbc.com/investingclub/
2025-05-31 22:30:14,478 - INFO - Successfully extracted date 2025-05-09T00:00:00 from URL: https://www.cnbc.com/2025/05/09/teal-health-at-home-cervical-cancer-screening-test-fda-approval.html
2025-05-31 22:30:14,478 - INFO - Successfully extracted date 2025-05-09T00:00:00 from URL: https://www.cnbc.com/2025/05/09/virtual-chronic-care-company-omada-health-files-for-ipo-.html
2025-05-31 22:30:14,478 - INFO - Successfully extracted date 2025-05-11T00:00:00 from URL: https://www.cnbc.com/2025/05/11/walgreens-doubles-down-on-robots-to-fill-prescriptions-amid-turnaround.html
2025-05-31 22:30:14,478 - INFO - Successfully extracted date 2025-05-12T00:00:00 from URL: https://www.cnbc.com/2025/05/12/trump-drug-pricing-order-most-favored-nation.html
2025-05-31 22:30:14,478 - INFO - Successfully extracted date 2025-05-12T00:00:00 from URL: https://www.cnbc.com/2025/05/12/trump-most-favored-nations-drug-price-order-what-to-know.html
2025-05-31 22:30:14,478 - INFO - Successfully extracted date 2025-05-13T00:00:00 from URL: https://www.cnbc.com/2025/05/13/hinge-health-ipo-share-pricing.html
2025-05-31 22:30:14,478 - INFO - Successfully extracted date 2025-05-13T00:00:00 from URL: https://www.cnbc.com/2025/05/13/unitedhealth-group-ceo-andrew-witty-steps-down.html
2025-05-31 22:30:14,478 - INFO - Successfully extracted date 2025-05-13T00:00:00 from URL: https://www.cnbc.com/2025/05/13/fda-moves-to-take-prescription-fluoride-drops-and-tablets-for-kids-off-the-market.html
2025-05-31 22:30:14,482 - INFO - Successfully extracted date 2025-05-13T00:00:00 from URL: https://www.cnbc.com/2025/05/13/cureis-healthcare-sues-epic-systems-alleging-scheme-to-destroy-.html
2025-05-31 22:30:14,482 - INFO - Successfully extracted date 2025-05-14T00:00:00 from URL: https://www.cnbc.com/2025/05/14/healthy-returns-trump-previews-next-medicare-drug-price-negotiations.html
2025-05-31 22:30:14,482 - INFO - Successfully extracted date 2025-05-14T00:00:00 from URL: https://www.cnbc.com/2025/05/14/kennedy-sidesteps-vaccine-questions-i-dont-think-people-should-be-taking-medical-advice-from-me.html
2025-05-31 22:30:14,483 - INFO - Successfully extracted date 2025-05-15T00:00:00 from URL: https://www.cnbc.com/2025/05/15/unitedhealth-group-stock-doj-investigation-report.html
2025-05-31 22:30:14,483 - INFO - Successfully extracted date 2025-05-17T00:00:00 from URL: https://www.cnbc.com/2025/05/17/at-least-one-dead-after-car-explosion-in-palm-springs.html
2025-05-31 22:30:14,483 - INFO - Successfully extracted date 2025-05-18T00:00:00 from URL: https://www.cnbc.com/2025/05/18/california-fertility-clinic-bomb-an-act-of-terrorism-anti-natalist-ideology.html
2025-05-31 22:30:14,484 - INFO - Successfully extracted date 2025-05-19T00:00:00 from URL: https://www.cnbc.com/2025/05/19/novo-nordisk-new-ceo-weight-loss-drugs-eli-lilly.html
2025-05-31 22:30:14,484 - INFO - Successfully extracted date 2025-05-01T00:00:00 from URL: https://www.cnbc.com/2025/05/01/eli-lilly-lly-earnings-q1-2025.html
2025-05-31 22:30:14,484 - INFO - Successfully extracted date 2025-05-01T00:00:00 from URL: https://www.cnbc.com/2025/05/01/eli-lilly-ceo-david-ricks-trump-pharmaceutical-tariffs.html
2025-05-31 22:30:14,484 - INFO - Successfully extracted date 2025-05-05T00:00:00 from URL: https://www.cnbc.com/2025/05/05/from-cockroach-award-to-big-board-hinge-health-unlikely-path-to-ipo.html
2025-05-31 22:30:14,486 - INFO - Successfully extracted date 2025-05-05T00:00:00 from URL: https://www.cnbc.com/2025/05/05/hims-hers-brings-on-former-amazon-exec-nader-kabbani-as-chief-operations-officer.html
2025-05-31 22:30:14,486 - INFO - Successfully extracted date 2025-05-05T00:00:00 from URL: https://www.cnbc.com/2025/05/05/function-health-mri-ezra.html
2025-05-31 22:30:14,486 - INFO - Successfully extracted date 2025-05-05T00:00:00 from URL: https://www.cnbc.com/2025/05/05/hims-hers-hims-q1-earnings-2025.html
2025-05-31 22:30:14,486 - INFO - Successfully extracted date 2025-05-05T00:00:00 from URL: https://www.cnbc.com/2025/05/05/trump-order-us-drug-manufacturing.html
2025-05-31 22:30:14,486 - INFO - Successfully extracted date 2025-05-05T00:00:00 from URL: https://www.cnbc.com/2025/05/05/hinge-health-says-it-had-50percent-revenue-growth-over-last-year-in-first-quarter.html
2025-05-31 22:30:14,486 - INFO - Successfully extracted date 2025-05-06T00:00:00 from URL: https://www.cnbc.com/2025/05/06/luigi-mangiones-legal-defense-fund-hits-1-million-in-donations.html
2025-05-31 22:30:14,486 - INFO - Successfully extracted date 2025-05-07T00:00:00 from URL: https://www.cnbc.com/2025/05/07/healthy-returns-novo-nordisk-cvs-wegovy-deal-eli-lilly.html
2025-05-31 22:30:14,486 - INFO - Successfully extracted date 2025-05-07T00:00:00 from URL: https://www.cnbc.com/2025/05/07/trump-surgeon-general-nesheiwat.html
2025-05-31 22:30:14,486 - INFO - Successfully extracted date 2025-05-08T00:00:00 from URL: https://www.cnbc.com/2025/05/08/fc-mother-soccer-fandom-maternal-health.html
2025-05-31 22:30:14,486 - INFO - Successfully extracted date 2025-05-08T00:00:00 from URL: https://www.cnbc.com/2025/05/08/whoop-wearables-whoop-50-mg-price.html
2025-05-31 22:30:14,486 - INFO - Successfully extracted date 2025-05-08T00:00:00 from URL: https://www.cnbc.com/2025/05/08/unitedhealthcare-sued-by-shareholders-over-reaction-to-ceos-killing.html
2025-05-31 22:30:14,486 - INFO - Successfully extracted date 2025-05-08T00:00:00 from URL: https://www.cnbc.com/2025/05/08/elizabeth-holmes-theranos-fraud-appeal.html
2025-05-31 22:30:14,486 - INFO - Successfully extracted date 2025-05-09T00:00:00 from URL: https://www.cnbc.com/2025/05/09/teal-health-at-home-cervical-cancer-screening-test-fda-approval.html
2025-05-31 22:30:14,486 - INFO - Successfully extracted date 2025-05-09T00:00:00 from URL: https://www.cnbc.com/2025/05/09/virtual-chronic-care-company-omada-health-files-for-ipo-.html
2025-05-31 22:30:14,486 - INFO - Successfully extracted date 2025-05-11T00:00:00 from URL: https://www.cnbc.com/2025/05/11/walgreens-doubles-down-on-robots-to-fill-prescriptions-amid-turnaround.html
2025-05-31 22:30:14,492 - INFO - Successfully extracted date 2025-05-12T00:00:00 from URL: https://www.cnbc.com/2025/05/12/trump-drug-pricing-order-most-favored-nation.html
2025-05-31 22:30:14,492 - INFO - Successfully extracted date 2025-05-12T00:00:00 from URL: https://www.cnbc.com/2025/05/12/trump-most-favored-nations-drug-price-order-what-to-know.html
2025-05-31 22:30:14,493 - INFO - Successfully extracted date 2025-05-13T00:00:00 from URL: https://www.cnbc.com/2025/05/13/hinge-health-ipo-share-pricing.html
2025-05-31 22:30:14,493 - INFO - Successfully extracted date 2025-05-13T00:00:00 from URL: https://www.cnbc.com/2025/05/13/unitedhealth-group-ceo-andrew-witty-steps-down.html
2025-05-31 22:30:14,493 - INFO - Successfully extracted date 2025-05-13T00:00:00 from URL: https://www.cnbc.com/2025/05/13/fda-moves-to-take-prescription-fluoride-drops-and-tablets-for-kids-off-the-market.html
2025-05-31 22:30:14,494 - INFO - Successfully extracted date 2025-05-13T00:00:00 from URL: https://www.cnbc.com/2025/05/13/cureis-healthcare-sues-epic-systems-alleging-scheme-to-destroy-.html
2025-05-31 22:30:14,494 - INFO - Successfully extracted date 2025-05-14T00:00:00 from URL: https://www.cnbc.com/2025/05/14/healthy-returns-trump-previews-next-medicare-drug-price-negotiations.html
2025-05-31 22:30:14,494 - INFO - Successfully extracted date 2025-05-14T00:00:00 from URL: https://www.cnbc.com/2025/05/14/kennedy-sidesteps-vaccine-questions-i-dont-think-people-should-be-taking-medical-advice-from-me.html
2025-05-31 22:30:14,495 - INFO - Successfully extracted date 2025-05-15T00:00:00 from URL: https://www.cnbc.com/2025/05/15/unitedhealth-group-stock-doj-investigation-report.html
2025-05-31 22:30:14,495 - INFO - Successfully extracted date 2025-05-17T00:00:00 from URL: https://www.cnbc.com/2025/05/17/at-least-one-dead-after-car-explosion-in-palm-springs.html
2025-05-31 22:30:14,495 - INFO - Successfully extracted date 2025-05-18T00:00:00 from URL: https://www.cnbc.com/2025/05/18/california-fertility-clinic-bomb-an-act-of-terrorism-anti-natalist-ideology.html
2025-05-31 22:30:14,496 - INFO - Successfully extracted date 2025-05-18T00:00:00 from URL: https://www.cnbc.com/2025/05/18/joe-biden-diagnosed-with-prostate-cancer.html
2025-05-31 22:30:14,497 - WARNING - Error parsing date from text: expected string or bytes-like object
2025-05-31 22:30:14,497 - WARNING - No date found for URL: https://www.cnbc.com/investingclub/
2025-05-31 22:30:14,497 - INFO - Successfully extracted date 2025-05-19T00:00:00 from URL: https://www.cnbc.com/2025/05/19/regeneron-pharmaceuticals-to-buy-23andme-for-256-million-including-data.html
2025-05-31 22:30:14,504 - INFO - Processed 1386 articles. Output saved to data/processed/cleaned_data.jsonl
2025-05-31 22:42:03,657 - INFO - Processing file: Investopedia/WebFocusedCrawlWork/items.jl
2025-05-31 22:42:03,667 - WARNING - No date found for URL: https://www.investopedia.com/eli-lilly-lly-option-traders-confident-after-earnings-5196776
2025-05-31 22:42:03,667 - WARNING - Error parsing date from URL https://www.investopedia.com/what-to-expect-in-the-markets-this-week-april-28-2025-11721321: month must be in 1..12: 1172-13-21
2025-05-31 22:42:03,671 - WARNING - No date found for URL: https://www.investopedia.com/what-to-expect-in-the-markets-this-week-april-28-2025-11721321
2025-05-31 22:42:03,671 - INFO - Successfully extracted date 2025-04-27T00:00:00 from text: https://www.investopedia.com/the-best-25-sp500-stocks-8778635
2025-05-31 22:42:03,671 - INFO - Successfully extracted date 2025-04-24T00:00:00 from text: https://www.investopedia.com/the-best-health-care-stocks-8782134
2025-05-31 22:42:03,671 - WARNING - Error parsing date from URL https://www.investopedia.com/eli-lilly-q1-fy2025-results-11724994: month must be in 1..12: 1172-49-94
2025-05-31 22:42:03,673 - WARNING - No date found for URL: https://www.investopedia.com/eli-lilly-q1-fy2025-results-11724994
2025-05-31 22:42:03,673 - WARNING - Error parsing date from URL https://www.investopedia.com/top-stock-movers-now-microsoft-meta-platforms-roblox-and-more-11725706: month must be in 1..12: 1172-57-06
2025-05-31 22:42:03,673 - WARNING - No date found for URL: https://www.investopedia.com/top-stock-movers-now-microsoft-meta-platforms-roblox-and-more-11725706
2025-05-31 22:42:03,673 - WARNING - Error parsing date from URL https://www.investopedia.com/s-and-p-500-gains-and-losses-today-index-rises-after-strong-start-to-big-tech-earnings-11726544: month must be in 1..12: 1172-65-44
2025-05-31 22:42:03,674 - WARNING - No date found for URL: https://www.investopedia.com/s-and-p-500-gains-and-losses-today-index-rises-after-strong-start-to-big-tech-earnings-11726544
2025-05-31 22:42:03,674 - WARNING - Error parsing date from URL https://www.investopedia.com/ww-stock-plunges-as-weightwatchers-files-for-bankruptcy-11729772: month must be in 1..12: 1172-97-72
2025-05-31 22:42:03,674 - WARNING - No date found for URL: https://www.investopedia.com/ww-stock-plunges-as-weightwatchers-files-for-bankruptcy-11729772
2025-05-31 22:42:03,675 - WARNING - Error parsing date from URL https://www.investopedia.com/s-and-p-500-gains-and-losses-today-stocks-fall-for-second-day-as-palantir-pharmaceuticals-drop-11729505: month must be in 1..12: 1172-95-05
2025-05-31 22:42:03,675 - WARNING - Error parsing date from URL https://www.investopedia.com/s-and-p-500-gains-and-losses-today-stocks-fall-for-second-day-as-palantir-pharmaceuticals-drop-11729505: month must be in 1..12: 1172-95-05
2025-05-31 22:42:03,675 - INFO - Successfully extracted date 2025-05-06T00:00:00 from text: https://www.investopedia.com/s-and-p-500-gains-and-losses-today-stocks-fall-for-second-day-as-palantir-pharmaceuticals-drop-11729505
2025-05-31 22:42:03,675 - WARNING - Error parsing date from URL https://www.investopedia.com/top-stock-movers-now-ab-inbev-molson-coors-eli-lilly-and-more-11730736: day is out of range for month: 1173-07-36
2025-05-31 22:42:03,675 - WARNING - No date found for URL: https://www.investopedia.com/top-stock-movers-now-ab-inbev-molson-coors-eli-lilly-and-more-11730736
2025-05-31 22:42:03,677 - WARNING - No date found for URL: https://www.investopedia.com/eli-lilly-lly-option-traders-prepped-for-earnings-beat-5195443
2025-05-31 22:42:03,677 - WARNING - Error parsing date from URL https://www.investopedia.com/top-stock-movers-now-unitedhealth-nvidia-eli-lilly-and-more-11717198: month must be in 1..12: 1171-71-98
2025-05-31 22:42:03,678 - WARNING - No date found for URL: https://www.investopedia.com/top-stock-movers-now-unitedhealth-nvidia-eli-lilly-and-more-11717198
2025-05-31 22:42:03,678 - WARNING - Error parsing date from URL https://www.investopedia.com/s-and-p-500-gains-and-losses-today-unitedhealth-stock-drops-after-earnings-miss-guidance-cut-11717528: month must be in 1..12: 1171-75-28
2025-05-31 22:42:03,678 - WARNING - No date found for URL: https://www.investopedia.com/s-and-p-500-gains-and-losses-today-unitedhealth-stock-drops-after-earnings-miss-guidance-cut-11717528
2025-05-31 22:42:03,678 - WARNING - Error parsing date from URL https://www.investopedia.com/unitedhealth-stock-loses-usd120-billion-in-value-worst-day-since-1998-unh-11717480: month must be in 1..12: 1171-74-80
2025-05-31 22:42:03,678 - WARNING - No date found for URL: https://www.investopedia.com/unitedhealth-stock-loses-usd120-billion-in-value-worst-day-since-1998-unh-11717480
2025-05-31 22:42:03,680 - WARNING - Error parsing date from URL https://www.investopedia.com/health-insurance-stocks-drop-after-unitedhealth-forecast-news-11717062: month must be in 1..12: 1171-70-62
2025-05-31 22:42:03,680 - WARNING - No date found for URL: https://www.investopedia.com/health-insurance-stocks-drop-after-unitedhealth-forecast-news-11717062
2025-05-31 22:42:03,680 - WARNING - Error parsing date from URL https://www.investopedia.com/novo-nordisk-stock-drops-on-eli-lilly-oral-weight-loss-drug-success-downgrade-11717078: month must be in 1..12: 1171-70-78
2025-05-31 22:42:03,680 - WARNING - No date found for URL: https://www.investopedia.com/novo-nordisk-stock-drops-on-eli-lilly-oral-weight-loss-drug-success-downgrade-11717078
2025-05-31 22:42:03,680 - WARNING - Error parsing date from URL https://www.investopedia.com/eli-lilly-stock-soars-on-oral-weight-loss-drug-trial-results-11716996: month must be in 1..12: 1171-69-96
2025-05-31 22:42:03,680 - WARNING - No date found for URL: https://www.investopedia.com/eli-lilly-stock-soars-on-oral-weight-loss-drug-trial-results-11716996
2025-05-31 22:42:03,680 - WARNING - Error parsing date from URL https://www.investopedia.com/pfizer-halts-development-of-obesity-drug-after-patient-sustains-liver-injury-11714540: month must be in 1..12: 1171-45-40
2025-05-31 22:42:03,680 - WARNING - No date found for URL: https://www.investopedia.com/pfizer-halts-development-of-obesity-drug-after-patient-sustains-liver-injury-11714540
2025-05-31 22:42:03,680 - WARNING - Error parsing date from URL https://www.investopedia.com/pharma-stocks-sink-as-trump-says-major-tariffs-coming-to-industry-11711814: month must be in 1..12: 1171-18-14
2025-05-31 22:42:03,680 - WARNING - No date found for URL: https://www.investopedia.com/pharma-stocks-sink-as-trump-says-major-tariffs-coming-to-industry-11711814
2025-05-31 22:42:03,680 - WARNING - Error parsing date from URL https://www.investopedia.com/top-stock-movers-now-delta-apple-eli-lilly-and-more-11711892: month must be in 1..12: 1171-18-92
2025-05-31 22:42:03,680 - WARNING - No date found for URL: https://www.investopedia.com/top-stock-movers-now-delta-apple-eli-lilly-and-more-11711892
2025-05-31 22:42:03,680 - WARNING - Error parsing date from URL https://www.investopedia.com/novartis-plans-usd23b-investment-in-us-facilities-as-trump-threatens-pharma-tariffs-11713217: month must be in 1..12: 1171-32-17
2025-05-31 22:42:03,684 - WARNING - No date found for URL: https://www.investopedia.com/novartis-plans-usd23b-investment-in-us-facilities-as-trump-threatens-pharma-tariffs-11713217
2025-05-31 22:42:03,685 - WARNING - No date found for URL: https://www.investopedia.com/5-things-to-know-before-the-stock-market-opens-february-06-2025-8786856
2025-05-31 22:42:03,686 - WARNING - No date found for URL: https://www.investopedia.com/what-to-expect-in-the-markets-this-week-8783286
2025-05-31 22:42:03,686 - WARNING - Error parsing date from URL https://www.investopedia.com/hims-and-hers-stock-surges-as-telehealth-platform-adds-eli-lilly-weight-loss-drugs-11707267: month must be in 1..12: 1170-72-67
2025-05-31 22:42:03,686 - WARNING - No date found for URL: https://www.investopedia.com/hims-and-hers-stock-surges-as-telehealth-platform-adds-eli-lilly-weight-loss-drugs-11707267
2025-05-31 22:42:03,686 - WARNING - Error parsing date from URL https://www.investopedia.com/5-things-to-know-before-the-stock-market-opens-april-15-2025-11715288: month must be in 1..12: 1171-52-88
2025-05-31 22:42:03,688 - WARNING - No date found for URL: https://www.investopedia.com/5-things-to-know-before-the-stock-market-opens-april-15-2025-11715288
2025-05-31 22:42:03,688 - INFO - Successfully extracted date 2018-07-12T00:00:00 from text: https://www.investopedia.com/articles/insights/052316/top-5-johnson-johnson-shareholders-jnj.asp
2025-05-31 22:42:03,689 - WARNING - No date found for URL: https://www.investopedia.com/articles/markets/020316/johnson-johnsons-3-most-profitable-lines-business-jnj.asp
2025-05-31 22:42:03,690 - WARNING - Error parsing date from URL https://www.investopedia.com/insulet-names-new-ceo-expects-to-top-revenue-projections-11723101: month must be in 1..12: 1172-31-01
2025-05-31 22:42:03,690 - WARNING - No date found for URL: https://www.investopedia.com/insulet-names-new-ceo-expects-to-top-revenue-projections-11723101
2025-05-31 22:42:03,690 - WARNING - Error parsing date from URL https://www.investopedia.com/band-aid-tylenol-maker-kenvue-q1-results-11730591: day is out of range for month: 1173-05-91
2025-05-31 22:42:03,690 - WARNING - No date found for URL: https://www.investopedia.com/band-aid-tylenol-maker-kenvue-q1-results-11730591
2025-05-31 22:42:03,691 - WARNING - Error parsing date from URL https://www.investopedia.com/johnson-and-johnson-q1-fy2025-earnings-11714823: month must be in 1..12: 1171-48-23
2025-05-31 22:42:03,691 - WARNING - No date found for URL: https://www.investopedia.com/johnson-and-johnson-q1-fy2025-earnings-11714823
2025-05-31 22:42:03,692 - WARNING - No date found for URL: https://www.investopedia.com/articles/investing/120415/how-dividendpaying-etfs-work.asp
2025-05-31 22:42:03,692 - WARNING - No date found for URL: https://www.investopedia.com/johnson-and-johnson-splitting-into-two-companies-5209398
2025-05-31 22:42:03,692 - WARNING - Error parsing date from URL https://www.investopedia.com/what-to-expect-in-the-markets-this-week-11712960: month must be in 1..12: 1171-29-60
2025-05-31 22:42:03,692 - WARNING - No date found for URL: https://www.investopedia.com/what-to-expect-in-the-markets-this-week-11712960
2025-05-31 22:42:03,695 - WARNING - No date found for URL: https://www.investopedia.com/johnson-and-johnson-jnj-surges-to-all-time-high-5097426
2025-05-31 22:42:03,695 - WARNING - Error parsing date from URL https://www.investopedia.com/top-stock-movers-now-tesla-supermicro-pvh-and-more-11706891: month must be in 1..12: 1170-68-91
2025-05-31 22:42:03,696 - WARNING - No date found for URL: https://www.investopedia.com/top-stock-movers-now-tesla-supermicro-pvh-and-more-11706891
2025-05-31 22:42:03,696 - WARNING - Error parsing date from URL https://www.investopedia.com/s-and-p-500-gains-and-losses-today-tesla-elon-musk-vistra-trade-trump-11707056: month must be in 1..12: 1170-70-56
2025-05-31 22:42:03,697 - WARNING - No date found for URL: https://www.investopedia.com/s-and-p-500-gains-and-losses-today-tesla-elon-musk-vistra-trade-trump-11707056
2025-05-31 22:42:03,697 - WARNING - Error parsing date from URL https://www.investopedia.com/watch-these-johnson-and-johnson-levels-as-stock-plunges-after-judge-rejects-talc-settlement-11707377: month must be in 1..12: 1170-73-77
2025-05-31 22:42:03,697 - WARNING - No date found for URL: https://www.investopedia.com/watch-these-johnson-and-johnson-levels-as-stock-plunges-after-judge-rejects-talc-settlement-11707377
2025-05-31 22:42:03,697 - WARNING - Error parsing date from URL https://www.investopedia.com/j-and-j-stock-slumps-as-company-fails-to-settle-talc-cases-11706762: month must be in 1..12: 1170-67-62
2025-05-31 22:42:03,698 - WARNING - No date found for URL: https://www.investopedia.com/j-and-j-stock-slumps-as-company-fails-to-settle-talc-cases-11706762
2025-05-31 22:42:03,698 - WARNING - No date found for URL: https://www.investopedia.com/talc-lawsuits-keeping-lid-on-johnson-and-johnson-jnj-5081692
2025-05-31 22:42:03,698 - WARNING - No date found for URL: https://www.investopedia.com/articles/technical/073001.asp
2025-05-31 22:42:03,698 - WARNING - No date found for URL: https://www.investopedia.com/terms/s/split-off.asp
2025-05-31 22:42:03,704 - WARNING - No date found for URL: https://www.investopedia.com/ask/answers/08/find-stocks-in-sp500.asp
2025-05-31 22:42:03,707 - WARNING - No date found for URL: https://www.investopedia.com/ask/answers/what-is-a-drip/
2025-05-31 22:42:03,709 - WARNING - No date found for URL: https://www.investopedia.com/articles/basics/11/3-s-simple-investing.asp
2025-05-31 22:42:03,709 - WARNING - Error parsing date from URL https://www.investopedia.com/abbvie-stock-rises-on-stronger-than-expected-results-profit-outlook-lift-11721905: month must be in 1..12: 1172-19-05
2025-05-31 22:42:03,710 - WARNING - No date found for URL: https://www.investopedia.com/abbvie-stock-rises-on-stronger-than-expected-results-profit-outlook-lift-11721905
2025-05-31 22:42:03,710 - WARNING - Error parsing date from URL https://www.investopedia.com/s-and-p-500-gains-and-losses-today-abbvie-stock-advances-after-beat-and-raise-earnings-report-11723374: month must be in 1..12: 1172-33-74
2025-05-31 22:42:03,711 - WARNING - No date found for URL: https://www.investopedia.com/s-and-p-500-gains-and-losses-today-abbvie-stock-advances-after-beat-and-raise-earnings-report-11723374
2025-05-31 22:42:03,711 - WARNING - Error parsing date from URL https://www.investopedia.com/abbvie-joins-obesity-treatment-market-with-up-to-usd2-2b-licensing-deal-11689743: month must be in 1..12: 1168-97-43
2025-05-31 22:42:03,711 - WARNING - No date found for URL: https://www.investopedia.com/abbvie-joins-obesity-treatment-market-with-up-to-usd2-2b-licensing-deal-11689743
2025-05-31 22:42:03,712 - WARNING - Error parsing date from URL https://www.investopedia.com/berkshire-board-votes-for-warren-buffett-to-remain-chair-make-greg-abel-ceo-at-year-end-11728040: month must be in 1..12: 1172-80-40
2025-05-31 22:42:03,712 - WARNING - No date found for URL: https://www.investopedia.com/berkshire-board-votes-for-warren-buffett-to-remain-chair-make-greg-abel-ceo-at-year-end-11728040
2025-05-31 22:42:03,712 - WARNING - Error parsing date from URL https://www.investopedia.com/will-consumers-rescue-the-economy-again-amid-tariffs-11722448: month must be in 1..12: 1172-24-48
2025-05-31 22:42:03,713 - WARNING - No date found for URL: https://www.investopedia.com/will-consumers-rescue-the-economy-again-amid-tariffs-11722448
2025-05-31 22:42:03,713 - INFO - Successfully extracted date 2025-05-03T00:00:00 from text: https://www.investopedia.com/financial-edge/1211/introducing-warren-buffetts-successor.aspx
2025-05-31 22:42:03,713 - WARNING - Error parsing date from URL https://www.investopedia.com/some-singles-worry-they-won-t-be-able-to-retire-survey-says-11715011: month must be in 1..12: 1171-50-11
2025-05-31 22:42:03,714 - WARNING - No date found for URL: https://www.investopedia.com/some-singles-worry-they-won-t-be-able-to-retire-survey-says-11715011
2025-05-31 22:42:03,714 - WARNING - Error parsing date from URL https://www.investopedia.com/top-stock-movers-now-nvidia-asml-abbot-laboratories-and-more-11716341: month must be in 1..12: 1171-63-41
2025-05-31 22:42:03,714 - WARNING - No date found for URL: https://www.investopedia.com/top-stock-movers-now-nvidia-asml-abbot-laboratories-and-more-11716341
2025-05-31 22:42:03,714 - WARNING - Error parsing date from URL https://www.investopedia.com/30-year-refinance-reverse-course-with-a-big-move-may-5-2025-11728166: month must be in 1..12: 1172-81-66
2025-05-31 22:42:03,715 - WARNING - No date found for URL: https://www.investopedia.com/30-year-refinance-reverse-course-with-a-big-move-may-5-2025-11728166
2025-05-31 22:42:03,715 - WARNING - No date found for URL: https://www.investopedia.com/abbvie-stock-soars-as-biotech-tops-sales-estimates-raises-outlook-8783708
2025-05-31 22:42:03,715 - WARNING - Error parsing date from URL https://www.investopedia.com/mortgage-rates-hovering-slightly-above-2025-low-mar-12-2025-11695542: month must be in 1..12: 1169-55-42
2025-05-31 22:42:03,715 - WARNING - Error parsing date from URL https://www.investopedia.com/mortgage-rates-hovering-slightly-above-2025-low-mar-12-2025-11695542: month must be in 1..12: 1169-55-42
2025-05-31 22:42:03,715 - INFO - Successfully extracted date 2025-05-08T00:00:00 from text: https://www.investopedia.com/mortgage-rates-hovering-slightly-above-2025-low-mar-12-2025-11695542
2025-05-31 22:42:03,715 - WARNING - Error parsing date from URL https://www.investopedia.com/30-year-mortgage-rates-rise-a-little-further-above-recent-4-month-low-mar-11-2025-11694747: month must be in 1..12: 1169-47-47
2025-05-31 22:42:03,717 - WARNING - Error parsing date from URL https://www.investopedia.com/30-year-mortgage-rates-rise-a-little-further-above-recent-4-month-low-mar-11-2025-11694747: month must be in 1..12: 1169-47-47
2025-05-31 22:42:03,717 - INFO - Successfully extracted date 2025-05-08T00:00:00 from text: https://www.investopedia.com/30-year-mortgage-rates-rise-a-little-further-above-recent-4-month-low-mar-11-2025-11694747
2025-05-31 22:42:03,717 - WARNING - No date found for URL: https://www.investopedia.com/ways-to-make-one-billion-one-you-might-be-able-to-do-in-your-lifetime-8759619
2025-05-31 22:42:03,717 - WARNING - Error parsing date from URL https://www.investopedia.com/mortgage-rates-are-bobbing-in-a-range-above-recent-4-month-low-mar-13-2025-11696308: month must be in 1..12: 1169-63-08
2025-05-31 22:42:03,717 - WARNING - Error parsing date from URL https://www.investopedia.com/mortgage-rates-are-bobbing-in-a-range-above-recent-4-month-low-mar-13-2025-11696308: month must be in 1..12: 1169-63-08
2025-05-31 22:42:03,717 - INFO - Successfully extracted date 2025-05-08T00:00:00 from text: https://www.investopedia.com/mortgage-rates-are-bobbing-in-a-range-above-recent-4-month-low-mar-13-2025-11696308
2025-05-31 22:42:03,723 - WARNING - No date found for URL: https://www.investopedia.com/special-needs-trust-vs-able-account-5217834
2025-05-31 22:42:03,724 - WARNING - No date found for URL: https://www.investopedia.com/abbvie-takes-usd3-5b-impairment-charge-for-failed-schizophrenia-drug-8772414
2025-05-31 22:42:03,724 - WARNING - Error parsing date from URL https://www.investopedia.com/refinance-rates-holding-slightly-above-their-lowest-level-since-october-mar-7-2025-11693071: month must be in 1..12: 1169-30-71
2025-05-31 22:42:03,724 - WARNING - No date found for URL: https://www.investopedia.com/refinance-rates-holding-slightly-above-their-lowest-level-since-october-mar-7-2025-11693071
2025-05-31 22:42:03,724 - WARNING - Error parsing date from URL https://www.investopedia.com/refinance-rates-holding-a-bit-above-their-cheapest-level-since-october-mar-10-2025-11693755: month must be in 1..12: 1169-37-55
2025-05-31 22:42:03,725 - WARNING - No date found for URL: https://www.investopedia.com/refinance-rates-holding-a-bit-above-their-cheapest-level-since-october-mar-10-2025-11693755
2025-05-31 22:42:03,726 - WARNING - No date found for URL: https://www.investopedia.com/top-stock-movers-now-apple-abbvie-deckers-outdoor-and-more-8783838
2025-05-31 22:42:03,727 - WARNING - No date found for URL: https://www.investopedia.com/articles/mutualfund/05/shareclass.asp
2025-05-31 22:42:03,727 - WARNING - Error parsing date from URL https://www.investopedia.com/ge-healthcare-earnings-q4-fy24-11678366: month must be in 1..12: 1167-83-66
2025-05-31 22:42:03,727 - WARNING - No date found for URL: https://www.investopedia.com/ge-healthcare-earnings-q4-fy24-11678366
2025-05-31 22:42:03,727 - WARNING - No date found for URL: https://www.investopedia.com/abbvie-stock-sinks-after-schizophrenia-drug-trials-disappoint-8743057
2025-05-31 22:42:03,727 - WARNING - No date found for URL: https://www.investopedia.com/trump-and-melania-meme-coins-crash-bitcoin-holds-steady-above-usd100k-8777695
2025-05-31 22:42:03,727 - WARNING - No date found for URL: https://www.investopedia.com/kb-home-stock-gains-as-deliveries-surge-driving-profit-above-estimates-8774061
2025-05-31 22:42:03,727 - WARNING - Error parsing date from URL https://www.investopedia.com/s-and-p-500-gains-and-losses-today-chip-stocks-drop-as-top-firms-cite-export-restriction-impacts-11716729: month must be in 1..12: 1171-67-29
2025-05-31 22:42:03,727 - WARNING - No date found for URL: https://www.investopedia.com/s-and-p-500-gains-and-losses-today-chip-stocks-drop-as-top-firms-cite-export-restriction-impacts-11716729
2025-05-31 22:42:03,727 - WARNING - Error parsing date from URL https://www.investopedia.com/abbott-labs-stock-jumps-on-strong-earnings-with-usd500m-investment-in-us-facilities-11716349: month must be in 1..12: 1171-63-49
2025-05-31 22:42:03,727 - WARNING - No date found for URL: https://www.investopedia.com/abbott-labs-stock-jumps-on-strong-earnings-with-usd500m-investment-in-us-facilities-11716349
2025-05-31 22:42:03,727 - WARNING - Error parsing date from URL https://www.investopedia.com/s-and-p-500-gains-and-losses-today-gm-stock-tumbles-after-trump-declares-car-tariffs-11704408: month must be in 1..12: 1170-44-08
2025-05-31 22:42:03,727 - WARNING - No date found for URL: https://www.investopedia.com/s-and-p-500-gains-and-losses-today-gm-stock-tumbles-after-trump-declares-car-tariffs-11704408
2025-05-31 22:42:03,727 - WARNING - Error parsing date from URL https://www.investopedia.com/baby-formula-makers-abbott-and-reckitt-see-stocks-slide-as-judge-allows-retrial-11697361: month must be in 1..12: 1169-73-61
2025-05-31 22:42:03,733 - WARNING - No date found for URL: https://www.investopedia.com/baby-formula-makers-abbott-and-reckitt-see-stocks-slide-as-judge-allows-retrial-11697361
2025-05-31 22:42:03,733 - WARNING - Error parsing date from URL https://www.investopedia.com/s-and-p-500-gains-and-losses-today-index-bounces-off-lows-as-government-shutdown-concerns-ease-11697190: month must be in 1..12: 1169-71-90
2025-05-31 22:42:03,734 - WARNING - No date found for URL: https://www.investopedia.com/s-and-p-500-gains-and-losses-today-index-bounces-off-lows-as-government-shutdown-concerns-ease-11697190
2025-05-31 22:42:03,735 - WARNING - No date found for URL: https://www.investopedia.com/terms/r/recession-resistant.asp
2025-05-31 22:42:03,736 - WARNING - No date found for URL: https://www.investopedia.com/what-to-expect-in-the-markets-this-week-8776336
2025-05-31 22:42:03,737 - INFO - Successfully extracted date 2000-06-20T00:00:00 from text: https://www.investopedia.com/companies-owned-by-pfizer-5211303
2025-05-31 22:42:03,737 - WARNING - No date found for URL: https://www.investopedia.com/abbott-reckitt-stocks-gain-as-baby-formula-makers-score-rare-legal-win-8738142
2025-05-31 22:42:03,738 - WARNING - No date found for URL: https://www.investopedia.com/what-to-expect-in-the-markets-this-week-8726921
2025-05-31 22:42:03,739 - WARNING - No date found for URL: https://www.investopedia.com/abbott-laboratories-raises-its-outlook-on-strong-medical-device-sales-8728878
2025-05-31 22:42:03,739 - WARNING - No date found for URL: https://www.investopedia.com/abbott-stock-slips-company-ordered-to-pay-usd495-million-baby-formula-case-8685162
2025-05-31 22:42:03,739 - WARNING - No date found for URL: https://www.investopedia.com/top-stock-movers-now-tesla-onsemi-mcdonald-s-and-more-8685224
2025-05-31 22:42:03,740 - WARNING - No date found for URL: https://www.investopedia.com/what-to-expect-in-the-markets-this-week-8676779
2025-05-31 22:42:03,740 - WARNING - No date found for URL: https://www.investopedia.com/these-are-the-best-performing-stocks-of-the-last-century-8680461
2025-05-31 22:42:03,740 - WARNING - No date found for URL: https://www.investopedia.com/abbott-laboratories-posts-big-drop-in-covid-19-testing-revenue-8680144
2025-05-31 22:42:03,740 - INFO - Successfully extracted date 2024-06-07T00:00:00 from text: https://www.investopedia.com/s-and-p-500-gains-and-losses-today-gold-miner-newmont-stock-drops-along-with-gold-8660279
2025-05-31 22:42:03,740 - WARNING - No date found for URL: https://www.investopedia.com/abbott-labs-stock-falls-as-q2-guidance-outweighs-earnings-beat-8634764
2025-05-31 22:42:03,743 - INFO - Successfully extracted date 2024-04-16T00:00:00 from text: https://www.investopedia.com/what-to-expect-in-the-markets-this-week-8630573
2025-05-31 22:42:03,743 - INFO - Successfully extracted date 2021-07-05T00:00:00 from text: https://www.investopedia.com/top-25-s-and-p-500-stocks-by-index-weight-for-august-2023-7565129
2025-05-31 22:42:03,744 - INFO - Successfully extracted date 2023-07-20T00:00:00 from text: https://www.investopedia.com/s-and-p-500-gains-and-losses-today-stocks-mixed-after-latest-earnings-reports-7563723
2025-05-31 22:42:03,744 - WARNING - No date found for URL: https://www.investopedia.com/ftc-investigates-abbott-baby-formula-bid-collusion-7503500
2025-05-31 22:42:03,744 - WARNING - Error parsing date from URL https://www.investopedia.com/what-to-expect-in-the-markets-this-week-11717208: month must be in 1..12: 1171-72-08
2025-05-31 22:42:03,746 - WARNING - No date found for URL: https://www.investopedia.com/what-to-expect-in-the-markets-this-week-11717208
2025-05-31 22:42:03,746 - WARNING - No date found for URL: https://www.investopedia.com/merck-mrk-trading-higher-after-strong-q3-earnings-5084454
2025-05-31 22:42:03,746 - WARNING - Error parsing date from URL https://www.investopedia.com/top-stock-movers-now-lululemon-oxford-industries-wr-berkely-and-more-11705091: month must be in 1..12: 1170-50-91
2025-05-31 22:42:03,747 - WARNING - No date found for URL: https://www.investopedia.com/top-stock-movers-now-lululemon-oxford-industries-wr-berkely-and-more-11705091
2025-05-31 22:42:03,747 - WARNING - Error parsing date from URL https://www.investopedia.com/s-and-p-500-gains-and-losses-today-11702846: month must be in 1..12: 1170-28-46
2025-05-31 22:42:03,747 - WARNING - Error parsing date from URL https://www.investopedia.com/s-and-p-500-gains-and-losses-today-11702846: month must be in 1..12: 1170-28-46
2025-05-31 22:42:03,747 - INFO - Successfully extracted date 2025-03-25T00:00:00 from text: https://www.investopedia.com/s-and-p-500-gains-and-losses-today-11702846
2025-05-31 22:42:03,747 - WARNING - Error parsing date from URL https://www.investopedia.com/s-and-p-500-gains-and-losses-today-moderna-stock-pops-as-execs-buy-shares-express-cancer-vaccine-optimism-11691538: month must be in 1..12: 1169-15-38
2025-05-31 22:42:03,747 - WARNING - No date found for URL: https://www.investopedia.com/s-and-p-500-gains-and-losses-today-moderna-stock-pops-as-execs-buy-shares-express-cancer-vaccine-optimism-11691538
2025-05-31 22:42:03,747 - WARNING - No date found for URL: https://www.investopedia.com/top-stock-movers-now-palantir-super-micro-computer-merck-and-more-8785652
2025-05-31 22:42:03,747 - WARNING - No date found for URL: https://www.investopedia.com/merck-stock-slumps-as-q4-profits-2025-forecast-fall-short-8785461
2025-05-31 22:42:03,747 - WARNING - No date found for URL: https://www.investopedia.com/s-and-p-500-gains-and-losses-today-8785903
2025-05-31 22:42:03,747 - WARNING - No date found for URL: https://www.investopedia.com/ask/answers/052015/who-are-pfizers-pfe-main-competitors.asp
2025-05-31 22:42:03,747 - WARNING - No date found for URL: https://www.investopedia.com/ask/answers/12/why-do-some-companies-pay-a-dividend.asp
2025-05-31 22:42:03,756 - WARNING - No date found for URL: https://www.investopedia.com/articles/investing/113015/4-famous-companies-dropped-dow-jones.asp
2025-05-31 22:42:03,757 - WARNING - No date found for URL: https://www.investopedia.com/what-to-expect-in-markets-this-week-jobs-earnings-gdp-8732908
2025-05-31 22:42:03,757 - WARNING - No date found for URL: https://www.investopedia.com/top-stock-movers-now-boeing-palantir-technologies-merck-alphabet-and-more-8708733
2025-05-31 22:42:03,758 - WARNING - No date found for URL: https://www.investopedia.com/merck-sues-to-stop-medicare-drug-negotiation-7508778
2025-05-31 22:42:03,758 - WARNING - No date found for URL: https://www.investopedia.com/7-eleven-parent-turns-down-circle-k-owner-s-usd39b-bid-8707458
2025-05-31 22:42:03,759 - WARNING - No date found for URL: https://www.investopedia.com/medicare-enrollees-will-see-significant-price-reductions-for-10-drugs-8695878
2025-05-31 22:42:03,759 - WARNING - No date found for URL: https://www.investopedia.com/7-eleven-operator-considers-takeover-by-circle-k-owner-8697181
2025-05-31 22:42:03,759 - INFO - Successfully extracted date 2024-07-30T00:00:00 from text: https://www.investopedia.com/s-and-p-500-gains-and-losses-today-merck-stock-plunges-on-guidance-cut-8686349
2025-05-31 22:42:03,761 - WARNING - No date found for URL: https://www.investopedia.com/top-stock-movers-now-paypal-jetblue-merck-procter-and-gamble-and-more-8685985
2025-05-31 22:42:03,761 - INFO - Successfully extracted date 2024-07-31T00:00:00 from text: https://www.investopedia.com/merck-stock-slides-on-lowered-adjusted-eps-guidance-8685894
2025-05-31 22:42:03,762 - WARNING - No date found for URL: https://www.investopedia.com/what-to-expect-in-the-markets-this-week-8684188
2025-05-31 22:42:03,763 - WARNING - No date found for URL: https://www.investopedia.com/what-to-expect-in-the-markets-this-week-8550235
2025-05-31 22:42:03,764 - INFO - Successfully extracted date 1896-05-26T00:00:00 from text: https://www.investopedia.com/articles/stocks/08/dow-history.asp
2025-05-31 22:42:03,765 - WARNING - No date found for URL: https://www.investopedia.com/ask/answers/011315/what-difference-between-gaap-and-ifrs.asp
2025-05-31 22:42:03,765 - WARNING - No date found for URL: https://www.investopedia.com/terms/a/accounting-principles.asp
2025-05-31 22:42:03,765 - WARNING - No date found for URL: https://www.investopedia.com/ask/answers/102714/what-accounting-treatment-unusual-or-infrequent-items-ifrs-and-us-gaap.asp
2025-05-31 22:42:03,767 - WARNING - No date found for URL: https://www.investopedia.com/ask/answers/101314/what-are-differences-barter-transactions-recognition-between-ifrs-and-usgaap.asp
2025-05-31 22:42:03,767 - WARNING - No date found for URL: https://www.investopedia.com/ask/answers/052015/how-does-inventory-accounting-differ-between-gaap-and-ifrs.asp
2025-05-31 22:42:03,767 - WARNING - No date found for URL: https://www.investopedia.com/terms/c/csrs.asp
2025-05-31 22:42:03,772 - WARNING - No date found for URL: https://www.investopedia.com/terms/i/international-bank-of-reconstruction-and-development.asp
2025-05-31 22:42:03,774 - WARNING - No date found for URL: https://www.investopedia.com/terms/i/ifrs.asp
2025-05-31 22:42:03,775 - WARNING - No date found for URL: https://www.investopedia.com/terms/i/isda-master-agreement.asp
2025-05-31 22:42:03,778 - WARNING - No date found for URL: https://www.investopedia.com/articles/economics/12/impact-gaap-ifrs-convergence.asp
2025-05-31 22:42:03,778 - WARNING - Error parsing date from URL https://www.investopedia.com/these-four-companies-joined-the-s-and-p-500-today-11702143: month must be in 1..12: 1170-21-43
2025-05-31 22:42:03,779 - WARNING - No date found for URL: https://www.investopedia.com/these-four-companies-joined-the-s-and-p-500-today-11702143
2025-05-31 22:42:03,781 - WARNING - No date found for URL: https://www.investopedia.com/terms/c/catastrophebond.asp
2025-05-31 22:42:03,782 - WARNING - No date found for URL: https://www.investopedia.com/10x-rule-for-finding-stock-market-winners-8782170
2025-05-31 22:42:03,782 - WARNING - Error parsing date from URL https://www.investopedia.com/retail-trading-platform-etoro-files-for-us-ipo-reports-surging-crypto-demand-11702970: month must be in 1..12: 1170-29-70
2025-05-31 22:42:03,782 - WARNING - No date found for URL: https://www.investopedia.com/retail-trading-platform-etoro-files-for-us-ipo-reports-surging-crypto-demand-11702970
2025-05-31 22:42:03,783 - WARNING - No date found for URL: https://www.investopedia.com/s-and-p-500-gains-and-losses-today-texas-instruments-falls-after-soft-profit-forecast-8779687
2025-05-31 22:42:03,783 - WARNING - No date found for URL: https://www.investopedia.com/terms/s/suriname-guilders.asp
2025-05-31 22:42:03,785 - WARNING - No date found for URL: https://www.investopedia.com/terms/a/accruals.asp
2025-05-31 22:42:03,785 - WARNING - Error parsing date from URL https://www.investopedia.com/top-stock-movers-now-tesla-royal-caribbean-nvidia-and-more-11698988: month must be in 1..12: 1169-89-88
2025-05-31 22:42:03,785 - WARNING - No date found for URL: https://www.investopedia.com/top-stock-movers-now-tesla-royal-caribbean-nvidia-and-more-11698988
2025-05-31 22:42:03,785 - WARNING - No date found for URL: https://www.investopedia.com/intuitive-surgical-q4-fy2024-earnings-8779453
2025-05-31 22:42:03,787 - WARNING - No date found for URL: https://www.investopedia.com/s-and-p-500-gains-and-losses-today-bank-earnings-soft-inflation-help-boost-index-8774979
2025-05-31 22:42:03,789 - WARNING - No date found for URL: https://www.investopedia.com/watch-these-intuitive-surgical-price-levels-stock-hits-another-record-high-8775500
2025-05-31 22:42:03,789 - WARNING - No date found for URL: https://www.investopedia.com/terms/i/income-sensitive-repayment.asp
2025-05-31 22:42:03,789 - WARNING - Error parsing date from URL https://www.investopedia.com/thermo-fisher-tops-q1-estimates-in-uncertain-macroeconomic-environment-11720290: day is out of range for month: 1172-02-90
2025-05-31 22:42:03,790 - WARNING - No date found for URL: https://www.investopedia.com/thermo-fisher-tops-q1-estimates-in-uncertain-macroeconomic-environment-11720290
2025-05-31 22:42:03,790 - WARNING - Error parsing date from URL https://www.investopedia.com/s-and-p-500-gains-and-losses-today-stocks-fall-for-fourth-day-led-by-weak-sempra-earnings-11686451: month must be in 1..12: 1168-64-51
2025-05-31 22:42:03,790 - WARNING - No date found for URL: https://www.investopedia.com/s-and-p-500-gains-and-losses-today-stocks-fall-for-fourth-day-led-by-weak-sempra-earnings-11686451
2025-05-31 22:42:03,791 - WARNING - Error parsing date from URL https://www.investopedia.com/top-stock-movers-now-sempra-zoom-home-depot-and-more-11686055: month must be in 1..12: 1168-60-55
2025-05-31 22:42:03,791 - WARNING - No date found for URL: https://www.investopedia.com/top-stock-movers-now-sempra-zoom-home-depot-and-more-11686055
2025-05-31 22:42:03,791 - WARNING - Error parsing date from URL https://www.investopedia.com/solventum-stock-jumps-after-usd4-1b-deal-with-thermo-fisher-11686022: month must be in 1..12: 1168-60-22
2025-05-31 22:42:03,791 - WARNING - No date found for URL: https://www.investopedia.com/solventum-stock-jumps-after-usd4-1b-deal-with-thermo-fisher-11686022
2025-05-31 22:42:03,793 - WARNING - No date found for URL: https://www.investopedia.com/what-to-expect-in-the-markets-this-week-fed-powell-interest-rates-inflation-apple-tesla-microsoft-earnings-8779620
2025-05-31 22:42:03,793 - WARNING - No date found for URL: https://www.investopedia.com/thermo-fisher-stock-surges-as-medical-device-maker-results-top-estimates-8783018
2025-05-31 22:42:03,793 - WARNING - No date found for URL: https://www.investopedia.com/5-things-to-know-before-the-stock-market-opens-july-24-2024-8682656
2025-05-31 22:42:03,793 - WARNING - No date found for URL: https://www.investopedia.com/what-to-expect-in-the-markets-this-week-oct-21-2024-8729934
2025-05-31 22:42:03,793 - WARNING - No date found for URL: https://www.investopedia.com/thermo-fisher-scientific-profit-revenue-hurt-by-sales-struggles-at-2-key-units-8732935
2025-05-31 22:42:03,793 - WARNING - No date found for URL: https://www.investopedia.com/thermo-fisher-q2-earnings-beat-estimates-guidance-lifted-8682675
2025-05-31 22:42:03,797 - WARNING - No date found for URL: https://www.investopedia.com/what-to-expect-in-the-markets-this-week-earnings-election-inflation-8680211
2025-05-31 22:42:03,797 - WARNING - No date found for URL: https://www.investopedia.com/what-to-expect-in-the-markets-this-week-8635421
2025-05-31 22:42:03,797 - WARNING - No date found for URL: https://www.investopedia.com/thermo-fisher-scientific-stock-slides-after-warning-about-2024-demand-8553781
2025-05-31 22:42:03,797 - WARNING - No date found for URL: https://www.investopedia.com/thermo-fisher-cuts-its-outlook-for-second-straight-quarter-amid-weakening-market-8380231
2025-05-31 22:42:03,800 - WARNING - No date found for URL: https://www.investopedia.com/markets-mixed-at-midday-as-google-parent-alphabet-drags-down-tech-sector-8380398
2025-05-31 22:42:03,800 - WARNING - No date found for URL: https://www.investopedia.com/s-and-p-500-gains-and-losses-today-tech-stocks-tumble-after-alphabet-earnings-report-8382592
2025-05-31 22:42:03,801 - INFO - Successfully extracted date 2000-07-03T00:00:00 from text: https://www.investopedia.com/investing/top-healthcare-mutual-funds/
2025-05-31 22:42:03,801 - WARNING - No date found for URL: https://www.investopedia.com/charts-suggest-healthcare-stocks-will-remain-in-focus-5088102
2025-05-31 22:42:03,802 - WARNING - No date found for URL: https://www.investopedia.com/3-charts-that-suggest-sin-stocks-are-headed-higher-5073563
2025-05-31 22:42:03,803 - WARNING - No date found for URL: https://www.investopedia.com/5-innovation-led-stocks-for-the-health-care-boom-4584715
2025-05-31 22:42:03,803 - WARNING - No date found for URL: https://www.investopedia.com/amgen-stock-sinks-as-obesity-drug-test-results-fail-to-meet-expectations-8752173
2025-05-31 22:42:03,804 - WARNING - No date found for URL: https://www.investopedia.com/top-stock-movers-now-amgen-best-buy-jm-smucker-and-more-8752087
2025-05-31 22:42:03,805 - WARNING - No date found for URL: https://www.investopedia.com/articles/company-insights/090216/when-will-amazon-accept-bitcoin-amzn.asp
2025-05-31 22:42:03,805 - WARNING - No date found for URL: https://www.investopedia.com/amgen-stock-slides-on-lowered-guidance-8692000
2025-05-31 22:42:03,806 - INFO - Successfully extracted date 2024-10-10T00:00:00 from text: https://www.investopedia.com/articles/company-insights/090416/who-driving-amazons-management-team-amzn.asp
2025-05-31 22:42:03,806 - INFO - Successfully extracted date 2024-05-03T00:00:00 from text: https://www.investopedia.com/amgen-stock-surges-q1-earnings-beat-encouraging-weight-loss-drug-update-8642809
2025-05-31 22:42:03,806 - INFO - Successfully extracted date 2024-05-03T00:00:00 from text: https://www.investopedia.com/s-and-p-500-gains-and-losses-today-amgen-soars-as-weight-loss-drug-shows-promise-8643142
2025-05-31 22:42:03,806 - INFO - Successfully extracted date 2024-05-03T00:00:00 from text: https://www.investopedia.com/top-stock-movers-now-apple-amgen-fortinet-and-more-8643035
2025-05-31 22:42:03,807 - WARNING - No date found for URL: https://www.investopedia.com/articles/personal-finance/061715/private-jet-charter-vs-first-class-whats-best.asp
2025-05-31 22:42:03,810 - WARNING - No date found for URL: https://www.investopedia.com/terms/a/aagr.asp
2025-05-31 22:42:03,812 - WARNING - No date found for URL: https://www.investopedia.com/terms/b/bayes-theorem.asp
2025-05-31 22:42:03,817 - WARNING - No date found for URL: https://www.investopedia.com/best-stock-trading-apps-4587996
2025-05-31 22:42:03,817 - WARNING - Error parsing date from URL https://www.investopedia.com/most-expensive-cities-to-retire-in-11727164: month must be in 1..12: 1172-71-64
2025-05-31 22:42:03,823 - WARNING - No date found for URL: https://www.investopedia.com/most-expensive-cities-to-retire-in-11727164
2025-05-31 22:42:03,823 - WARNING - Error parsing date from URL https://www.investopedia.com/the-best-custodial-accounts-11704209: month must be in 1..12: 1170-42-09
2025-05-31 22:42:03,823 - WARNING - No date found for URL: https://www.investopedia.com/the-best-custodial-accounts-11704209
2025-05-31 22:42:03,824 - WARNING - No date found for URL: https://www.investopedia.com/articles/markets/110514/how-amgen-makes-billions-just-few-drugs.asp
2025-05-31 22:42:03,825 - WARNING - No date found for URL: https://www.investopedia.com/amgen-amgn-option-traders-unenthusiastic-into-earnings-5195434
2025-05-31 22:42:03,825 - WARNING - No date found for URL: https://www.investopedia.com/norfolk-southern-ceo-investigation-8708342
2025-05-31 22:42:03,827 - WARNING - No date found for URL: https://www.investopedia.com/articles/mortgages-real-estate/08/homeowners-associations-tips.asp
2025-05-31 22:42:03,827 - WARNING - No date found for URL: https://www.investopedia.com/the-best-metatrader-brokers-8765896
2025-05-31 22:42:03,827 - WARNING - Error parsing date from URL https://www.investopedia.com/best-online-brokers-2-11690885: day is out of range for month: 1169-08-85
2025-05-31 22:42:03,827 - WARNING - Error parsing date from URL https://www.investopedia.com/best-online-brokers-2-11690885: day is out of range for month: 1169-08-85
2025-05-31 22:42:03,827 - INFO - Successfully extracted date 2024-04-11T00:00:00 from text: https://www.investopedia.com/best-online-brokers-2-11690885
2025-05-31 22:42:03,827 - INFO - Successfully extracted date 2024-04-11T00:00:00 from text: https://www.investopedia.com/best-online-brokers-4587872
2025-05-31 22:42:03,827 - INFO - Successfully extracted date 2016-07-12T00:00:00 from text: https://www.investopedia.com/news/how-prime-day-impacts-amazon-stock/
2025-05-31 22:42:03,827 - INFO - Successfully extracted date 1172-03-17T00:00:00 from URL: https://www.investopedia.com/boston-scientific-stock-surges-on-strong-results-outlook-cfo-to-retire-11720317
2025-05-31 22:42:03,831 - WARNING - No date found for URL: https://www.investopedia.com/terms/b/bsx.asp
2025-05-31 22:42:03,831 - WARNING - No date found for URL: https://www.investopedia.com/top-stock-movers-now-ebay-cal-maine-foods-amd-and-more-8771150
2025-05-31 22:42:03,832 - WARNING - No date found for URL: https://www.investopedia.com/s-and-p-500-gains-and-losses-today-ebay-soars-as-meta-permits-facebook-marketplace-listings-8771242
2025-05-31 22:42:03,833 - WARNING - No date found for URL: https://www.investopedia.com/articles/stocks/08/medical-tech-investment.asp
2025-05-31 22:42:03,834 - WARNING - No date found for URL: https://www.investopedia.com/boston-scientific-profit-falls-even-as-demand-for-its-heart-products-surges-8732872
2025-05-31 22:42:03,834 - WARNING - No date found for URL: https://www.investopedia.com/boston-scientific-reports-positive-results-from-atrial-fibrillation-device-7853417
2025-05-31 22:42:03,835 - WARNING - No date found for URL: https://www.investopedia.com/boston-scientific-profit-and-sales-are-boosted-by-cardiovascular-device-demand-8682815
2025-05-31 22:42:03,835 - INFO - Successfully extracted date 2024-06-18T00:00:00 from text: https://www.investopedia.com/top-stock-movers-now-lennar-nextera-energy-la-z-boy-and-more-8665328
2025-05-31 22:42:03,836 - WARNING - No date found for URL: https://www.investopedia.com/boston-scientific-buys-silk-road-medical-for-usd1-26-billion-8665163
2025-05-31 22:42:03,836 - INFO - Successfully extracted date 2024-04-24T00:00:00 from text: https://www.investopedia.com/top-stock-movers-now-tesla-hasbro-humana-and-more-8638154
2025-05-31 22:42:03,836 - WARNING - No date found for URL: https://www.investopedia.com/boston-scientific-beats-forecasts-boosts-outlook-on-booming-heart-device-sales-8638110
2025-05-31 22:42:03,836 - WARNING - No date found for URL: https://www.investopedia.com/s-and-p-500-gains-and-losses-today-uber-gets-a-downgrade-8420914
2025-05-31 22:42:03,837 - WARNING - No date found for URL: https://www.investopedia.com/midday-movers-boston-scientific-heart-system-tesla-cybertruck-accident-8420836
2025-05-31 22:42:03,839 - WARNING - No date found for URL: https://www.investopedia.com/articles/active-trading/090115/use-market-volume-data-determine-bottom.asp
2025-05-31 22:42:03,839 - WARNING - No date found for URL: https://www.investopedia.com/terms/f/freeriding.asp
2025-05-31 22:42:03,840 - WARNING - No date found for URL: https://www.investopedia.com/markets-rise-midday-adding-to-gains-after-comments-from-fed-chair-powell-7853451
2025-05-31 22:42:03,840 - WARNING - No date found for URL: https://www.investopedia.com/s-and-p-500-gains-and-losses-today-index-adds-to-advance-after-powell-comments-7866908
2025-05-31 22:42:03,841 - WARNING - No date found for URL: https://www.investopedia.com/3-medical-device-stocks-set-to-test-52-week-high-4586402
2025-05-31 22:42:03,843 - WARNING - No date found for URL: https://www.investopedia.com/8-low-beta-growth-stocks-that-can-lead-amid-market-s-turmoil-4771390
2025-05-31 22:42:03,843 - INFO - Processing file: WebFocusedCrawlWork/output/items.jl
2025-05-31 22:42:03,843 - WARNING - Error parsing date from URL https://gizmodo.com/injectable-male-birth-control-effective-for-at-least-2-years-says-biotech-startup-2000594143: month must be in 1..12: 2000-59-41
2025-05-31 22:42:03,843 - WARNING - No date found for URL: https://gizmodo.com/injectable-male-birth-control-effective-for-at-least-2-years-says-biotech-startup-2000594143
2025-05-31 22:42:03,843 - WARNING - No date found for URL: https://www.businessinsider.com/high-paying-healthcare-jobs-high-school-no-bachelors-masters-degree-2025-5
2025-05-31 22:42:03,844 - WARNING - Error parsing date from URL https://gizmodo.com/semaglutide-shows-major-promise-for-treating-serious-liver-disease-2000596492: month must be in 1..12: 2000-59-64
2025-05-31 22:42:03,844 - WARNING - No date found for URL: https://gizmodo.com/semaglutide-shows-major-promise-for-treating-serious-liver-disease-2000596492
2025-05-31 22:42:03,844 - INFO - Successfully extracted date 2025-04-23T00:00:00 from URL: https://hackaday.com/2025/04/23/to-see-within-detecting-x-rays/
2025-05-31 22:42:03,844 - WARNING - No date found for URL: https://venturebeat.com/ai/breaking-the-intellectual-bottleneck-how-ai-is-computing-the-previously-uncomputible-in-healthcare/
2025-05-31 22:42:03,844 - WARNING - Error parsing date from URL https://abcnews.go.com/US/immunotherapy-drug-capable-eliminating-tumors-early-stage-cancers/story?id=121257808: month must be in 1..12: 1212-57-80
2025-05-31 22:42:03,844 - WARNING - No date found for URL: https://abcnews.go.com/US/immunotherapy-drug-capable-eliminating-tumors-early-stage-cancers/story?id=121257808
2025-05-31 22:42:03,844 - WARNING - No date found for URL: https://www.bbc.com/news/articles/cx2x13k170do
2025-05-31 22:42:03,845 - WARNING - Error parsing date from URL https://gizmodo.com/americas-science-agency-says-it-will-cut-funding-to-researchers-who-protest-israel-2000593036: month must be in 1..12: 2000-59-30
2025-05-31 22:42:03,845 - WARNING - No date found for URL: https://gizmodo.com/americas-science-agency-says-it-will-cut-funding-to-researchers-who-protest-israel-2000593036
2025-05-31 22:42:03,845 - WARNING - No date found for URL: https://www.bbc.com/sport/football/articles/cdden1dnr02o
2025-05-31 22:42:03,845 - WARNING - No date found for URL: https://www.bbc.com/sport/football/articles/c0jz6d01l6xo
2025-05-31 22:42:03,845 - WARNING - No date found for URL: https://www.businessinsider.com/amazon-10-million-raise-hospital-ai-agents-pitch-deck-ascertain-2025-5
2025-05-31 22:42:03,845 - WARNING - No date found for URL: https://www.bbc.com/news/articles/c3evygw383eo
2025-05-31 22:42:03,845 - WARNING - No date found for URL: https://www.bbc.com/news/articles/c98grv8zqveo
2025-05-31 22:42:03,845 - WARNING - Error parsing date from URL https://consent.yahoo.com/v2/collectConsent?sessionId=1_cc-session_c6fe0efd-a35d-4c5e-b553-48143535541d: month must be in 1..12: 4814-35-35
2025-05-31 22:42:03,845 - WARNING - No date found for URL: https://consent.yahoo.com/v2/collectConsent?sessionId=1_cc-session_c6fe0efd-a35d-4c5e-b553-48143535541d
2025-05-31 22:42:03,845 - WARNING - No date found for URL: https://www.bbc.com/news/articles/c33z83830x4o
2025-05-31 22:42:03,845 - WARNING - No date found for URL: https://www.bbc.com/news/articles/c2dek63gxp6o
2025-05-31 22:42:03,845 - WARNING - No date found for URL: https://slate.com/technology/2025/04/dogs-pets-pill-longevity-extend-lifespan-loyal-veterinary-ethics.html
2025-05-31 22:42:03,845 - INFO - Successfully extracted date 2025-04-24T00:00:00 from URL: https://www.npr.org/2025/04/24/nx-s1-5373964/stop-taking-ozempic-healthy-weight-loss
2025-05-31 22:42:03,845 - WARNING - Error parsing date from URL https://www.sciencedaily.com/releases/2025/04/250424121645.htm: month must be in 1..12: 2504-24-12
2025-05-31 22:42:03,845 - WARNING - No date found for URL: https://www.sciencedaily.com/releases/2025/04/250424121645.htm
2025-05-31 22:42:03,845 - WARNING - No date found for URL: https://www.businessinsider.com/trump-what-china-exports-besides-toys-2025-5
2025-05-31 22:42:03,845 - WARNING - No date found for URL: https://www.businessinsider.com/ai-startup-unicorns-with-tiny-teams-2025-5
2025-05-31 22:42:03,845 - WARNING - No date found for URL: https://www.businessinsider.com/insurance-fertility-ivf-costs-hsa-millennial-couple-infertility-2025-3
2025-05-31 22:42:03,845 - WARNING - No date found for URL: https://www.businessinsider.com/moved-from-us-to-australia-better-quality-of-life-2025-4
2025-05-31 22:42:03,845 - WARNING - Error parsing date from URL https://gizmodo.com/how-trumps-proposed-budget-will-gut-public-health-in-america-2000597521: month must be in 1..12: 2000-59-75
2025-05-31 22:42:03,845 - WARNING - No date found for URL: https://gizmodo.com/how-trumps-proposed-budget-will-gut-public-health-in-america-2000597521
2025-05-31 22:42:03,845 - WARNING - No date found for URL: https://www.abc27.com/local-news/police-woman-found-injured-in-lancaster-county-roadway-dies-at-hospital/
2025-05-31 22:42:03,847 - WARNING - No date found for URL: https://science.slashdot.org/story/25/05/05/2050232/unitedhealth-now-has-1000-ai-applications-in-production
2025-05-31 22:42:03,847 - WARNING - Error parsing date from URL https://gizmodo.com/the-fda-just-approved-the-first-crispr-edited-pigs-for-food-2000597425: month must be in 1..12: 2000-59-74
2025-05-31 22:42:03,847 - WARNING - No date found for URL: https://gizmodo.com/the-fda-just-approved-the-first-crispr-edited-pigs-for-food-2000597425
2025-05-31 22:42:03,847 - WARNING - No date found for URL: https://www.businessinsider.com/easiest-bill-to-negotiate-down-according-financial-planners-2025-4
2025-05-31 22:42:03,847 - WARNING - No date found for URL: https://consent.yahoo.com/v2/collectConsent?sessionId=1_cc-session_4527fa09-cc93-46b3-b0ca-e46a293c65a1
2025-05-31 22:42:03,847 - WARNING - Error parsing date from URL https://gizmodo.com/pam-bondi-claims-trump-saved-75-of-americans-from-a-fentanyl-overdose-2000596896: month must be in 1..12: 2000-59-68
2025-05-31 22:42:03,847 - WARNING - No date found for URL: https://gizmodo.com/pam-bondi-claims-trump-saved-75-of-americans-from-a-fentanyl-overdose-2000596896
2025-05-31 22:42:03,847 - WARNING - No date found for URL: https://www.bbc.com/news/articles/cr5dy8depj5o
2025-05-31 22:42:03,847 - INFO - Successfully extracted date 2025-04-27T00:00:00 from URL: https://www.npr.org/2025/04/27/nx-s1-5378668/the-dea-says-114-immigrants-in-the-u-s-illegally-were-arrested-at-a-colorado-nightclub
2025-05-31 22:42:03,847 - WARNING - No date found for URL: https://time.com/7279465/rfk-jr-to-phase-out-artificial-food-dyes/
2025-05-31 22:42:03,847 - INFO - Successfully extracted date 2025-04-23T00:00:00 from URL: https://www.npr.org/2025/04/23/nx-s1-5372695/autism-nih-rfk-medical-records
2025-05-31 22:42:03,847 - WARNING - No date found for URL: https://www.bbc.com/news/articles/cnv56q82vnro
2025-05-31 22:42:03,847 - INFO - Successfully extracted date 2025-05-04T00:00:00 from URL: https://www.npr.org/2025/05/04/nx-s1-5386456/mexico-president-rejected-trumps-plan-us-troops-across-border
2025-05-31 22:42:03,847 - WARNING - No date found for URL: https://consent.yahoo.com/v2/collectConsent?sessionId=1_cc-session_21c8679d-384a-43cc-8572-b5203c9ec9a7
2025-05-31 22:42:03,847 - WARNING - No date found for URL: https://www.businessinsider.com/costco-gold-buyers-rewards-price-surge-2025-4
2025-05-31 22:42:03,847 - WARNING - No date found for URL: https://www.bbc.com/news/articles/cwynqx77dn5o
2025-05-31 22:42:03,847 - WARNING - Error parsing date from URL https://gizmodo.com/fda-issues-alert-on-fake-ozempic-how-to-tell-if-yours-is-real-2000592709: month must be in 1..12: 2000-59-27
2025-05-31 22:42:03,847 - WARNING - No date found for URL: https://gizmodo.com/fda-issues-alert-on-fake-ozempic-how-to-tell-if-yours-is-real-2000592709
2025-05-31 22:42:03,847 - WARNING - No date found for URL: https://www.scientificamerican.com/article/the-scary-implications-of-u-s-government-attacks-on-medical-journals/
2025-05-31 22:42:03,847 - WARNING - Error parsing date from URL https://qz.com/hims-hers-novo-nordisk-stock-wegovy-ozempic-deal-1851778237: month must be in 1..12: 1851-77-82
2025-05-31 22:42:03,847 - WARNING - No date found for URL: https://qz.com/hims-hers-novo-nordisk-stock-wegovy-ozempic-deal-1851778237
2025-05-31 22:42:03,847 - WARNING - No date found for URL: https://thenextweb.com/news/fertility-startup-rejuvenates-human-eggs-to-boost-chances-of-conception
2025-05-31 22:42:03,847 - INFO - Successfully extracted date 2025-04-22T00:00:00 from URL: https://www.forbes.com/sites/gilpress/2025/04/22/ai-transforms-drug-discovery-and-precision-medicine/
2025-05-31 22:42:03,847 - INFO - Successfully extracted date 2025-05-07T00:00:00 from URL: https://www.npr.org/2025/05/07/nx-s1-5388488/three-memphis-police-officers-found-not-guilty-in-the-death-of-tyre-nichols
2025-05-31 22:42:03,847 - WARNING - No date found for URL: https://www.bbc.com/news/articles/creq0xd4y51o
2025-05-31 22:42:03,847 - WARNING - Error parsing date from URL https://www.yahoo.com/news/nbcs-mike-tirico-had-medical-212902370.html: day is out of range for month: 2129-02-37
2025-05-31 22:42:03,847 - WARNING - No date found for URL: https://www.yahoo.com/news/nbcs-mike-tirico-had-medical-212902370.html
2025-05-31 22:42:03,847 - WARNING - Error parsing date from URL https://www.yahoo.com/news/former-abercrombie-fitch-ceo-ruled-235805549.html: day is out of range for month: 2358-05-54
2025-05-31 22:42:03,847 - WARNING - No date found for URL: https://www.yahoo.com/news/former-abercrombie-fitch-ceo-ruled-235805549.html
2025-05-31 22:42:03,847 - WARNING - Error parsing date from URL https://gizmodo.com/researchers-tattooed-tardigrades-they-promise-it-will-be-useful-2000593853: month must be in 1..12: 2000-59-38
2025-05-31 22:42:03,847 - WARNING - No date found for URL: https://gizmodo.com/researchers-tattooed-tardigrades-they-promise-it-will-be-useful-2000593853
2025-05-31 22:42:03,847 - WARNING - No date found for URL: https://www.bbc.com/news/articles/c5y42zzwylvo
2025-05-31 22:42:03,847 - WARNING - No date found for URL: https://www.bbc.com/news/videos/ceqrp4wvvx1o
2025-05-31 22:42:03,847 - WARNING - No date found for URL: https://www.businessinsider.com/nutrition-nourish-unicorn-jp-morgan-growth-series-b-2025-4
2025-05-31 22:42:03,847 - INFO - Successfully extracted date 2025-05-06T00:00:00 from URL: https://www.npr.org/2025/05/06/nx-s1-5388198/trump-abortion-drug-case
2025-05-31 22:42:03,847 - WARNING - Error parsing date from URL https://gizmodo.com/new-weight-loss-drugs-are-sending-a-surprising-number-of-americans-to-the-emergency-room-2000595716: month must be in 1..12: 2000-59-57
2025-05-31 22:42:03,847 - WARNING - No date found for URL: https://gizmodo.com/new-weight-loss-drugs-are-sending-a-surprising-number-of-americans-to-the-emergency-room-2000595716
2025-05-31 22:42:03,847 - WARNING - No date found for URL: https://consent.yahoo.com/v2/collectConsent?sessionId=1_cc-session_c7904365-373a-49bd-bd06-ad3450a116ea
2025-05-31 22:42:03,847 - WARNING - Error parsing date from URL https://qz.com/trump-tariffs-pharma-companies-astrazeneca-gsk-1851779389: month must be in 1..12: 1851-77-93
2025-05-31 22:42:03,847 - WARNING - No date found for URL: https://qz.com/trump-tariffs-pharma-companies-astrazeneca-gsk-1851779389
2025-05-31 22:42:03,847 - WARNING - Error parsing date from URL https://www.yahoo.com/news/11-arrested-5-wanted-ga-210411716.html: day is out of range for month: 2104-11-71
2025-05-31 22:42:03,847 - WARNING - No date found for URL: https://www.yahoo.com/news/11-arrested-5-wanted-ga-210411716.html
2025-05-31 22:42:03,853 - WARNING - Error parsing date from URL https://www.yahoo.com/news/san-francisco-inches-closer-adopting-005240158.html: month must be in 1..12: 0052-40-15
2025-05-31 22:42:03,853 - WARNING - No date found for URL: https://www.yahoo.com/news/san-francisco-inches-closer-adopting-005240158.html
2025-05-31 22:42:03,853 - WARNING - No date found for URL: https://www.ktvu.com/news/survivor-deadly-marin-county-crash-released-from-hospital
2025-05-31 22:42:03,853 - WARNING - No date found for URL: https://www.whattowatch.com/news/general-hospital-spoilers-kristina-learns-of-an-ava-secret
2025-05-31 22:42:03,853 - INFO - Successfully extracted date 2025-04-24T00:00:00 from URL: https://www.npr.org/2025/04/24/nx-s1-5374372/millions-of-american-kids-have-an-adhd-diagnosis-is-their-treatment-effective
2025-05-31 22:42:03,855 - WARNING - No date found for URL: https://www.theverge.com/news/661695/google-simplify-ai-gemini-feature-ios-app
2025-05-31 22:42:03,855 - WARNING - Error parsing date from URL https://www.yahoo.com/news/luis-antonio-tagle-philippine-cardinal-035147259.html: month must be in 1..12: 0351-47-25
2025-05-31 22:42:03,855 - WARNING - No date found for URL: https://www.yahoo.com/news/luis-antonio-tagle-philippine-cardinal-035147259.html
2025-05-31 22:42:03,855 - WARNING - No date found for URL: https://www.bbc.com/news/articles/czrv5rl73zdo
2025-05-31 22:42:03,855 - INFO - Successfully extracted date 2025-05-02T00:00:00 from URL: https://www.npr.org/2025/05/02/nx-s1-5383874/erin-patterson-murder-trial-poison-mushroom-australia
2025-05-31 22:42:03,856 - INFO - Successfully extracted date 2025-04-30T00:00:00 from URL: https://www.npr.org/sections/shots-health-news/2025/04/30/g-s1-63345/alzheimers-survey-americans-testing-treatment-risky
2025-05-31 22:42:03,856 - INFO - Successfully extracted date 2025-05-03T00:00:00 from URL: https://www.yankodesign.com/2025/05/03/origami-in-industrial-design-unlocking-the-art-of-precision/
2025-05-31 22:42:03,856 - WARNING - No date found for URL: https://www.slashfilm.com/1836948/netflix-medical-k-drama-misrepresenting-disease-doctor-cha/
2025-05-31 22:42:03,856 - WARNING - No date found for URL: https://www.aljazeera.com/news/2025/4/23/trade-war-with-china-to-hit-us-healthcare
2025-05-31 22:42:03,856 - INFO - Successfully extracted date 2025-04-27T00:00:00 from URL: https://www.forbes.com/sites/gilpress/2025/04/27/the-accelerating-state-of-ai-health-in-hospitals-and-homes/
2025-05-31 22:42:03,856 - INFO - Successfully extracted date 2505-07-14T00:00:00 from URL: https://www.sciencedaily.com/releases/2025/05/250507141142.htm
2025-05-31 22:42:03,856 - WARNING - Error parsing date from URL https://abcnews.go.com/Health/concern-after-hhs-report-advocates-therapy-trans-kids/story?id=121372589: month must be in 1..12: 1213-72-58
2025-05-31 22:42:03,856 - WARNING - No date found for URL: https://abcnews.go.com/Health/concern-after-hhs-report-advocates-therapy-trans-kids/story?id=121372589
2025-05-31 22:42:03,856 - INFO - Successfully extracted date 2505-07-14T00:00:00 from URL: https://www.sciencedaily.com/releases/2025/05/250507141132.htm
2025-05-31 22:42:03,857 - WARNING - Error parsing date from URL https://abcnews.go.com/US/luigi-mangione-federal-arraignment/story?id=121136124: month must be in 1..12: 1211-36-12
2025-05-31 22:42:03,857 - WARNING - No date found for URL: https://abcnews.go.com/US/luigi-mangione-federal-arraignment/story?id=121136124
2025-05-31 22:42:03,857 - WARNING - Error parsing date from URL https://gizmodo.com/man-bitten-by-200-snakes-helps-scientists-create-a-super-antivenom-2000598057: month must be in 1..12: 2000-59-80
2025-05-31 22:42:03,857 - WARNING - No date found for URL: https://gizmodo.com/man-bitten-by-200-snakes-helps-scientists-create-a-super-antivenom-2000598057
2025-05-31 22:42:03,857 - INFO - Successfully extracted date 2025-05-06T00:00:00 from URL: https://www.forbes.com/sites/partnerreleases/2025/05/06/leading-healthcare-executive-examines-how-ai-big-tech-and-retail-medicine-are-reshaping-the-industry/
2025-05-31 22:42:03,857 - WARNING - No date found for URL: https://www.scientificamerican.com/podcast/episode/new-data-released-from-nasas-juno-mission-and-new-satellites-launched-for/
2025-05-31 22:42:03,857 - WARNING - No date found for URL: https://www.foxnews.com/tech/blue-shield-exposed-4-7m-patients-health-data-google-2
2025-05-31 22:42:03,857 - WARNING - No date found for URL: https://time.com/7281894/new-hhs-report-exploratory-therapy-transgender-youth/
2025-05-31 22:42:03,857 - WARNING - Error parsing date from URL https://www.fdlreporter.com/story/news/local/2025/05/02/fond-du-lac-school-district-budget-cuts-layoffs-more-top-news-from-april/83385799007/: month must be in 1..12: 8338-57-99
2025-05-31 22:42:03,857 - WARNING - No date found for URL: https://www.fdlreporter.com/story/news/local/2025/05/02/fond-du-lac-school-district-budget-cuts-layoffs-more-top-news-from-april/83385799007/
2025-05-31 22:42:03,857 - WARNING - Error parsing date from URL https://uk.style.yahoo.com/hole-heart-defect-emma-willis-surgery-151713759.html: month must be in 1..12: 1517-13-75
2025-05-31 22:42:03,857 - WARNING - No date found for URL: https://uk.style.yahoo.com/hole-heart-defect-emma-willis-surgery-151713759.html
2025-05-31 22:42:03,857 - WARNING - No date found for URL: https://www.usmagazine.com/celebrity-news/news/gene-hackman-autopsy-reveals-fasting-and-acetone-levels-page/
2025-05-31 22:42:03,857 - INFO - Successfully extracted date 2025-04-30T00:00:00 from URL: https://www.forbes.com/sites/chrissamcfarlane/2025/04/30/4-hurdles-to-overcome-for-healthcare-daos-to-be-used-outside-of-funding-research/
2025-05-31 22:42:03,857 - WARNING - Error parsing date from URL https://abcnews.go.com/GMA/Wellness/trump-administration-restore-funding-womens-health-initiative/story?id=121127530: month must be in 1..12: 1211-27-53
2025-05-31 22:42:03,857 - WARNING - No date found for URL: https://abcnews.go.com/GMA/Wellness/trump-administration-restore-funding-womens-health-initiative/story?id=121127530
2025-05-31 22:42:03,857 - INFO - Successfully extracted date 1103-05-14T00:00:00 from URL: https://ca.finance.yahoo.com/news/bristol-myers-posts-better-expected-110305143.html
2025-05-31 22:42:03,857 - WARNING - Error parsing date from URL https://consent.yahoo.com/v2/collectConsent?sessionId=1_cc-session_00f63387-3c5d-42b0-b92d-ff528148013a: month must be in 1..12: 5281-48-01
2025-05-31 22:42:03,857 - WARNING - No date found for URL: https://consent.yahoo.com/v2/collectConsent?sessionId=1_cc-session_00f63387-3c5d-42b0-b92d-ff528148013a
2025-05-31 22:42:03,857 - INFO - Successfully extracted date 2025-04-28T00:00:00 from URL: https://www.theregister.com/2025/04/28/infosec_ceo_accused_of_installing_malware/
2025-05-31 22:42:03,857 - WARNING - No date found for URL: https://consent.yahoo.com/v2/collectConsent?sessionId=1_cc-session_252590d3-a9bc-4fb0-b44a-fb2079dc7df1
2025-05-31 22:42:03,857 - WARNING - No date found for URL: https://consent.yahoo.com/v2/collectConsent?sessionId=1_cc-session_22017dcb-caa2-4844-a24c-7765438c1da1
2025-05-31 22:42:03,857 - WARNING - No date found for URL: https://thehackernews.com/2025/04/automating-zero-trust-in-healthcare.html
2025-05-31 22:42:03,857 - WARNING - Error parsing date from URL https://abcnews.go.com/US/federal-prosecutors-seek-death-penalty-accused-ceo-killer/story?id=121145544: month must be in 1..12: 1211-45-54
2025-05-31 22:42:03,857 - WARNING - No date found for URL: https://abcnews.go.com/US/federal-prosecutors-seek-death-penalty-accused-ceo-killer/story?id=121145544
2025-05-31 22:42:03,857 - INFO - Successfully extracted date 2025-04-27T00:00:00 from URL: https://hackaday.com/2025/04/27/quick-and-easy-digital-stethoscope-keeps-tabs-on-cat/
2025-05-31 22:42:03,857 - INFO - Successfully extracted date 2025-04-28T00:00:00 from URL: https://www.forbes.com/sites/heatherwishartsmith/2025/04/28/ai-and-the-future-of-healthcare-lessons-from-military-medicine/
2025-05-31 22:42:03,857 - WARNING - Error parsing date from URL https://gizmodo.com/gillian-anderson-x-files-reboot-ryan-coogler-2000596828: month must be in 1..12: 2000-59-68
2025-05-31 22:42:03,857 - WARNING - No date found for URL: https://gizmodo.com/gillian-anderson-x-files-reboot-ryan-coogler-2000596828
2025-05-31 22:42:03,857 - WARNING - Error parsing date from URL https://gizmodo.com/usps-is-getting-in-on-trumps-anti-immigrant-crackdowns-2000596317: month must be in 1..12: 2000-59-63
2025-05-31 22:42:03,857 - WARNING - No date found for URL: https://gizmodo.com/usps-is-getting-in-on-trumps-anti-immigrant-crackdowns-2000596317
2025-05-31 22:42:03,857 - WARNING - No date found for URL: https://consent.yahoo.com/v2/collectConsent?sessionId=1_cc-session_e742ac99-dc1b-4fb1-bdde-1140b2e21d6f
2025-05-31 22:42:03,857 - WARNING - Error parsing date from URL https://www.providencejournal.com/story/news/politics/courts/2025/04/26/ice-provides-details-on-mans-detention-that-led-to-april-24-providence-protest/83294897007/: month must be in 1..12: 8329-48-97
2025-05-31 22:42:03,857 - WARNING - No date found for URL: https://www.providencejournal.com/story/news/politics/courts/2025/04/26/ice-provides-details-on-mans-detention-that-led-to-april-24-providence-protest/83294897007/
2025-05-31 22:42:03,857 - WARNING - Error parsing date from URL https://gizmodo.com/injectable-male-birth-control-effective-for-at-least-2-years-says-biotech-startup-2000594143: month must be in 1..12: 2000-59-41
2025-05-31 22:42:03,857 - WARNING - No date found for URL: https://gizmodo.com/injectable-male-birth-control-effective-for-at-least-2-years-says-biotech-startup-2000594143
2025-05-31 22:42:03,857 - WARNING - No date found for URL: https://www.businessinsider.com/high-paying-healthcare-jobs-high-school-no-bachelors-masters-degree-2025-5
2025-05-31 22:42:03,857 - WARNING - Error parsing date from URL https://gizmodo.com/semaglutide-shows-major-promise-for-treating-serious-liver-disease-2000596492: month must be in 1..12: 2000-59-64
2025-05-31 22:42:03,857 - WARNING - No date found for URL: https://gizmodo.com/semaglutide-shows-major-promise-for-treating-serious-liver-disease-2000596492
2025-05-31 22:42:03,857 - INFO - Successfully extracted date 2025-04-23T00:00:00 from URL: https://hackaday.com/2025/04/23/to-see-within-detecting-x-rays/
2025-05-31 22:42:03,857 - WARNING - No date found for URL: https://venturebeat.com/ai/breaking-the-intellectual-bottleneck-how-ai-is-computing-the-previously-uncomputible-in-healthcare/
2025-05-31 22:42:03,863 - WARNING - Error parsing date from URL https://abcnews.go.com/US/immunotherapy-drug-capable-eliminating-tumors-early-stage-cancers/story?id=121257808: month must be in 1..12: 1212-57-80
2025-05-31 22:42:03,863 - WARNING - No date found for URL: https://abcnews.go.com/US/immunotherapy-drug-capable-eliminating-tumors-early-stage-cancers/story?id=121257808
2025-05-31 22:42:03,863 - WARNING - No date found for URL: https://www.bbc.com/news/articles/cx2x13k170do
2025-05-31 22:42:03,863 - WARNING - Error parsing date from URL https://gizmodo.com/americas-science-agency-says-it-will-cut-funding-to-researchers-who-protest-israel-2000593036: month must be in 1..12: 2000-59-30
2025-05-31 22:42:03,863 - WARNING - No date found for URL: https://gizmodo.com/americas-science-agency-says-it-will-cut-funding-to-researchers-who-protest-israel-2000593036
2025-05-31 22:42:03,863 - WARNING - No date found for URL: https://www.bbc.com/sport/football/articles/cdden1dnr02o
2025-05-31 22:42:03,863 - WARNING - No date found for URL: https://www.bbc.com/sport/football/articles/c0jz6d01l6xo
2025-05-31 22:42:03,863 - WARNING - No date found for URL: https://www.businessinsider.com/amazon-10-million-raise-hospital-ai-agents-pitch-deck-ascertain-2025-5
2025-05-31 22:42:03,863 - WARNING - No date found for URL: https://www.bbc.com/news/articles/c3evygw383eo
2025-05-31 22:42:03,863 - WARNING - No date found for URL: https://www.bbc.com/news/articles/c98grv8zqveo
2025-05-31 22:42:03,864 - WARNING - Error parsing date from URL https://consent.yahoo.com/v2/collectConsent?sessionId=1_cc-session_c6fe0efd-a35d-4c5e-b553-48143535541d: month must be in 1..12: 4814-35-35
2025-05-31 22:42:03,864 - WARNING - No date found for URL: https://consent.yahoo.com/v2/collectConsent?sessionId=1_cc-session_c6fe0efd-a35d-4c5e-b553-48143535541d
2025-05-31 22:42:03,864 - WARNING - No date found for URL: https://www.bbc.com/news/articles/c33z83830x4o
2025-05-31 22:42:03,864 - WARNING - No date found for URL: https://www.bbc.com/news/articles/c2dek63gxp6o
2025-05-31 22:42:03,864 - WARNING - No date found for URL: https://slate.com/technology/2025/04/dogs-pets-pill-longevity-extend-lifespan-loyal-veterinary-ethics.html
2025-05-31 22:42:03,864 - INFO - Successfully extracted date 2025-04-24T00:00:00 from URL: https://www.npr.org/2025/04/24/nx-s1-5373964/stop-taking-ozempic-healthy-weight-loss
2025-05-31 22:42:03,864 - WARNING - Error parsing date from URL https://www.sciencedaily.com/releases/2025/04/250424121645.htm: month must be in 1..12: 2504-24-12
2025-05-31 22:42:03,864 - WARNING - No date found for URL: https://www.sciencedaily.com/releases/2025/04/250424121645.htm
2025-05-31 22:42:03,865 - WARNING - No date found for URL: https://www.businessinsider.com/trump-what-china-exports-besides-toys-2025-5
2025-05-31 22:42:03,865 - WARNING - No date found for URL: https://www.businessinsider.com/ai-startup-unicorns-with-tiny-teams-2025-5
2025-05-31 22:42:03,865 - WARNING - No date found for URL: https://www.businessinsider.com/insurance-fertility-ivf-costs-hsa-millennial-couple-infertility-2025-3
2025-05-31 22:42:03,865 - WARNING - No date found for URL: https://www.businessinsider.com/moved-from-us-to-australia-better-quality-of-life-2025-4
2025-05-31 22:42:03,865 - WARNING - Error parsing date from URL https://gizmodo.com/how-trumps-proposed-budget-will-gut-public-health-in-america-2000597521: month must be in 1..12: 2000-59-75
2025-05-31 22:42:03,865 - WARNING - No date found for URL: https://gizmodo.com/how-trumps-proposed-budget-will-gut-public-health-in-america-2000597521
2025-05-31 22:42:03,865 - WARNING - No date found for URL: https://www.abc27.com/local-news/police-woman-found-injured-in-lancaster-county-roadway-dies-at-hospital/
2025-05-31 22:42:03,865 - WARNING - No date found for URL: https://science.slashdot.org/story/25/05/05/2050232/unitedhealth-now-has-1000-ai-applications-in-production
2025-05-31 22:42:03,865 - WARNING - Error parsing date from URL https://gizmodo.com/the-fda-just-approved-the-first-crispr-edited-pigs-for-food-2000597425: month must be in 1..12: 2000-59-74
2025-05-31 22:42:03,865 - WARNING - No date found for URL: https://gizmodo.com/the-fda-just-approved-the-first-crispr-edited-pigs-for-food-2000597425
2025-05-31 22:42:03,865 - WARNING - No date found for URL: https://www.businessinsider.com/easiest-bill-to-negotiate-down-according-financial-planners-2025-4
2025-05-31 22:42:03,865 - WARNING - No date found for URL: https://consent.yahoo.com/v2/collectConsent?sessionId=1_cc-session_4527fa09-cc93-46b3-b0ca-e46a293c65a1
2025-05-31 22:42:03,865 - WARNING - Error parsing date from URL https://gizmodo.com/pam-bondi-claims-trump-saved-75-of-americans-from-a-fentanyl-overdose-2000596896: month must be in 1..12: 2000-59-68
2025-05-31 22:42:03,865 - WARNING - No date found for URL: https://gizmodo.com/pam-bondi-claims-trump-saved-75-of-americans-from-a-fentanyl-overdose-2000596896
2025-05-31 22:42:03,865 - WARNING - No date found for URL: https://www.bbc.com/news/articles/cr5dy8depj5o
2025-05-31 22:42:03,867 - INFO - Successfully extracted date 2025-04-27T00:00:00 from URL: https://www.npr.org/2025/04/27/nx-s1-5378668/the-dea-says-114-immigrants-in-the-u-s-illegally-were-arrested-at-a-colorado-nightclub
2025-05-31 22:42:03,867 - WARNING - No date found for URL: https://time.com/7279465/rfk-jr-to-phase-out-artificial-food-dyes/
2025-05-31 22:42:03,867 - INFO - Successfully extracted date 2025-04-23T00:00:00 from URL: https://www.npr.org/2025/04/23/nx-s1-5372695/autism-nih-rfk-medical-records
2025-05-31 22:42:03,867 - WARNING - No date found for URL: https://www.bbc.com/news/articles/cnv56q82vnro
2025-05-31 22:42:03,867 - INFO - Successfully extracted date 2025-05-04T00:00:00 from URL: https://www.npr.org/2025/05/04/nx-s1-5386456/mexico-president-rejected-trumps-plan-us-troops-across-border
2025-05-31 22:42:03,867 - WARNING - No date found for URL: https://consent.yahoo.com/v2/collectConsent?sessionId=1_cc-session_21c8679d-384a-43cc-8572-b5203c9ec9a7
2025-05-31 22:42:03,867 - WARNING - No date found for URL: https://www.businessinsider.com/costco-gold-buyers-rewards-price-surge-2025-4
2025-05-31 22:42:03,867 - WARNING - No date found for URL: https://www.bbc.com/news/articles/cwynqx77dn5o
2025-05-31 22:42:03,867 - WARNING - Error parsing date from URL https://gizmodo.com/fda-issues-alert-on-fake-ozempic-how-to-tell-if-yours-is-real-2000592709: month must be in 1..12: 2000-59-27
2025-05-31 22:42:03,867 - WARNING - No date found for URL: https://gizmodo.com/fda-issues-alert-on-fake-ozempic-how-to-tell-if-yours-is-real-2000592709
2025-05-31 22:42:03,867 - WARNING - No date found for URL: https://www.scientificamerican.com/article/the-scary-implications-of-u-s-government-attacks-on-medical-journals/
2025-05-31 22:42:03,867 - WARNING - Error parsing date from URL https://qz.com/hims-hers-novo-nordisk-stock-wegovy-ozempic-deal-1851778237: month must be in 1..12: 1851-77-82
2025-05-31 22:42:03,867 - WARNING - No date found for URL: https://qz.com/hims-hers-novo-nordisk-stock-wegovy-ozempic-deal-1851778237
2025-05-31 22:42:03,869 - WARNING - No date found for URL: https://thenextweb.com/news/fertility-startup-rejuvenates-human-eggs-to-boost-chances-of-conception
2025-05-31 22:42:03,869 - INFO - Successfully extracted date 2025-04-22T00:00:00 from URL: https://www.forbes.com/sites/gilpress/2025/04/22/ai-transforms-drug-discovery-and-precision-medicine/
2025-05-31 22:42:03,869 - INFO - Successfully extracted date 2025-05-07T00:00:00 from URL: https://www.npr.org/2025/05/07/nx-s1-5388488/three-memphis-police-officers-found-not-guilty-in-the-death-of-tyre-nichols
2025-05-31 22:42:03,869 - WARNING - No date found for URL: https://www.bbc.com/news/articles/creq0xd4y51o
2025-05-31 22:42:03,869 - WARNING - Error parsing date from URL https://www.yahoo.com/news/nbcs-mike-tirico-had-medical-212902370.html: day is out of range for month: 2129-02-37
2025-05-31 22:42:03,869 - WARNING - No date found for URL: https://www.yahoo.com/news/nbcs-mike-tirico-had-medical-212902370.html
2025-05-31 22:42:03,869 - WARNING - Error parsing date from URL https://www.yahoo.com/news/former-abercrombie-fitch-ceo-ruled-235805549.html: day is out of range for month: 2358-05-54
2025-05-31 22:42:03,869 - WARNING - No date found for URL: https://www.yahoo.com/news/former-abercrombie-fitch-ceo-ruled-235805549.html
2025-05-31 22:42:03,869 - WARNING - Error parsing date from URL https://gizmodo.com/researchers-tattooed-tardigrades-they-promise-it-will-be-useful-2000593853: month must be in 1..12: 2000-59-38
2025-05-31 22:42:03,869 - WARNING - No date found for URL: https://gizmodo.com/researchers-tattooed-tardigrades-they-promise-it-will-be-useful-2000593853
2025-05-31 22:42:03,869 - WARNING - No date found for URL: https://www.bbc.com/news/articles/c5y42zzwylvo
2025-05-31 22:42:03,869 - WARNING - No date found for URL: https://www.bbc.com/news/videos/ceqrp4wvvx1o
2025-05-31 22:42:03,871 - WARNING - No date found for URL: https://www.businessinsider.com/nutrition-nourish-unicorn-jp-morgan-growth-series-b-2025-4
2025-05-31 22:42:03,872 - INFO - Successfully extracted date 2025-05-06T00:00:00 from URL: https://www.npr.org/2025/05/06/nx-s1-5388198/trump-abortion-drug-case
2025-05-31 22:42:03,872 - WARNING - Error parsing date from URL https://gizmodo.com/new-weight-loss-drugs-are-sending-a-surprising-number-of-americans-to-the-emergency-room-2000595716: month must be in 1..12: 2000-59-57
2025-05-31 22:42:03,872 - WARNING - No date found for URL: https://gizmodo.com/new-weight-loss-drugs-are-sending-a-surprising-number-of-americans-to-the-emergency-room-2000595716
2025-05-31 22:42:03,872 - WARNING - No date found for URL: https://consent.yahoo.com/v2/collectConsent?sessionId=1_cc-session_c7904365-373a-49bd-bd06-ad3450a116ea
2025-05-31 22:42:03,872 - WARNING - Error parsing date from URL https://qz.com/trump-tariffs-pharma-companies-astrazeneca-gsk-1851779389: month must be in 1..12: 1851-77-93
2025-05-31 22:42:03,872 - WARNING - No date found for URL: https://qz.com/trump-tariffs-pharma-companies-astrazeneca-gsk-1851779389
2025-05-31 22:42:03,873 - WARNING - Error parsing date from URL https://www.yahoo.com/news/11-arrested-5-wanted-ga-210411716.html: day is out of range for month: 2104-11-71
2025-05-31 22:42:03,873 - WARNING - No date found for URL: https://www.yahoo.com/news/11-arrested-5-wanted-ga-210411716.html
2025-05-31 22:42:03,873 - WARNING - Error parsing date from URL https://www.yahoo.com/news/san-francisco-inches-closer-adopting-005240158.html: month must be in 1..12: 0052-40-15
2025-05-31 22:42:03,873 - WARNING - No date found for URL: https://www.yahoo.com/news/san-francisco-inches-closer-adopting-005240158.html
2025-05-31 22:42:03,873 - WARNING - No date found for URL: https://www.ktvu.com/news/survivor-deadly-marin-county-crash-released-from-hospital
2025-05-31 22:42:03,873 - WARNING - No date found for URL: https://www.whattowatch.com/news/general-hospital-spoilers-kristina-learns-of-an-ava-secret
2025-05-31 22:42:03,874 - INFO - Successfully extracted date 2025-04-24T00:00:00 from URL: https://www.npr.org/2025/04/24/nx-s1-5374372/millions-of-american-kids-have-an-adhd-diagnosis-is-their-treatment-effective
2025-05-31 22:42:03,874 - WARNING - No date found for URL: https://www.theverge.com/news/661695/google-simplify-ai-gemini-feature-ios-app
2025-05-31 22:42:03,874 - WARNING - Error parsing date from URL https://www.yahoo.com/news/luis-antonio-tagle-philippine-cardinal-035147259.html: month must be in 1..12: 0351-47-25
2025-05-31 22:42:03,874 - WARNING - No date found for URL: https://www.yahoo.com/news/luis-antonio-tagle-philippine-cardinal-035147259.html
2025-05-31 22:42:03,874 - WARNING - No date found for URL: https://www.bbc.com/news/articles/czrv5rl73zdo
2025-05-31 22:42:03,874 - INFO - Successfully extracted date 2025-05-02T00:00:00 from URL: https://www.npr.org/2025/05/02/nx-s1-5383874/erin-patterson-murder-trial-poison-mushroom-australia
2025-05-31 22:42:03,875 - INFO - Successfully extracted date 2025-04-30T00:00:00 from URL: https://www.npr.org/sections/shots-health-news/2025/04/30/g-s1-63345/alzheimers-survey-americans-testing-treatment-risky
2025-05-31 22:42:03,875 - INFO - Successfully extracted date 2025-05-03T00:00:00 from URL: https://www.yankodesign.com/2025/05/03/origami-in-industrial-design-unlocking-the-art-of-precision/
2025-05-31 22:42:03,875 - WARNING - No date found for URL: https://www.slashfilm.com/1836948/netflix-medical-k-drama-misrepresenting-disease-doctor-cha/
2025-05-31 22:42:03,875 - WARNING - No date found for URL: https://www.aljazeera.com/news/2025/4/23/trade-war-with-china-to-hit-us-healthcare
2025-05-31 22:42:03,875 - INFO - Successfully extracted date 2025-04-27T00:00:00 from URL: https://www.forbes.com/sites/gilpress/2025/04/27/the-accelerating-state-of-ai-health-in-hospitals-and-homes/
2025-05-31 22:42:03,875 - INFO - Successfully extracted date 2505-07-14T00:00:00 from URL: https://www.sciencedaily.com/releases/2025/05/250507141142.htm
2025-05-31 22:42:03,875 - WARNING - Error parsing date from URL https://abcnews.go.com/Health/concern-after-hhs-report-advocates-therapy-trans-kids/story?id=121372589: month must be in 1..12: 1213-72-58
2025-05-31 22:42:03,875 - WARNING - No date found for URL: https://abcnews.go.com/Health/concern-after-hhs-report-advocates-therapy-trans-kids/story?id=121372589
2025-05-31 22:42:03,875 - INFO - Successfully extracted date 2505-07-14T00:00:00 from URL: https://www.sciencedaily.com/releases/2025/05/250507141132.htm
2025-05-31 22:42:03,875 - WARNING - Error parsing date from URL https://abcnews.go.com/US/luigi-mangione-federal-arraignment/story?id=121136124: month must be in 1..12: 1211-36-12
2025-05-31 22:42:03,875 - WARNING - No date found for URL: https://abcnews.go.com/US/luigi-mangione-federal-arraignment/story?id=121136124
2025-05-31 22:42:03,877 - WARNING - Error parsing date from URL https://gizmodo.com/man-bitten-by-200-snakes-helps-scientists-create-a-super-antivenom-2000598057: month must be in 1..12: 2000-59-80
2025-05-31 22:42:03,877 - WARNING - No date found for URL: https://gizmodo.com/man-bitten-by-200-snakes-helps-scientists-create-a-super-antivenom-2000598057
2025-05-31 22:42:03,877 - INFO - Successfully extracted date 2025-05-06T00:00:00 from URL: https://www.forbes.com/sites/partnerreleases/2025/05/06/leading-healthcare-executive-examines-how-ai-big-tech-and-retail-medicine-are-reshaping-the-industry/
2025-05-31 22:42:03,877 - WARNING - No date found for URL: https://www.scientificamerican.com/podcast/episode/new-data-released-from-nasas-juno-mission-and-new-satellites-launched-for/
2025-05-31 22:42:03,877 - WARNING - No date found for URL: https://www.foxnews.com/tech/blue-shield-exposed-4-7m-patients-health-data-google-2
2025-05-31 22:42:03,877 - WARNING - No date found for URL: https://time.com/7281894/new-hhs-report-exploratory-therapy-transgender-youth/
2025-05-31 22:42:03,877 - WARNING - Error parsing date from URL https://www.fdlreporter.com/story/news/local/2025/05/02/fond-du-lac-school-district-budget-cuts-layoffs-more-top-news-from-april/83385799007/: month must be in 1..12: 8338-57-99
2025-05-31 22:42:03,877 - WARNING - No date found for URL: https://www.fdlreporter.com/story/news/local/2025/05/02/fond-du-lac-school-district-budget-cuts-layoffs-more-top-news-from-april/83385799007/
2025-05-31 22:42:03,877 - WARNING - Error parsing date from URL https://uk.style.yahoo.com/hole-heart-defect-emma-willis-surgery-151713759.html: month must be in 1..12: 1517-13-75
2025-05-31 22:42:03,877 - WARNING - No date found for URL: https://uk.style.yahoo.com/hole-heart-defect-emma-willis-surgery-151713759.html
2025-05-31 22:42:03,877 - WARNING - No date found for URL: https://www.usmagazine.com/celebrity-news/news/gene-hackman-autopsy-reveals-fasting-and-acetone-levels-page/
2025-05-31 22:42:03,877 - INFO - Successfully extracted date 2025-04-30T00:00:00 from URL: https://www.forbes.com/sites/chrissamcfarlane/2025/04/30/4-hurdles-to-overcome-for-healthcare-daos-to-be-used-outside-of-funding-research/
2025-05-31 22:42:03,878 - WARNING - Error parsing date from URL https://abcnews.go.com/GMA/Wellness/trump-administration-restore-funding-womens-health-initiative/story?id=121127530: month must be in 1..12: 1211-27-53
2025-05-31 22:42:03,878 - WARNING - No date found for URL: https://abcnews.go.com/GMA/Wellness/trump-administration-restore-funding-womens-health-initiative/story?id=121127530
2025-05-31 22:42:03,878 - INFO - Successfully extracted date 1103-05-14T00:00:00 from URL: https://ca.finance.yahoo.com/news/bristol-myers-posts-better-expected-110305143.html
2025-05-31 22:42:03,878 - WARNING - Error parsing date from URL https://consent.yahoo.com/v2/collectConsent?sessionId=1_cc-session_00f63387-3c5d-42b0-b92d-ff528148013a: month must be in 1..12: 5281-48-01
2025-05-31 22:42:03,878 - WARNING - No date found for URL: https://consent.yahoo.com/v2/collectConsent?sessionId=1_cc-session_00f63387-3c5d-42b0-b92d-ff528148013a
2025-05-31 22:42:03,879 - INFO - Successfully extracted date 2025-04-28T00:00:00 from URL: https://www.theregister.com/2025/04/28/infosec_ceo_accused_of_installing_malware/
2025-05-31 22:42:03,879 - WARNING - No date found for URL: https://consent.yahoo.com/v2/collectConsent?sessionId=1_cc-session_252590d3-a9bc-4fb0-b44a-fb2079dc7df1
2025-05-31 22:42:03,879 - WARNING - No date found for URL: https://consent.yahoo.com/v2/collectConsent?sessionId=1_cc-session_22017dcb-caa2-4844-a24c-7765438c1da1
2025-05-31 22:42:03,879 - WARNING - No date found for URL: https://thehackernews.com/2025/04/automating-zero-trust-in-healthcare.html
2025-05-31 22:42:03,879 - WARNING - Error parsing date from URL https://abcnews.go.com/US/federal-prosecutors-seek-death-penalty-accused-ceo-killer/story?id=121145544: month must be in 1..12: 1211-45-54
2025-05-31 22:42:03,879 - WARNING - No date found for URL: https://abcnews.go.com/US/federal-prosecutors-seek-death-penalty-accused-ceo-killer/story?id=121145544
2025-05-31 22:42:03,879 - INFO - Successfully extracted date 2025-04-27T00:00:00 from URL: https://hackaday.com/2025/04/27/quick-and-easy-digital-stethoscope-keeps-tabs-on-cat/
2025-05-31 22:42:03,879 - INFO - Successfully extracted date 2025-04-28T00:00:00 from URL: https://www.forbes.com/sites/heatherwishartsmith/2025/04/28/ai-and-the-future-of-healthcare-lessons-from-military-medicine/
2025-05-31 22:42:03,880 - WARNING - Error parsing date from URL https://gizmodo.com/gillian-anderson-x-files-reboot-ryan-coogler-2000596828: month must be in 1..12: 2000-59-68
2025-05-31 22:42:03,880 - WARNING - No date found for URL: https://gizmodo.com/gillian-anderson-x-files-reboot-ryan-coogler-2000596828
2025-05-31 22:42:03,880 - WARNING - Error parsing date from URL https://gizmodo.com/usps-is-getting-in-on-trumps-anti-immigrant-crackdowns-2000596317: month must be in 1..12: 2000-59-63
2025-05-31 22:42:03,880 - WARNING - No date found for URL: https://gizmodo.com/usps-is-getting-in-on-trumps-anti-immigrant-crackdowns-2000596317
2025-05-31 22:42:03,881 - WARNING - No date found for URL: https://consent.yahoo.com/v2/collectConsent?sessionId=1_cc-session_e742ac99-dc1b-4fb1-bdde-1140b2e21d6f
2025-05-31 22:42:03,881 - WARNING - Error parsing date from URL https://www.providencejournal.com/story/news/politics/courts/2025/04/26/ice-provides-details-on-mans-detention-that-led-to-april-24-providence-protest/83294897007/: month must be in 1..12: 8329-48-97
2025-05-31 22:42:03,881 - WARNING - No date found for URL: https://www.providencejournal.com/story/news/politics/courts/2025/04/26/ice-provides-details-on-mans-detention-that-led-to-april-24-providence-protest/83294897007/
2025-05-31 22:42:03,881 - WARNING - No date found for URL: https://www.theverge.com/politics/663114/surgeon-general-doge-casey-means-sam-corcos-startup-levels-doge
2025-05-31 22:42:03,881 - WARNING - Error parsing date from URL https://gizmodo.com/injectable-male-birth-control-effective-for-at-least-2-years-says-biotech-startup-2000594143: month must be in 1..12: 2000-59-41
2025-05-31 22:42:03,881 - WARNING - No date found for URL: https://gizmodo.com/injectable-male-birth-control-effective-for-at-least-2-years-says-biotech-startup-2000594143
2025-05-31 22:42:03,881 - WARNING - No date found for URL: https://www.businessinsider.com/high-paying-healthcare-jobs-high-school-no-bachelors-masters-degree-2025-5
2025-05-31 22:42:03,881 - WARNING - No date found for URL: https://www.businessinsider.com/crowdfunding-medical-bills-disabled-trans-woman-medicaid-healthcare-2025-5
2025-05-31 22:42:03,881 - WARNING - Error parsing date from URL https://gizmodo.com/semaglutide-shows-major-promise-for-treating-serious-liver-disease-2000596492: month must be in 1..12: 2000-59-64
2025-05-31 22:42:03,882 - WARNING - No date found for URL: https://gizmodo.com/semaglutide-shows-major-promise-for-treating-serious-liver-disease-2000596492
2025-05-31 22:42:03,882 - INFO - Successfully extracted date 2025-04-23T00:00:00 from URL: https://hackaday.com/2025/04/23/to-see-within-detecting-x-rays/
2025-05-31 22:42:03,882 - WARNING - No date found for URL: https://venturebeat.com/ai/breaking-the-intellectual-bottleneck-how-ai-is-computing-the-previously-uncomputible-in-healthcare/
2025-05-31 22:42:03,882 - WARNING - Error parsing date from URL https://gizmodo.com/americas-science-agency-says-it-will-cut-funding-to-researchers-who-protest-israel-2000593036: month must be in 1..12: 2000-59-30
2025-05-31 22:42:03,882 - WARNING - No date found for URL: https://gizmodo.com/americas-science-agency-says-it-will-cut-funding-to-researchers-who-protest-israel-2000593036
2025-05-31 22:42:03,882 - WARNING - Error parsing date from URL https://consent.yahoo.com/v2/collectConsent?sessionId=1_cc-session_c6fe0efd-a35d-4c5e-b553-48143535541d: month must be in 1..12: 4814-35-35
2025-05-31 22:42:03,882 - WARNING - No date found for URL: https://consent.yahoo.com/v2/collectConsent?sessionId=1_cc-session_c6fe0efd-a35d-4c5e-b553-48143535541d
2025-05-31 22:42:03,882 - WARNING - No date found for URL: https://www.bbc.com/news/articles/c33z83830x4o
2025-05-31 22:42:03,882 - WARNING - No date found for URL: https://slate.com/technology/2025/04/dogs-pets-pill-longevity-extend-lifespan-loyal-veterinary-ethics.html
2025-05-31 22:42:03,883 - WARNING - Error parsing date from URL https://abcnews.go.com/US/immunotherapy-drug-capable-eliminating-tumors-early-stage-cancers/story?id=121257808: month must be in 1..12: 1212-57-80
2025-05-31 22:42:03,883 - WARNING - No date found for URL: https://abcnews.go.com/US/immunotherapy-drug-capable-eliminating-tumors-early-stage-cancers/story?id=121257808
2025-05-31 22:42:03,883 - INFO - Successfully extracted date 2025-04-24T00:00:00 from URL: https://www.npr.org/2025/04/24/nx-s1-5373964/stop-taking-ozempic-healthy-weight-loss
2025-05-31 22:42:03,883 - INFO - Successfully extracted date 2025-05-07T00:00:00 from URL: https://www.npr.org/2025/05/07/nx-s1-5389962/trump-casey-means-surgeon-general
2025-05-31 22:42:03,883 - WARNING - Error parsing date from URL https://www.sciencedaily.com/releases/2025/04/250424121645.htm: month must be in 1..12: 2504-24-12
2025-05-31 22:42:03,883 - WARNING - No date found for URL: https://www.sciencedaily.com/releases/2025/04/250424121645.htm
2025-05-31 22:42:03,883 - WARNING - No date found for URL: https://newrepublic.com/post/194997/trump-surgeon-general-wellness-influencer-casey-means
2025-05-31 22:42:03,883 - WARNING - No date found for URL: https://www.wired.com/story/cbp-rescinds-policies-on-care-of-pregnant-women-infants/
2025-05-31 22:42:03,884 - WARNING - No date found for URL: https://www.businessinsider.com/ai-startup-unicorns-with-tiny-teams-2025-5
2025-05-31 22:42:03,884 - WARNING - No date found for URL: https://www.businessinsider.com/insurance-fertility-ivf-costs-hsa-millennial-couple-infertility-2025-3
2025-05-31 22:42:03,884 - WARNING - No date found for URL: https://www.businessinsider.com/moved-from-us-to-australia-better-quality-of-life-2025-4
2025-05-31 22:42:03,884 - WARNING - Error parsing date from URL https://gizmodo.com/how-trumps-proposed-budget-will-gut-public-health-in-america-2000597521: month must be in 1..12: 2000-59-75
2025-05-31 22:42:03,884 - WARNING - No date found for URL: https://gizmodo.com/how-trumps-proposed-budget-will-gut-public-health-in-america-2000597521
2025-05-31 22:42:03,884 - WARNING - No date found for URL: https://science.slashdot.org/story/25/05/05/2050232/unitedhealth-now-has-1000-ai-applications-in-production
2025-05-31 22:42:03,884 - WARNING - No date found for URL: https://www.businessinsider.com/amazon-10-million-raise-hospital-ai-agents-pitch-deck-ascertain-2025-5
2025-05-31 22:42:03,885 - WARNING - Error parsing date from URL https://gizmodo.com/the-fda-just-approved-the-first-crispr-edited-pigs-for-food-2000597425: month must be in 1..12: 2000-59-74
2025-05-31 22:42:03,885 - WARNING - No date found for URL: https://gizmodo.com/the-fda-just-approved-the-first-crispr-edited-pigs-for-food-2000597425
2025-05-31 22:42:03,885 - WARNING - No date found for URL: https://consent.yahoo.com/v2/collectConsent?sessionId=1_cc-session_4527fa09-cc93-46b3-b0ca-e46a293c65a1
2025-05-31 22:42:03,886 - WARNING - Error parsing date from URL https://gizmodo.com/pam-bondi-claims-trump-saved-75-of-americans-from-a-fentanyl-overdose-2000596896: month must be in 1..12: 2000-59-68
2025-05-31 22:42:03,886 - WARNING - No date found for URL: https://gizmodo.com/pam-bondi-claims-trump-saved-75-of-americans-from-a-fentanyl-overdose-2000596896
2025-05-31 22:42:03,886 - WARNING - No date found for URL: https://www.businessinsider.com/trump-what-china-exports-besides-toys-2025-5
2025-05-31 22:42:03,886 - INFO - Successfully extracted date 2025-04-27T00:00:00 from URL: https://www.npr.org/2025/04/27/nx-s1-5378668/the-dea-says-114-immigrants-in-the-u-s-illegally-were-arrested-at-a-colorado-nightclub
2025-05-31 22:42:03,886 - INFO - Successfully extracted date 2025-04-23T00:00:00 from URL: https://www.npr.org/2025/04/23/nx-s1-5372695/autism-nih-rfk-medical-records
2025-05-31 22:42:03,886 - WARNING - No date found for URL: https://consent.yahoo.com/v2/collectConsent?sessionId=1_cc-session_21c8679d-384a-43cc-8572-b5203c9ec9a7
2025-05-31 22:42:03,886 - INFO - Successfully extracted date 2025-05-04T00:00:00 from URL: https://www.npr.org/2025/05/04/nx-s1-5386456/mexico-president-rejected-trumps-plan-us-troops-across-border
2025-05-31 22:42:03,886 - WARNING - No date found for URL: https://www.businessinsider.com/costco-gold-buyers-rewards-price-surge-2025-4
2025-05-31 22:42:03,886 - WARNING - No date found for URL: https://www.scientificamerican.com/article/the-scary-implications-of-u-s-government-attacks-on-medical-journals/
2025-05-31 22:42:03,886 - WARNING - Error parsing date from URL https://qz.com/hims-hers-novo-nordisk-stock-wegovy-ozempic-deal-1851778237: month must be in 1..12: 1851-77-82
2025-05-31 22:42:03,886 - WARNING - No date found for URL: https://qz.com/hims-hers-novo-nordisk-stock-wegovy-ozempic-deal-1851778237
2025-05-31 22:42:03,887 - WARNING - No date found for URL: https://thenextweb.com/news/fertility-startup-rejuvenates-human-eggs-to-boost-chances-of-conception
2025-05-31 22:42:03,887 - WARNING - No date found for URL: https://www.bbc.com/news/articles/creq0xd4y51o
2025-05-31 22:42:03,887 - WARNING - Error parsing date from URL https://www.yahoo.com/news/nbcs-mike-tirico-had-medical-212902370.html: day is out of range for month: 2129-02-37
2025-05-31 22:42:03,887 - WARNING - No date found for URL: https://www.yahoo.com/news/nbcs-mike-tirico-had-medical-212902370.html
2025-05-31 22:42:03,888 - WARNING - Error parsing date from URL https://gizmodo.com/researchers-tattooed-tardigrades-they-promise-it-will-be-useful-2000593853: month must be in 1..12: 2000-59-38
2025-05-31 22:42:03,888 - WARNING - No date found for URL: https://gizmodo.com/researchers-tattooed-tardigrades-they-promise-it-will-be-useful-2000593853
2025-05-31 22:42:03,888 - WARNING - No date found for URL: https://www.bbc.com/news/videos/ceqrp4wvvx1o
2025-05-31 22:42:03,888 - WARNING - No date found for URL: https://www.businessinsider.com/nutrition-nourish-unicorn-jp-morgan-growth-series-b-2025-4
2025-05-31 22:42:03,888 - INFO - Successfully extracted date 2025-05-06T00:00:00 from URL: https://www.npr.org/2025/05/06/nx-s1-5388198/trump-abortion-drug-case
2025-05-31 22:42:03,889 - WARNING - Error parsing date from URL https://gizmodo.com/new-weight-loss-drugs-are-sending-a-surprising-number-of-americans-to-the-emergency-room-2000595716: month must be in 1..12: 2000-59-57
2025-05-31 22:42:03,889 - WARNING - No date found for URL: https://gizmodo.com/new-weight-loss-drugs-are-sending-a-surprising-number-of-americans-to-the-emergency-room-2000595716
2025-05-31 22:42:03,889 - WARNING - No date found for URL: https://consent.yahoo.com/v2/collectConsent?sessionId=1_cc-session_c7904365-373a-49bd-bd06-ad3450a116ea
2025-05-31 22:42:03,889 - WARNING - Error parsing date from URL https://qz.com/trump-tariffs-pharma-companies-astrazeneca-gsk-1851779389: month must be in 1..12: 1851-77-93
2025-05-31 22:42:03,889 - WARNING - No date found for URL: https://qz.com/trump-tariffs-pharma-companies-astrazeneca-gsk-1851779389
2025-05-31 22:42:03,889 - WARNING - Error parsing date from URL https://www.yahoo.com/news/11-arrested-5-wanted-ga-210411716.html: day is out of range for month: 2104-11-71
2025-05-31 22:42:03,889 - WARNING - No date found for URL: https://www.yahoo.com/news/11-arrested-5-wanted-ga-210411716.html
2025-05-31 22:42:03,889 - WARNING - Error parsing date from URL https://www.yahoo.com/news/san-francisco-inches-closer-adopting-005240158.html: month must be in 1..12: 0052-40-15
2025-05-31 22:42:03,889 - WARNING - No date found for URL: https://www.yahoo.com/news/san-francisco-inches-closer-adopting-005240158.html
2025-05-31 22:42:03,891 - INFO - Successfully extracted date 2025-05-08T00:00:00 from URL: https://www.npr.org/2025/05/08/nx-s1-5391310/kennedy-autism-registry-database-hhs-nih-medicare-medicaid
2025-05-31 22:42:03,891 - INFO - Successfully extracted date 2025-04-24T00:00:00 from URL: https://www.npr.org/2025/04/24/nx-s1-5374372/millions-of-american-kids-have-an-adhd-diagnosis-is-their-treatment-effective
2025-05-31 22:42:03,891 - WARNING - No date found for URL: https://www.theverge.com/news/661695/google-simplify-ai-gemini-feature-ios-app
2025-05-31 22:42:03,891 - WARNING - Error parsing date from URL https://www.yahoo.com/news/luis-antonio-tagle-philippine-cardinal-035147259.html: month must be in 1..12: 0351-47-25
2025-05-31 22:42:03,891 - WARNING - No date found for URL: https://www.yahoo.com/news/luis-antonio-tagle-philippine-cardinal-035147259.html
2025-05-31 22:42:03,891 - WARNING - No date found for URL: https://slate.com/podcasts/what-next/2025/05/trumps-tariffs-are-in-the-supply-chain
2025-05-31 22:42:03,891 - INFO - Successfully extracted date 2025-04-30T00:00:00 from URL: https://www.npr.org/sections/shots-health-news/2025/04/30/g-s1-63345/alzheimers-survey-americans-testing-treatment-risky
2025-05-31 22:42:03,891 - INFO - Successfully extracted date 2025-05-03T00:00:00 from URL: https://www.yankodesign.com/2025/05/03/origami-in-industrial-design-unlocking-the-art-of-precision/
2025-05-31 22:42:03,892 - WARNING - No date found for URL: https://www.bbc.com/news/articles/cnv56q82vnro
2025-05-31 22:42:03,892 - WARNING - No date found for URL: https://blog.google/technology/research/google-research-scientific-discovery/
2025-05-31 22:42:03,892 - WARNING - Error parsing date from URL https://abcnews.go.com/Health/concern-after-hhs-report-advocates-therapy-trans-kids/story?id=121372589: month must be in 1..12: 1213-72-58
2025-05-31 22:42:03,892 - WARNING - No date found for URL: https://abcnews.go.com/Health/concern-after-hhs-report-advocates-therapy-trans-kids/story?id=121372589
2025-05-31 22:42:03,892 - INFO - Successfully extracted date 2505-07-14T00:00:00 from URL: https://www.sciencedaily.com/releases/2025/05/250507141132.htm
2025-05-31 22:42:03,892 - WARNING - Error parsing date from URL https://abcnews.go.com/US/luigi-mangione-federal-arraignment/story?id=121136124: month must be in 1..12: 1211-36-12
2025-05-31 22:42:03,892 - WARNING - No date found for URL: https://abcnews.go.com/US/luigi-mangione-federal-arraignment/story?id=121136124
2025-05-31 22:42:03,892 - WARNING - No date found for URL: https://www.scientificamerican.com/podcast/episode/new-data-released-from-nasas-juno-mission-and-new-satellites-launched-for/
2025-05-31 22:42:03,893 - WARNING - No date found for URL: https://www.aljazeera.com/news/2025/4/23/trade-war-with-china-to-hit-us-healthcare
2025-05-31 22:42:03,893 - WARNING - No date found for URL: https://www.foxnews.com/tech/blue-shield-exposed-4-7m-patients-health-data-google-2
2025-05-31 22:42:03,893 - WARNING - No date found for URL: https://time.com/7281894/new-hhs-report-exploratory-therapy-transgender-youth/
2025-05-31 22:42:03,893 - WARNING - No date found for URL: https://www.usmagazine.com/celebrity-news/news/gene-hackman-autopsy-reveals-fasting-and-acetone-levels-page/
2025-05-31 22:42:03,893 - INFO - Successfully extracted date 2025-04-30T00:00:00 from URL: https://www.forbes.com/sites/chrissamcfarlane/2025/04/30/4-hurdles-to-overcome-for-healthcare-daos-to-be-used-outside-of-funding-research/
2025-05-31 22:42:03,893 - INFO - Successfully extracted date 1103-05-14T00:00:00 from URL: https://ca.finance.yahoo.com/news/bristol-myers-posts-better-expected-110305143.html
2025-05-31 22:42:03,893 - WARNING - Error parsing date from URL https://consent.yahoo.com/v2/collectConsent?sessionId=1_cc-session_00f63387-3c5d-42b0-b92d-ff528148013a: month must be in 1..12: 5281-48-01
2025-05-31 22:42:03,893 - WARNING - No date found for URL: https://consent.yahoo.com/v2/collectConsent?sessionId=1_cc-session_00f63387-3c5d-42b0-b92d-ff528148013a
2025-05-31 22:42:03,894 - WARNING - No date found for URL: https://consent.yahoo.com/v2/collectConsent?sessionId=1_cc-session_252590d3-a9bc-4fb0-b44a-fb2079dc7df1
2025-05-31 22:42:03,894 - WARNING - No date found for URL: https://consent.yahoo.com/v2/collectConsent?sessionId=1_cc-session_22017dcb-caa2-4844-a24c-7765438c1da1
2025-05-31 22:42:03,894 - WARNING - No date found for URL: https://thehackernews.com/2025/04/automating-zero-trust-in-healthcare.html
2025-05-31 22:42:03,894 - WARNING - Error parsing date from URL https://abcnews.go.com/US/federal-prosecutors-seek-death-penalty-accused-ceo-killer/story?id=121145544: month must be in 1..12: 1211-45-54
2025-05-31 22:42:03,894 - WARNING - No date found for URL: https://abcnews.go.com/US/federal-prosecutors-seek-death-penalty-accused-ceo-killer/story?id=121145544
2025-05-31 22:42:03,894 - INFO - Successfully extracted date 2025-04-27T00:00:00 from URL: https://hackaday.com/2025/04/27/quick-and-easy-digital-stethoscope-keeps-tabs-on-cat/
2025-05-31 22:42:03,894 - WARNING - Error parsing date from URL https://gizmodo.com/gillian-anderson-x-files-reboot-ryan-coogler-2000596828: month must be in 1..12: 2000-59-68
2025-05-31 22:42:03,894 - WARNING - No date found for URL: https://gizmodo.com/gillian-anderson-x-files-reboot-ryan-coogler-2000596828
2025-05-31 22:42:03,895 - WARNING - Error parsing date from URL https://gizmodo.com/usps-is-getting-in-on-trumps-anti-immigrant-crackdowns-2000596317: month must be in 1..12: 2000-59-63
2025-05-31 22:42:03,895 - WARNING - No date found for URL: https://gizmodo.com/usps-is-getting-in-on-trumps-anti-immigrant-crackdowns-2000596317
2025-05-31 22:42:03,895 - INFO - Successfully extracted date 2025-05-07T00:00:00 from URL: https://www.npr.org/2025/05/07/nx-s1-5388488/three-memphis-police-officers-found-not-guilty-in-the-death-of-tyre-nichols
2025-05-31 22:42:03,895 - WARNING - No date found for URL: https://consent.yahoo.com/v2/collectConsent?sessionId=1_cc-session_e742ac99-dc1b-4fb1-bdde-1140b2e21d6f
2025-05-31 22:42:03,895 - WARNING - No date found for URL: https://www.bbc.com/sport/motorsport/articles/c9wgj8ye4vdo
2025-05-31 22:42:03,895 - WARNING - No date found for URL: https://news.slashdot.org/story/25/05/05/0649225/majority-in-uk-now-self-identify-as-neurodivergent
2025-05-31 22:42:03,895 - WARNING - No date found for URL: https://www.cnet.com/health/nutrition/nad-supplements/
2025-05-31 22:42:03,895 - WARNING - No date found for URL: https://www.cnet.com/health/medical/measles-cases-spread-across-us-mexico-and-canada-learn-how-to-protect-yourself/
2025-05-31 22:42:03,895 - INFO - Successfully extracted date 2025-04-27T00:00:00 from URL: https://www.forbes.com/sites/gilpress/2025/04/27/the-accelerating-state-of-ai-health-in-hospitals-and-homes/
2025-05-31 22:42:03,895 - WARNING - Error parsing date from URL https://www.yahoo.com/news/scientists-uncover-disturbing-threat-increasing-113052253.html: month must be in 1..12: 1130-52-25
2025-05-31 22:42:03,895 - WARNING - No date found for URL: https://www.yahoo.com/news/scientists-uncover-disturbing-threat-increasing-113052253.html
2025-05-31 22:42:03,895 - INFO - Successfully extracted date 2025-05-01T00:00:00 from URL: https://www.npr.org/sections/shots-health-news/2025/05/01/nx-s1-5383599/transgender-gender-affirming-care-trump-hhs
2025-05-31 22:42:03,895 - INFO - Successfully extracted date 2025-05-06T00:00:00 from URL: https://www.forbes.com/sites/partnerreleases/2025/05/06/leading-healthcare-executive-examines-how-ai-big-tech-and-retail-medicine-are-reshaping-the-industry/
2025-05-31 22:42:03,895 - WARNING - No date found for URL: https://www.bbc.com/news/articles/crld171w4k3o
2025-05-31 22:42:03,895 - INFO - Successfully extracted date 2025-05-06T00:00:00 from URL: https://www.yankodesign.com/2025/05/06/dengue-home-test-kit-concept-can-help-with-early-detection-and-medical-intervention/
2025-05-31 22:42:03,895 - INFO - Successfully extracted date 2025-04-28T00:00:00 from URL: https://www.forbes.com/sites/heatherwishartsmith/2025/04/28/ai-and-the-future-of-healthcare-lessons-from-military-medicine/
2025-05-31 22:42:03,897 - WARNING - No date found for URL: https://www.businessinsider.com/trump-research-funding-cuts-nobel-prizes-brain-drain-medicine-ai-2025-4
2025-05-31 22:42:03,897 - WARNING - No date found for URL: https://www.theverge.com/reviews/651375/brondell-swash-thinline-t44-bidet-review
2025-05-31 22:42:03,897 - WARNING - Error parsing date from URL https://gizmodo.com/what-you-learned-about-cell-division-is-probably-wrong-2000597404: month must be in 1..12: 2000-59-74
2025-05-31 22:42:03,897 - WARNING - No date found for URL: https://gizmodo.com/what-you-learned-about-cell-division-is-probably-wrong-2000597404
2025-05-31 22:42:03,897 - WARNING - Error parsing date from URL https://gizmodo.com/never-before-seen-anal-embalming-method-kept-this-european-mummy-preserved-for-nearly-300-years-2000596249: month must be in 1..12: 2000-59-62
2025-05-31 22:42:03,897 - WARNING - No date found for URL: https://gizmodo.com/never-before-seen-anal-embalming-method-kept-this-european-mummy-preserved-for-nearly-300-years-2000596249
2025-05-31 22:42:03,897 - WARNING - Error parsing date from URL https://gizmodo.com/trump-doj-threatens-wikipedias-nonprofit-status-over-alleged-propaganda-2000594928: month must be in 1..12: 2000-59-49
2025-05-31 22:42:03,897 - WARNING - No date found for URL: https://gizmodo.com/trump-doj-threatens-wikipedias-nonprofit-status-over-alleged-propaganda-2000594928
2025-05-31 22:42:03,897 - WARNING - Error parsing date from URL https://gizmodo.com/bmi-is-actually-pretty-accurate-at-measuring-american-obesity-study-finds-2000594382: month must be in 1..12: 2000-59-43
2025-05-31 22:42:03,897 - WARNING - No date found for URL: https://gizmodo.com/bmi-is-actually-pretty-accurate-at-measuring-american-obesity-study-finds-2000594382
2025-05-31 22:42:03,897 - WARNING - Error parsing date from URL https://abcnews.go.com/Health/hhs-firings-questioning-safety-vaccines-trump-administration-attacking/story?id=121125793: month must be in 1..12: 1211-25-79
2025-05-31 22:42:03,897 - WARNING - No date found for URL: https://abcnews.go.com/Health/hhs-firings-questioning-safety-vaccines-trump-administration-attacking/story?id=121125793
2025-05-31 22:42:03,897 - INFO - Successfully extracted date 2025-04-24T00:00:00 from URL: https://www.forbes.com/councils/forbesbusinesscouncil/2025/04/24/the-economic-and-social-consequences-of-the-womens-health-gap/
2025-05-31 22:42:03,897 - WARNING - No date found for URL: https://www.slashfilm.com/1836948/netflix-medical-k-drama-misrepresenting-disease-doctor-cha/
2025-05-31 22:42:03,897 - WARNING - Error parsing date from URL https://abcnews.go.com/US/boat-washes-ashore-san-diego-3-dead-4/story?id=121475296: month must be in 1..12: 1214-75-29
2025-05-31 22:42:03,897 - WARNING - No date found for URL: https://abcnews.go.com/US/boat-washes-ashore-san-diego-3-dead-4/story?id=121475296
2025-05-31 22:42:03,897 - WARNING - No date found for URL: https://www.businessinsider.com/eric-stonestreet-modern-family-weight-loss-type-2-diabetes-mounjaro-2025-5
2025-05-31 22:42:03,897 - WARNING - Error parsing date from URL https://www.yahoo.com/news/former-abercrombie-fitch-ceo-ruled-235805549.html: day is out of range for month: 2358-05-54
2025-05-31 22:42:03,897 - WARNING - No date found for URL: https://www.yahoo.com/news/former-abercrombie-fitch-ceo-ruled-235805549.html
2025-05-31 22:42:03,897 - WARNING - No date found for URL: https://www.theverge.com/politics/663114/surgeon-general-doge-casey-means-sam-corcos-startup-levels-doge
2025-05-31 22:42:03,897 - WARNING - Error parsing date from URL https://gizmodo.com/injectable-male-birth-control-effective-for-at-least-2-years-says-biotech-startup-2000594143: month must be in 1..12: 2000-59-41
2025-05-31 22:42:03,897 - WARNING - No date found for URL: https://gizmodo.com/injectable-male-birth-control-effective-for-at-least-2-years-says-biotech-startup-2000594143
2025-05-31 22:42:03,897 - WARNING - No date found for URL: https://www.businessinsider.com/high-paying-healthcare-jobs-high-school-no-bachelors-masters-degree-2025-5
2025-05-31 22:42:03,900 - WARNING - No date found for URL: https://www.businessinsider.com/crowdfunding-medical-bills-disabled-trans-woman-medicaid-healthcare-2025-5
2025-05-31 22:42:03,900 - WARNING - Error parsing date from URL https://gizmodo.com/semaglutide-shows-major-promise-for-treating-serious-liver-disease-2000596492: month must be in 1..12: 2000-59-64
2025-05-31 22:42:03,900 - WARNING - No date found for URL: https://gizmodo.com/semaglutide-shows-major-promise-for-treating-serious-liver-disease-2000596492
2025-05-31 22:42:03,900 - INFO - Successfully extracted date 2025-04-23T00:00:00 from URL: https://hackaday.com/2025/04/23/to-see-within-detecting-x-rays/
2025-05-31 22:42:03,900 - WARNING - No date found for URL: https://venturebeat.com/ai/breaking-the-intellectual-bottleneck-how-ai-is-computing-the-previously-uncomputible-in-healthcare/
2025-05-31 22:42:03,900 - WARNING - Error parsing date from URL https://gizmodo.com/americas-science-agency-says-it-will-cut-funding-to-researchers-who-protest-israel-2000593036: month must be in 1..12: 2000-59-30
2025-05-31 22:42:03,902 - WARNING - No date found for URL: https://gizmodo.com/americas-science-agency-says-it-will-cut-funding-to-researchers-who-protest-israel-2000593036
2025-05-31 22:42:03,902 - WARNING - Error parsing date from URL https://consent.yahoo.com/v2/collectConsent?sessionId=1_cc-session_c6fe0efd-a35d-4c5e-b553-48143535541d: month must be in 1..12: 4814-35-35
2025-05-31 22:42:03,902 - WARNING - No date found for URL: https://consent.yahoo.com/v2/collectConsent?sessionId=1_cc-session_c6fe0efd-a35d-4c5e-b553-48143535541d
2025-05-31 22:42:03,902 - WARNING - No date found for URL: https://www.bbc.com/news/articles/c33z83830x4o
2025-05-31 22:42:03,902 - WARNING - No date found for URL: https://slate.com/technology/2025/04/dogs-pets-pill-longevity-extend-lifespan-loyal-veterinary-ethics.html
2025-05-31 22:42:03,902 - WARNING - Error parsing date from URL https://abcnews.go.com/US/immunotherapy-drug-capable-eliminating-tumors-early-stage-cancers/story?id=121257808: month must be in 1..12: 1212-57-80
2025-05-31 22:42:03,902 - WARNING - No date found for URL: https://abcnews.go.com/US/immunotherapy-drug-capable-eliminating-tumors-early-stage-cancers/story?id=121257808
2025-05-31 22:42:03,902 - INFO - Successfully extracted date 2025-04-24T00:00:00 from URL: https://www.npr.org/2025/04/24/nx-s1-5373964/stop-taking-ozempic-healthy-weight-loss
2025-05-31 22:42:03,903 - INFO - Successfully extracted date 2025-05-07T00:00:00 from URL: https://www.npr.org/2025/05/07/nx-s1-5389962/trump-casey-means-surgeon-general
2025-05-31 22:42:03,903 - WARNING - Error parsing date from URL https://www.sciencedaily.com/releases/2025/04/250424121645.htm: month must be in 1..12: 2504-24-12
2025-05-31 22:42:03,903 - WARNING - No date found for URL: https://www.sciencedaily.com/releases/2025/04/250424121645.htm
2025-05-31 22:42:03,903 - WARNING - No date found for URL: https://newrepublic.com/post/194997/trump-surgeon-general-wellness-influencer-casey-means
2025-05-31 22:42:03,903 - WARNING - No date found for URL: https://www.wired.com/story/cbp-rescinds-policies-on-care-of-pregnant-women-infants/
2025-05-31 22:42:03,903 - WARNING - No date found for URL: https://www.businessinsider.com/ai-startup-unicorns-with-tiny-teams-2025-5
2025-05-31 22:42:03,903 - WARNING - No date found for URL: https://www.businessinsider.com/insurance-fertility-ivf-costs-hsa-millennial-couple-infertility-2025-3
2025-05-31 22:42:03,903 - WARNING - No date found for URL: https://www.businessinsider.com/moved-from-us-to-australia-better-quality-of-life-2025-4
2025-05-31 22:42:03,904 - WARNING - Error parsing date from URL https://gizmodo.com/how-trumps-proposed-budget-will-gut-public-health-in-america-2000597521: month must be in 1..12: 2000-59-75
2025-05-31 22:42:03,904 - WARNING - No date found for URL: https://gizmodo.com/how-trumps-proposed-budget-will-gut-public-health-in-america-2000597521
2025-05-31 22:42:03,904 - WARNING - No date found for URL: https://science.slashdot.org/story/25/05/05/2050232/unitedhealth-now-has-1000-ai-applications-in-production
2025-05-31 22:42:03,904 - WARNING - No date found for URL: https://www.businessinsider.com/amazon-10-million-raise-hospital-ai-agents-pitch-deck-ascertain-2025-5
2025-05-31 22:42:03,904 - WARNING - Error parsing date from URL https://gizmodo.com/the-fda-just-approved-the-first-crispr-edited-pigs-for-food-2000597425: month must be in 1..12: 2000-59-74
2025-05-31 22:42:03,905 - WARNING - No date found for URL: https://gizmodo.com/the-fda-just-approved-the-first-crispr-edited-pigs-for-food-2000597425
2025-05-31 22:42:03,905 - WARNING - No date found for URL: https://consent.yahoo.com/v2/collectConsent?sessionId=1_cc-session_4527fa09-cc93-46b3-b0ca-e46a293c65a1
2025-05-31 22:42:03,905 - WARNING - Error parsing date from URL https://gizmodo.com/pam-bondi-claims-trump-saved-75-of-americans-from-a-fentanyl-overdose-2000596896: month must be in 1..12: 2000-59-68
2025-05-31 22:42:03,905 - WARNING - No date found for URL: https://gizmodo.com/pam-bondi-claims-trump-saved-75-of-americans-from-a-fentanyl-overdose-2000596896
2025-05-31 22:42:03,905 - WARNING - No date found for URL: https://www.businessinsider.com/trump-what-china-exports-besides-toys-2025-5
2025-05-31 22:42:03,905 - INFO - Successfully extracted date 2025-04-27T00:00:00 from URL: https://www.npr.org/2025/04/27/nx-s1-5378668/the-dea-says-114-immigrants-in-the-u-s-illegally-were-arrested-at-a-colorado-nightclub
2025-05-31 22:42:03,906 - INFO - Successfully extracted date 2025-04-23T00:00:00 from URL: https://www.npr.org/2025/04/23/nx-s1-5372695/autism-nih-rfk-medical-records
2025-05-31 22:42:03,906 - WARNING - No date found for URL: https://consent.yahoo.com/v2/collectConsent?sessionId=1_cc-session_21c8679d-384a-43cc-8572-b5203c9ec9a7
2025-05-31 22:42:03,907 - INFO - Successfully extracted date 2025-05-04T00:00:00 from URL: https://www.npr.org/2025/05/04/nx-s1-5386456/mexico-president-rejected-trumps-plan-us-troops-across-border
2025-05-31 22:42:03,907 - WARNING - No date found for URL: https://www.businessinsider.com/costco-gold-buyers-rewards-price-surge-2025-4
2025-05-31 22:42:03,907 - WARNING - No date found for URL: https://www.scientificamerican.com/article/the-scary-implications-of-u-s-government-attacks-on-medical-journals/
2025-05-31 22:42:03,907 - WARNING - Error parsing date from URL https://qz.com/hims-hers-novo-nordisk-stock-wegovy-ozempic-deal-1851778237: month must be in 1..12: 1851-77-82
2025-05-31 22:42:03,907 - WARNING - No date found for URL: https://qz.com/hims-hers-novo-nordisk-stock-wegovy-ozempic-deal-1851778237
2025-05-31 22:42:03,907 - WARNING - No date found for URL: https://thenextweb.com/news/fertility-startup-rejuvenates-human-eggs-to-boost-chances-of-conception
2025-05-31 22:42:03,907 - WARNING - No date found for URL: https://www.bbc.com/news/articles/creq0xd4y51o
2025-05-31 22:42:03,907 - WARNING - Error parsing date from URL https://www.yahoo.com/news/nbcs-mike-tirico-had-medical-212902370.html: day is out of range for month: 2129-02-37
2025-05-31 22:42:03,907 - WARNING - No date found for URL: https://www.yahoo.com/news/nbcs-mike-tirico-had-medical-212902370.html
2025-05-31 22:42:03,907 - WARNING - Error parsing date from URL https://gizmodo.com/researchers-tattooed-tardigrades-they-promise-it-will-be-useful-2000593853: month must be in 1..12: 2000-59-38
2025-05-31 22:42:03,907 - WARNING - No date found for URL: https://gizmodo.com/researchers-tattooed-tardigrades-they-promise-it-will-be-useful-2000593853
2025-05-31 22:42:03,907 - WARNING - No date found for URL: https://www.bbc.com/news/videos/ceqrp4wvvx1o
2025-05-31 22:42:03,908 - WARNING - No date found for URL: https://www.businessinsider.com/nutrition-nourish-unicorn-jp-morgan-growth-series-b-2025-4
2025-05-31 22:42:03,908 - INFO - Successfully extracted date 2025-05-06T00:00:00 from URL: https://www.npr.org/2025/05/06/nx-s1-5388198/trump-abortion-drug-case
2025-05-31 22:42:03,908 - WARNING - Error parsing date from URL https://gizmodo.com/new-weight-loss-drugs-are-sending-a-surprising-number-of-americans-to-the-emergency-room-2000595716: month must be in 1..12: 2000-59-57
2025-05-31 22:42:03,908 - WARNING - No date found for URL: https://gizmodo.com/new-weight-loss-drugs-are-sending-a-surprising-number-of-americans-to-the-emergency-room-2000595716
2025-05-31 22:42:03,908 - WARNING - No date found for URL: https://consent.yahoo.com/v2/collectConsent?sessionId=1_cc-session_c7904365-373a-49bd-bd06-ad3450a116ea
2025-05-31 22:42:03,908 - WARNING - Error parsing date from URL https://qz.com/trump-tariffs-pharma-companies-astrazeneca-gsk-1851779389: month must be in 1..12: 1851-77-93
2025-05-31 22:42:03,909 - WARNING - No date found for URL: https://qz.com/trump-tariffs-pharma-companies-astrazeneca-gsk-1851779389
2025-05-31 22:42:03,909 - WARNING - Error parsing date from URL https://www.yahoo.com/news/11-arrested-5-wanted-ga-210411716.html: day is out of range for month: 2104-11-71
2025-05-31 22:42:03,909 - WARNING - No date found for URL: https://www.yahoo.com/news/11-arrested-5-wanted-ga-210411716.html
2025-05-31 22:42:03,909 - WARNING - Error parsing date from URL https://www.yahoo.com/news/san-francisco-inches-closer-adopting-005240158.html: month must be in 1..12: 0052-40-15
2025-05-31 22:42:03,909 - WARNING - No date found for URL: https://www.yahoo.com/news/san-francisco-inches-closer-adopting-005240158.html
2025-05-31 22:42:03,909 - INFO - Successfully extracted date 2025-05-08T00:00:00 from URL: https://www.npr.org/2025/05/08/nx-s1-5391310/kennedy-autism-registry-database-hhs-nih-medicare-medicaid
2025-05-31 22:42:03,909 - INFO - Successfully extracted date 2025-04-24T00:00:00 from URL: https://www.npr.org/2025/04/24/nx-s1-5374372/millions-of-american-kids-have-an-adhd-diagnosis-is-their-treatment-effective
2025-05-31 22:42:03,909 - WARNING - No date found for URL: https://www.theverge.com/news/661695/google-simplify-ai-gemini-feature-ios-app
2025-05-31 22:42:03,910 - WARNING - Error parsing date from URL https://www.yahoo.com/news/luis-antonio-tagle-philippine-cardinal-035147259.html: month must be in 1..12: 0351-47-25
2025-05-31 22:42:03,910 - WARNING - No date found for URL: https://www.yahoo.com/news/luis-antonio-tagle-philippine-cardinal-035147259.html
2025-05-31 22:42:03,910 - WARNING - No date found for URL: https://slate.com/podcasts/what-next/2025/05/trumps-tariffs-are-in-the-supply-chain
2025-05-31 22:42:03,910 - INFO - Successfully extracted date 2025-04-30T00:00:00 from URL: https://www.npr.org/sections/shots-health-news/2025/04/30/g-s1-63345/alzheimers-survey-americans-testing-treatment-risky
2025-05-31 22:42:03,911 - INFO - Successfully extracted date 2025-05-03T00:00:00 from URL: https://www.yankodesign.com/2025/05/03/origami-in-industrial-design-unlocking-the-art-of-precision/
2025-05-31 22:42:03,911 - WARNING - No date found for URL: https://www.bbc.com/news/articles/cnv56q82vnro
2025-05-31 22:42:03,911 - WARNING - No date found for URL: https://blog.google/technology/research/google-research-scientific-discovery/
2025-05-31 22:42:03,911 - WARNING - Error parsing date from URL https://abcnews.go.com/Health/concern-after-hhs-report-advocates-therapy-trans-kids/story?id=121372589: month must be in 1..12: 1213-72-58
2025-05-31 22:42:03,911 - WARNING - No date found for URL: https://abcnews.go.com/Health/concern-after-hhs-report-advocates-therapy-trans-kids/story?id=121372589
2025-05-31 22:42:03,911 - INFO - Successfully extracted date 2505-07-14T00:00:00 from URL: https://www.sciencedaily.com/releases/2025/05/250507141132.htm
2025-05-31 22:42:03,911 - WARNING - Error parsing date from URL https://abcnews.go.com/US/luigi-mangione-federal-arraignment/story?id=121136124: month must be in 1..12: 1211-36-12
2025-05-31 22:42:03,912 - WARNING - No date found for URL: https://abcnews.go.com/US/luigi-mangione-federal-arraignment/story?id=121136124
2025-05-31 22:42:03,912 - WARNING - No date found for URL: https://www.scientificamerican.com/podcast/episode/new-data-released-from-nasas-juno-mission-and-new-satellites-launched-for/
2025-05-31 22:42:03,912 - WARNING - No date found for URL: https://www.aljazeera.com/news/2025/4/23/trade-war-with-china-to-hit-us-healthcare
2025-05-31 22:42:03,912 - WARNING - No date found for URL: https://www.foxnews.com/tech/blue-shield-exposed-4-7m-patients-health-data-google-2
2025-05-31 22:42:03,912 - WARNING - No date found for URL: https://time.com/7281894/new-hhs-report-exploratory-therapy-transgender-youth/
2025-05-31 22:42:03,912 - WARNING - No date found for URL: https://www.usmagazine.com/celebrity-news/news/gene-hackman-autopsy-reveals-fasting-and-acetone-levels-page/
2025-05-31 22:42:03,912 - INFO - Successfully extracted date 2025-04-30T00:00:00 from URL: https://www.forbes.com/sites/chrissamcfarlane/2025/04/30/4-hurdles-to-overcome-for-healthcare-daos-to-be-used-outside-of-funding-research/
2025-05-31 22:42:03,912 - INFO - Successfully extracted date 1103-05-14T00:00:00 from URL: https://ca.finance.yahoo.com/news/bristol-myers-posts-better-expected-110305143.html
2025-05-31 22:42:03,912 - WARNING - Error parsing date from URL https://consent.yahoo.com/v2/collectConsent?sessionId=1_cc-session_00f63387-3c5d-42b0-b92d-ff528148013a: month must be in 1..12: 5281-48-01
2025-05-31 22:42:03,912 - WARNING - No date found for URL: https://consent.yahoo.com/v2/collectConsent?sessionId=1_cc-session_00f63387-3c5d-42b0-b92d-ff528148013a
2025-05-31 22:42:03,912 - WARNING - No date found for URL: https://consent.yahoo.com/v2/collectConsent?sessionId=1_cc-session_252590d3-a9bc-4fb0-b44a-fb2079dc7df1
2025-05-31 22:42:03,912 - WARNING - No date found for URL: https://consent.yahoo.com/v2/collectConsent?sessionId=1_cc-session_22017dcb-caa2-4844-a24c-7765438c1da1
2025-05-31 22:42:03,912 - WARNING - No date found for URL: https://thehackernews.com/2025/04/automating-zero-trust-in-healthcare.html
2025-05-31 22:42:03,912 - WARNING - Error parsing date from URL https://abcnews.go.com/US/federal-prosecutors-seek-death-penalty-accused-ceo-killer/story?id=121145544: month must be in 1..12: 1211-45-54
2025-05-31 22:42:03,912 - WARNING - No date found for URL: https://abcnews.go.com/US/federal-prosecutors-seek-death-penalty-accused-ceo-killer/story?id=121145544
2025-05-31 22:42:03,912 - INFO - Successfully extracted date 2025-04-27T00:00:00 from URL: https://hackaday.com/2025/04/27/quick-and-easy-digital-stethoscope-keeps-tabs-on-cat/
2025-05-31 22:42:03,912 - WARNING - Error parsing date from URL https://gizmodo.com/gillian-anderson-x-files-reboot-ryan-coogler-2000596828: month must be in 1..12: 2000-59-68
2025-05-31 22:42:03,912 - WARNING - No date found for URL: https://gizmodo.com/gillian-anderson-x-files-reboot-ryan-coogler-2000596828
2025-05-31 22:42:03,912 - WARNING - Error parsing date from URL https://gizmodo.com/usps-is-getting-in-on-trumps-anti-immigrant-crackdowns-2000596317: month must be in 1..12: 2000-59-63
2025-05-31 22:42:03,912 - WARNING - No date found for URL: https://gizmodo.com/usps-is-getting-in-on-trumps-anti-immigrant-crackdowns-2000596317
2025-05-31 22:42:03,912 - INFO - Successfully extracted date 2025-05-07T00:00:00 from URL: https://www.npr.org/2025/05/07/nx-s1-5388488/three-memphis-police-officers-found-not-guilty-in-the-death-of-tyre-nichols
2025-05-31 22:42:03,912 - WARNING - No date found for URL: https://consent.yahoo.com/v2/collectConsent?sessionId=1_cc-session_e742ac99-dc1b-4fb1-bdde-1140b2e21d6f
2025-05-31 22:42:03,912 - WARNING - No date found for URL: https://www.bbc.com/sport/motorsport/articles/c9wgj8ye4vdo
2025-05-31 22:42:03,912 - WARNING - No date found for URL: https://news.slashdot.org/story/25/05/05/0649225/majority-in-uk-now-self-identify-as-neurodivergent
2025-05-31 22:42:03,912 - WARNING - No date found for URL: https://www.cnet.com/health/nutrition/nad-supplements/
2025-05-31 22:42:03,912 - WARNING - No date found for URL: https://www.cnet.com/health/medical/measles-cases-spread-across-us-mexico-and-canada-learn-how-to-protect-yourself/
2025-05-31 22:42:03,912 - INFO - Successfully extracted date 2025-04-27T00:00:00 from URL: https://www.forbes.com/sites/gilpress/2025/04/27/the-accelerating-state-of-ai-health-in-hospitals-and-homes/
2025-05-31 22:42:03,912 - WARNING - Error parsing date from URL https://www.yahoo.com/news/scientists-uncover-disturbing-threat-increasing-113052253.html: month must be in 1..12: 1130-52-25
2025-05-31 22:42:03,916 - WARNING - No date found for URL: https://www.yahoo.com/news/scientists-uncover-disturbing-threat-increasing-113052253.html
2025-05-31 22:42:03,916 - INFO - Successfully extracted date 2025-05-01T00:00:00 from URL: https://www.npr.org/sections/shots-health-news/2025/05/01/nx-s1-5383599/transgender-gender-affirming-care-trump-hhs
2025-05-31 22:42:03,916 - INFO - Successfully extracted date 2025-05-06T00:00:00 from URL: https://www.forbes.com/sites/partnerreleases/2025/05/06/leading-healthcare-executive-examines-how-ai-big-tech-and-retail-medicine-are-reshaping-the-industry/
2025-05-31 22:42:03,916 - WARNING - No date found for URL: https://www.bbc.com/news/articles/crld171w4k3o
2025-05-31 22:42:03,916 - INFO - Successfully extracted date 2025-05-06T00:00:00 from URL: https://www.yankodesign.com/2025/05/06/dengue-home-test-kit-concept-can-help-with-early-detection-and-medical-intervention/
2025-05-31 22:42:03,916 - INFO - Successfully extracted date 2025-04-28T00:00:00 from URL: https://www.forbes.com/sites/heatherwishartsmith/2025/04/28/ai-and-the-future-of-healthcare-lessons-from-military-medicine/
2025-05-31 22:42:03,916 - WARNING - No date found for URL: https://www.businessinsider.com/trump-research-funding-cuts-nobel-prizes-brain-drain-medicine-ai-2025-4
2025-05-31 22:42:03,917 - WARNING - No date found for URL: https://www.theverge.com/reviews/651375/brondell-swash-thinline-t44-bidet-review
2025-05-31 22:42:03,917 - WARNING - Error parsing date from URL https://gizmodo.com/what-you-learned-about-cell-division-is-probably-wrong-2000597404: month must be in 1..12: 2000-59-74
2025-05-31 22:42:03,917 - WARNING - No date found for URL: https://gizmodo.com/what-you-learned-about-cell-division-is-probably-wrong-2000597404
2025-05-31 22:42:03,917 - WARNING - Error parsing date from URL https://gizmodo.com/never-before-seen-anal-embalming-method-kept-this-european-mummy-preserved-for-nearly-300-years-2000596249: month must be in 1..12: 2000-59-62
2025-05-31 22:42:03,917 - WARNING - No date found for URL: https://gizmodo.com/never-before-seen-anal-embalming-method-kept-this-european-mummy-preserved-for-nearly-300-years-2000596249
2025-05-31 22:42:03,917 - WARNING - Error parsing date from URL https://gizmodo.com/trump-doj-threatens-wikipedias-nonprofit-status-over-alleged-propaganda-2000594928: month must be in 1..12: 2000-59-49
2025-05-31 22:42:03,917 - WARNING - No date found for URL: https://gizmodo.com/trump-doj-threatens-wikipedias-nonprofit-status-over-alleged-propaganda-2000594928
2025-05-31 22:42:03,917 - WARNING - Error parsing date from URL https://gizmodo.com/bmi-is-actually-pretty-accurate-at-measuring-american-obesity-study-finds-2000594382: month must be in 1..12: 2000-59-43
2025-05-31 22:42:03,917 - WARNING - No date found for URL: https://gizmodo.com/bmi-is-actually-pretty-accurate-at-measuring-american-obesity-study-finds-2000594382
2025-05-31 22:42:03,918 - WARNING - Error parsing date from URL https://abcnews.go.com/Health/hhs-firings-questioning-safety-vaccines-trump-administration-attacking/story?id=121125793: month must be in 1..12: 1211-25-79
2025-05-31 22:42:03,918 - WARNING - No date found for URL: https://abcnews.go.com/Health/hhs-firings-questioning-safety-vaccines-trump-administration-attacking/story?id=121125793
2025-05-31 22:42:03,918 - INFO - Successfully extracted date 2025-04-24T00:00:00 from URL: https://www.forbes.com/councils/forbesbusinesscouncil/2025/04/24/the-economic-and-social-consequences-of-the-womens-health-gap/
2025-05-31 22:42:03,918 - WARNING - No date found for URL: https://www.slashfilm.com/1836948/netflix-medical-k-drama-misrepresenting-disease-doctor-cha/
2025-05-31 22:42:03,918 - WARNING - Error parsing date from URL https://abcnews.go.com/US/boat-washes-ashore-san-diego-3-dead-4/story?id=121475296: month must be in 1..12: 1214-75-29
2025-05-31 22:42:03,918 - WARNING - No date found for URL: https://abcnews.go.com/US/boat-washes-ashore-san-diego-3-dead-4/story?id=121475296
2025-05-31 22:42:03,918 - WARNING - No date found for URL: https://www.businessinsider.com/eric-stonestreet-modern-family-weight-loss-type-2-diabetes-mounjaro-2025-5
2025-05-31 22:42:03,919 - WARNING - Error parsing date from URL https://www.yahoo.com/news/former-abercrombie-fitch-ceo-ruled-235805549.html: day is out of range for month: 2358-05-54
2025-05-31 22:42:03,919 - WARNING - No date found for URL: https://www.yahoo.com/news/former-abercrombie-fitch-ceo-ruled-235805549.html
2025-05-31 22:42:03,919 - WARNING - No date found for URL: https://www.theverge.com/politics/663114/surgeon-general-doge-casey-means-sam-corcos-startup-levels-doge
2025-05-31 22:42:03,919 - WARNING - Error parsing date from URL https://gizmodo.com/injectable-male-birth-control-effective-for-at-least-2-years-says-biotech-startup-2000594143: month must be in 1..12: 2000-59-41
2025-05-31 22:42:03,919 - WARNING - No date found for URL: https://gizmodo.com/injectable-male-birth-control-effective-for-at-least-2-years-says-biotech-startup-2000594143
2025-05-31 22:42:03,919 - WARNING - No date found for URL: https://www.businessinsider.com/high-paying-healthcare-jobs-high-school-no-bachelors-masters-degree-2025-5
2025-05-31 22:42:03,919 - WARNING - No date found for URL: https://www.businessinsider.com/crowdfunding-medical-bills-disabled-trans-woman-medicaid-healthcare-2025-5
2025-05-31 22:42:03,919 - WARNING - Error parsing date from URL https://gizmodo.com/semaglutide-shows-major-promise-for-treating-serious-liver-disease-2000596492: month must be in 1..12: 2000-59-64
2025-05-31 22:42:03,920 - WARNING - No date found for URL: https://gizmodo.com/semaglutide-shows-major-promise-for-treating-serious-liver-disease-2000596492
2025-05-31 22:42:03,920 - INFO - Successfully extracted date 2025-04-23T00:00:00 from URL: https://hackaday.com/2025/04/23/to-see-within-detecting-x-rays/
2025-05-31 22:42:03,920 - WARNING - No date found for URL: https://venturebeat.com/ai/breaking-the-intellectual-bottleneck-how-ai-is-computing-the-previously-uncomputible-in-healthcare/
2025-05-31 22:42:03,920 - WARNING - Error parsing date from URL https://gizmodo.com/americas-science-agency-says-it-will-cut-funding-to-researchers-who-protest-israel-2000593036: month must be in 1..12: 2000-59-30
2025-05-31 22:42:03,920 - WARNING - No date found for URL: https://gizmodo.com/americas-science-agency-says-it-will-cut-funding-to-researchers-who-protest-israel-2000593036
2025-05-31 22:42:03,920 - WARNING - Error parsing date from URL https://consent.yahoo.com/v2/collectConsent?sessionId=1_cc-session_c6fe0efd-a35d-4c5e-b553-48143535541d: month must be in 1..12: 4814-35-35
2025-05-31 22:42:03,920 - WARNING - No date found for URL: https://consent.yahoo.com/v2/collectConsent?sessionId=1_cc-session_c6fe0efd-a35d-4c5e-b553-48143535541d
2025-05-31 22:42:03,922 - WARNING - No date found for URL: https://www.bbc.com/news/articles/c33z83830x4o
2025-05-31 22:42:03,922 - WARNING - No date found for URL: https://slate.com/technology/2025/04/dogs-pets-pill-longevity-extend-lifespan-loyal-veterinary-ethics.html
2025-05-31 22:42:03,922 - WARNING - Error parsing date from URL https://abcnews.go.com/US/immunotherapy-drug-capable-eliminating-tumors-early-stage-cancers/story?id=121257808: month must be in 1..12: 1212-57-80
2025-05-31 22:42:03,922 - WARNING - No date found for URL: https://abcnews.go.com/US/immunotherapy-drug-capable-eliminating-tumors-early-stage-cancers/story?id=121257808
2025-05-31 22:42:03,922 - INFO - Successfully extracted date 2025-04-24T00:00:00 from URL: https://www.npr.org/2025/04/24/nx-s1-5373964/stop-taking-ozempic-healthy-weight-loss
2025-05-31 22:42:03,922 - INFO - Successfully extracted date 2025-05-07T00:00:00 from URL: https://www.npr.org/2025/05/07/nx-s1-5389962/trump-casey-means-surgeon-general
2025-05-31 22:42:03,922 - WARNING - Error parsing date from URL https://www.sciencedaily.com/releases/2025/04/250424121645.htm: month must be in 1..12: 2504-24-12
2025-05-31 22:42:03,922 - WARNING - No date found for URL: https://www.sciencedaily.com/releases/2025/04/250424121645.htm
2025-05-31 22:42:03,922 - WARNING - No date found for URL: https://newrepublic.com/post/194997/trump-surgeon-general-wellness-influencer-casey-means
2025-05-31 22:42:03,922 - WARNING - No date found for URL: https://www.wired.com/story/cbp-rescinds-policies-on-care-of-pregnant-women-infants/
2025-05-31 22:42:03,922 - WARNING - No date found for URL: https://www.businessinsider.com/ai-startup-unicorns-with-tiny-teams-2025-5
2025-05-31 22:42:03,922 - WARNING - No date found for URL: https://www.businessinsider.com/insurance-fertility-ivf-costs-hsa-millennial-couple-infertility-2025-3
2025-05-31 22:42:03,922 - WARNING - No date found for URL: https://www.businessinsider.com/moved-from-us-to-australia-better-quality-of-life-2025-4
2025-05-31 22:42:03,922 - WARNING - Error parsing date from URL https://gizmodo.com/how-trumps-proposed-budget-will-gut-public-health-in-america-2000597521: month must be in 1..12: 2000-59-75
2025-05-31 22:42:03,922 - WARNING - No date found for URL: https://gizmodo.com/how-trumps-proposed-budget-will-gut-public-health-in-america-2000597521
2025-05-31 22:42:03,922 - WARNING - No date found for URL: https://science.slashdot.org/story/25/05/05/2050232/unitedhealth-now-has-1000-ai-applications-in-production
2025-05-31 22:42:03,922 - WARNING - No date found for URL: https://www.businessinsider.com/amazon-10-million-raise-hospital-ai-agents-pitch-deck-ascertain-2025-5
2025-05-31 22:42:03,922 - WARNING - Error parsing date from URL https://gizmodo.com/the-fda-just-approved-the-first-crispr-edited-pigs-for-food-2000597425: month must be in 1..12: 2000-59-74
2025-05-31 22:42:03,922 - WARNING - No date found for URL: https://gizmodo.com/the-fda-just-approved-the-first-crispr-edited-pigs-for-food-2000597425
2025-05-31 22:42:03,922 - WARNING - No date found for URL: https://consent.yahoo.com/v2/collectConsent?sessionId=1_cc-session_4527fa09-cc93-46b3-b0ca-e46a293c65a1
2025-05-31 22:42:03,922 - WARNING - Error parsing date from URL https://gizmodo.com/pam-bondi-claims-trump-saved-75-of-americans-from-a-fentanyl-overdose-2000596896: month must be in 1..12: 2000-59-68
2025-05-31 22:42:03,922 - WARNING - No date found for URL: https://gizmodo.com/pam-bondi-claims-trump-saved-75-of-americans-from-a-fentanyl-overdose-2000596896
2025-05-31 22:42:03,922 - WARNING - No date found for URL: https://www.businessinsider.com/trump-what-china-exports-besides-toys-2025-5
2025-05-31 22:42:03,922 - INFO - Successfully extracted date 2025-04-27T00:00:00 from URL: https://www.npr.org/2025/04/27/nx-s1-5378668/the-dea-says-114-immigrants-in-the-u-s-illegally-were-arrested-at-a-colorado-nightclub
2025-05-31 22:42:03,926 - INFO - Successfully extracted date 2025-04-23T00:00:00 from URL: https://www.npr.org/2025/04/23/nx-s1-5372695/autism-nih-rfk-medical-records
2025-05-31 22:42:03,926 - WARNING - No date found for URL: https://consent.yahoo.com/v2/collectConsent?sessionId=1_cc-session_21c8679d-384a-43cc-8572-b5203c9ec9a7
2025-05-31 22:42:03,926 - INFO - Successfully extracted date 2025-05-04T00:00:00 from URL: https://www.npr.org/2025/05/04/nx-s1-5386456/mexico-president-rejected-trumps-plan-us-troops-across-border
2025-05-31 22:42:03,926 - WARNING - No date found for URL: https://www.businessinsider.com/costco-gold-buyers-rewards-price-surge-2025-4
2025-05-31 22:42:03,926 - WARNING - No date found for URL: https://www.scientificamerican.com/article/the-scary-implications-of-u-s-government-attacks-on-medical-journals/
2025-05-31 22:42:03,926 - WARNING - Error parsing date from URL https://qz.com/hims-hers-novo-nordisk-stock-wegovy-ozempic-deal-1851778237: month must be in 1..12: 1851-77-82
2025-05-31 22:42:03,926 - WARNING - No date found for URL: https://qz.com/hims-hers-novo-nordisk-stock-wegovy-ozempic-deal-1851778237
2025-05-31 22:42:03,926 - WARNING - No date found for URL: https://thenextweb.com/news/fertility-startup-rejuvenates-human-eggs-to-boost-chances-of-conception
2025-05-31 22:42:03,926 - WARNING - No date found for URL: https://www.bbc.com/news/articles/creq0xd4y51o
2025-05-31 22:42:03,926 - WARNING - Error parsing date from URL https://www.yahoo.com/news/nbcs-mike-tirico-had-medical-212902370.html: day is out of range for month: 2129-02-37
2025-05-31 22:42:03,926 - WARNING - No date found for URL: https://www.yahoo.com/news/nbcs-mike-tirico-had-medical-212902370.html
2025-05-31 22:42:03,926 - WARNING - Error parsing date from URL https://gizmodo.com/researchers-tattooed-tardigrades-they-promise-it-will-be-useful-2000593853: month must be in 1..12: 2000-59-38
2025-05-31 22:42:03,926 - WARNING - No date found for URL: https://gizmodo.com/researchers-tattooed-tardigrades-they-promise-it-will-be-useful-2000593853
2025-05-31 22:42:03,927 - WARNING - No date found for URL: https://www.bbc.com/news/videos/ceqrp4wvvx1o
2025-05-31 22:42:03,927 - WARNING - No date found for URL: https://www.businessinsider.com/nutrition-nourish-unicorn-jp-morgan-growth-series-b-2025-4
2025-05-31 22:42:03,927 - INFO - Successfully extracted date 2025-05-06T00:00:00 from URL: https://www.npr.org/2025/05/06/nx-s1-5388198/trump-abortion-drug-case
2025-05-31 22:42:03,927 - WARNING - Error parsing date from URL https://gizmodo.com/new-weight-loss-drugs-are-sending-a-surprising-number-of-americans-to-the-emergency-room-2000595716: month must be in 1..12: 2000-59-57
2025-05-31 22:42:03,927 - WARNING - No date found for URL: https://gizmodo.com/new-weight-loss-drugs-are-sending-a-surprising-number-of-americans-to-the-emergency-room-2000595716
2025-05-31 22:42:03,927 - WARNING - No date found for URL: https://consent.yahoo.com/v2/collectConsent?sessionId=1_cc-session_c7904365-373a-49bd-bd06-ad3450a116ea
2025-05-31 22:42:03,927 - WARNING - Error parsing date from URL https://qz.com/trump-tariffs-pharma-companies-astrazeneca-gsk-1851779389: month must be in 1..12: 1851-77-93
2025-05-31 22:42:03,927 - WARNING - No date found for URL: https://qz.com/trump-tariffs-pharma-companies-astrazeneca-gsk-1851779389
2025-05-31 22:42:03,928 - WARNING - Error parsing date from URL https://www.yahoo.com/news/11-arrested-5-wanted-ga-210411716.html: day is out of range for month: 2104-11-71
2025-05-31 22:42:03,928 - WARNING - No date found for URL: https://www.yahoo.com/news/11-arrested-5-wanted-ga-210411716.html
2025-05-31 22:42:03,928 - WARNING - Error parsing date from URL https://www.yahoo.com/news/san-francisco-inches-closer-adopting-005240158.html: month must be in 1..12: 0052-40-15
2025-05-31 22:42:03,928 - WARNING - No date found for URL: https://www.yahoo.com/news/san-francisco-inches-closer-adopting-005240158.html
2025-05-31 22:42:03,928 - INFO - Successfully extracted date 2025-05-08T00:00:00 from URL: https://www.npr.org/2025/05/08/nx-s1-5391310/kennedy-autism-registry-database-hhs-nih-medicare-medicaid
2025-05-31 22:42:03,928 - INFO - Successfully extracted date 2025-04-24T00:00:00 from URL: https://www.npr.org/2025/04/24/nx-s1-5374372/millions-of-american-kids-have-an-adhd-diagnosis-is-their-treatment-effective
2025-05-31 22:42:03,928 - WARNING - No date found for URL: https://www.theverge.com/news/661695/google-simplify-ai-gemini-feature-ios-app
2025-05-31 22:42:03,929 - WARNING - Error parsing date from URL https://www.yahoo.com/news/luis-antonio-tagle-philippine-cardinal-035147259.html: month must be in 1..12: 0351-47-25
2025-05-31 22:42:03,929 - WARNING - No date found for URL: https://www.yahoo.com/news/luis-antonio-tagle-philippine-cardinal-035147259.html
2025-05-31 22:42:03,929 - WARNING - No date found for URL: https://slate.com/podcasts/what-next/2025/05/trumps-tariffs-are-in-the-supply-chain
2025-05-31 22:42:03,929 - INFO - Successfully extracted date 2025-04-30T00:00:00 from URL: https://www.npr.org/sections/shots-health-news/2025/04/30/g-s1-63345/alzheimers-survey-americans-testing-treatment-risky
2025-05-31 22:42:03,929 - INFO - Successfully extracted date 2025-05-03T00:00:00 from URL: https://www.yankodesign.com/2025/05/03/origami-in-industrial-design-unlocking-the-art-of-precision/
2025-05-31 22:42:03,929 - WARNING - No date found for URL: https://www.bbc.com/news/articles/cnv56q82vnro
2025-05-31 22:42:03,930 - WARNING - No date found for URL: https://blog.google/technology/research/google-research-scientific-discovery/
2025-05-31 22:42:03,930 - WARNING - Error parsing date from URL https://abcnews.go.com/Health/concern-after-hhs-report-advocates-therapy-trans-kids/story?id=121372589: month must be in 1..12: 1213-72-58
2025-05-31 22:42:03,930 - WARNING - No date found for URL: https://abcnews.go.com/Health/concern-after-hhs-report-advocates-therapy-trans-kids/story?id=121372589
2025-05-31 22:42:03,931 - INFO - Successfully extracted date 2505-07-14T00:00:00 from URL: https://www.sciencedaily.com/releases/2025/05/250507141132.htm
2025-05-31 22:42:03,931 - WARNING - Error parsing date from URL https://abcnews.go.com/US/luigi-mangione-federal-arraignment/story?id=121136124: month must be in 1..12: 1211-36-12
2025-05-31 22:42:03,931 - WARNING - No date found for URL: https://abcnews.go.com/US/luigi-mangione-federal-arraignment/story?id=121136124
2025-05-31 22:42:03,931 - WARNING - No date found for URL: https://www.scientificamerican.com/podcast/episode/new-data-released-from-nasas-juno-mission-and-new-satellites-launched-for/
2025-05-31 22:42:03,931 - WARNING - No date found for URL: https://www.aljazeera.com/news/2025/4/23/trade-war-with-china-to-hit-us-healthcare
2025-05-31 22:42:03,931 - WARNING - No date found for URL: https://www.foxnews.com/tech/blue-shield-exposed-4-7m-patients-health-data-google-2
2025-05-31 22:42:03,931 - WARNING - No date found for URL: https://time.com/7281894/new-hhs-report-exploratory-therapy-transgender-youth/
2025-05-31 22:42:03,931 - WARNING - No date found for URL: https://www.usmagazine.com/celebrity-news/news/gene-hackman-autopsy-reveals-fasting-and-acetone-levels-page/
2025-05-31 22:42:03,931 - INFO - Successfully extracted date 2025-04-30T00:00:00 from URL: https://www.forbes.com/sites/chrissamcfarlane/2025/04/30/4-hurdles-to-overcome-for-healthcare-daos-to-be-used-outside-of-funding-research/
2025-05-31 22:42:03,931 - INFO - Successfully extracted date 1103-05-14T00:00:00 from URL: https://ca.finance.yahoo.com/news/bristol-myers-posts-better-expected-110305143.html
2025-05-31 22:42:03,931 - WARNING - Error parsing date from URL https://consent.yahoo.com/v2/collectConsent?sessionId=1_cc-session_00f63387-3c5d-42b0-b92d-ff528148013a: month must be in 1..12: 5281-48-01
2025-05-31 22:42:03,931 - WARNING - No date found for URL: https://consent.yahoo.com/v2/collectConsent?sessionId=1_cc-session_00f63387-3c5d-42b0-b92d-ff528148013a
2025-05-31 22:42:03,931 - WARNING - No date found for URL: https://consent.yahoo.com/v2/collectConsent?sessionId=1_cc-session_252590d3-a9bc-4fb0-b44a-fb2079dc7df1
2025-05-31 22:42:03,931 - WARNING - No date found for URL: https://consent.yahoo.com/v2/collectConsent?sessionId=1_cc-session_22017dcb-caa2-4844-a24c-7765438c1da1
2025-05-31 22:42:03,931 - WARNING - No date found for URL: https://thehackernews.com/2025/04/automating-zero-trust-in-healthcare.html
2025-05-31 22:42:03,931 - WARNING - Error parsing date from URL https://abcnews.go.com/US/federal-prosecutors-seek-death-penalty-accused-ceo-killer/story?id=121145544: month must be in 1..12: 1211-45-54
2025-05-31 22:42:03,931 - WARNING - No date found for URL: https://abcnews.go.com/US/federal-prosecutors-seek-death-penalty-accused-ceo-killer/story?id=121145544
2025-05-31 22:42:03,931 - INFO - Successfully extracted date 2025-04-27T00:00:00 from URL: https://hackaday.com/2025/04/27/quick-and-easy-digital-stethoscope-keeps-tabs-on-cat/
2025-05-31 22:42:03,931 - WARNING - Error parsing date from URL https://gizmodo.com/gillian-anderson-x-files-reboot-ryan-coogler-2000596828: month must be in 1..12: 2000-59-68
2025-05-31 22:42:03,931 - WARNING - No date found for URL: https://gizmodo.com/gillian-anderson-x-files-reboot-ryan-coogler-2000596828
2025-05-31 22:42:03,931 - WARNING - Error parsing date from URL https://gizmodo.com/usps-is-getting-in-on-trumps-anti-immigrant-crackdowns-2000596317: month must be in 1..12: 2000-59-63
2025-05-31 22:42:03,931 - WARNING - No date found for URL: https://gizmodo.com/usps-is-getting-in-on-trumps-anti-immigrant-crackdowns-2000596317
2025-05-31 22:42:03,931 - INFO - Successfully extracted date 2025-05-07T00:00:00 from URL: https://www.npr.org/2025/05/07/nx-s1-5388488/three-memphis-police-officers-found-not-guilty-in-the-death-of-tyre-nichols
2025-05-31 22:42:03,931 - WARNING - No date found for URL: https://consent.yahoo.com/v2/collectConsent?sessionId=1_cc-session_e742ac99-dc1b-4fb1-bdde-1140b2e21d6f
2025-05-31 22:42:03,931 - WARNING - No date found for URL: https://www.bbc.com/sport/motorsport/articles/c9wgj8ye4vdo
2025-05-31 22:42:03,931 - WARNING - No date found for URL: https://news.slashdot.org/story/25/05/05/0649225/majority-in-uk-now-self-identify-as-neurodivergent
2025-05-31 22:42:03,931 - WARNING - No date found for URL: https://www.cnet.com/health/nutrition/nad-supplements/
2025-05-31 22:42:03,931 - WARNING - No date found for URL: https://www.cnet.com/health/medical/measles-cases-spread-across-us-mexico-and-canada-learn-how-to-protect-yourself/
2025-05-31 22:42:03,931 - INFO - Successfully extracted date 2025-04-27T00:00:00 from URL: https://www.forbes.com/sites/gilpress/2025/04/27/the-accelerating-state-of-ai-health-in-hospitals-and-homes/
2025-05-31 22:42:03,931 - WARNING - Error parsing date from URL https://www.yahoo.com/news/scientists-uncover-disturbing-threat-increasing-113052253.html: month must be in 1..12: 1130-52-25
2025-05-31 22:42:03,931 - WARNING - No date found for URL: https://www.yahoo.com/news/scientists-uncover-disturbing-threat-increasing-113052253.html
2025-05-31 22:42:03,931 - INFO - Successfully extracted date 2025-05-01T00:00:00 from URL: https://www.npr.org/sections/shots-health-news/2025/05/01/nx-s1-5383599/transgender-gender-affirming-care-trump-hhs
2025-05-31 22:42:03,931 - INFO - Successfully extracted date 2025-05-06T00:00:00 from URL: https://www.forbes.com/sites/partnerreleases/2025/05/06/leading-healthcare-executive-examines-how-ai-big-tech-and-retail-medicine-are-reshaping-the-industry/
2025-05-31 22:42:03,931 - WARNING - No date found for URL: https://www.bbc.com/news/articles/crld171w4k3o
2025-05-31 22:42:03,931 - INFO - Successfully extracted date 2025-05-06T00:00:00 from URL: https://www.yankodesign.com/2025/05/06/dengue-home-test-kit-concept-can-help-with-early-detection-and-medical-intervention/
2025-05-31 22:42:03,936 - INFO - Successfully extracted date 2025-04-28T00:00:00 from URL: https://www.forbes.com/sites/heatherwishartsmith/2025/04/28/ai-and-the-future-of-healthcare-lessons-from-military-medicine/
2025-05-31 22:42:03,936 - WARNING - No date found for URL: https://www.businessinsider.com/trump-research-funding-cuts-nobel-prizes-brain-drain-medicine-ai-2025-4
2025-05-31 22:42:03,936 - WARNING - No date found for URL: https://www.theverge.com/reviews/651375/brondell-swash-thinline-t44-bidet-review
2025-05-31 22:42:03,936 - WARNING - Error parsing date from URL https://gizmodo.com/what-you-learned-about-cell-division-is-probably-wrong-2000597404: month must be in 1..12: 2000-59-74
2025-05-31 22:42:03,936 - WARNING - No date found for URL: https://gizmodo.com/what-you-learned-about-cell-division-is-probably-wrong-2000597404
2025-05-31 22:42:03,936 - WARNING - Error parsing date from URL https://gizmodo.com/never-before-seen-anal-embalming-method-kept-this-european-mummy-preserved-for-nearly-300-years-2000596249: month must be in 1..12: 2000-59-62
2025-05-31 22:42:03,936 - WARNING - No date found for URL: https://gizmodo.com/never-before-seen-anal-embalming-method-kept-this-european-mummy-preserved-for-nearly-300-years-2000596249
2025-05-31 22:42:03,936 - WARNING - Error parsing date from URL https://gizmodo.com/trump-doj-threatens-wikipedias-nonprofit-status-over-alleged-propaganda-2000594928: month must be in 1..12: 2000-59-49
2025-05-31 22:42:03,936 - WARNING - No date found for URL: https://gizmodo.com/trump-doj-threatens-wikipedias-nonprofit-status-over-alleged-propaganda-2000594928
2025-05-31 22:42:03,936 - WARNING - Error parsing date from URL https://gizmodo.com/bmi-is-actually-pretty-accurate-at-measuring-american-obesity-study-finds-2000594382: month must be in 1..12: 2000-59-43
2025-05-31 22:42:03,936 - WARNING - No date found for URL: https://gizmodo.com/bmi-is-actually-pretty-accurate-at-measuring-american-obesity-study-finds-2000594382
2025-05-31 22:42:03,936 - WARNING - Error parsing date from URL https://abcnews.go.com/Health/hhs-firings-questioning-safety-vaccines-trump-administration-attacking/story?id=121125793: month must be in 1..12: 1211-25-79
2025-05-31 22:42:03,936 - WARNING - No date found for URL: https://abcnews.go.com/Health/hhs-firings-questioning-safety-vaccines-trump-administration-attacking/story?id=121125793
2025-05-31 22:42:03,937 - INFO - Successfully extracted date 2025-04-24T00:00:00 from URL: https://www.forbes.com/councils/forbesbusinesscouncil/2025/04/24/the-economic-and-social-consequences-of-the-womens-health-gap/
2025-05-31 22:42:03,937 - WARNING - No date found for URL: https://www.slashfilm.com/1836948/netflix-medical-k-drama-misrepresenting-disease-doctor-cha/
2025-05-31 22:42:03,937 - WARNING - Error parsing date from URL https://abcnews.go.com/US/boat-washes-ashore-san-diego-3-dead-4/story?id=121475296: month must be in 1..12: 1214-75-29
2025-05-31 22:42:03,937 - WARNING - No date found for URL: https://abcnews.go.com/US/boat-washes-ashore-san-diego-3-dead-4/story?id=121475296
2025-05-31 22:42:03,937 - WARNING - No date found for URL: https://www.businessinsider.com/eric-stonestreet-modern-family-weight-loss-type-2-diabetes-mounjaro-2025-5
2025-05-31 22:42:03,938 - WARNING - Error parsing date from URL https://www.yahoo.com/news/former-abercrombie-fitch-ceo-ruled-235805549.html: day is out of range for month: 2358-05-54
2025-05-31 22:42:03,938 - WARNING - No date found for URL: https://www.yahoo.com/news/former-abercrombie-fitch-ceo-ruled-235805549.html
2025-05-31 22:42:03,938 - WARNING - No date found for URL: https://www.theverge.com/politics/663114/surgeon-general-doge-casey-means-sam-corcos-startup-levels-doge
2025-05-31 22:42:03,939 - WARNING - Error parsing date from URL https://gizmodo.com/injectable-male-birth-control-effective-for-at-least-2-years-says-biotech-startup-2000594143: month must be in 1..12: 2000-59-41
2025-05-31 22:42:03,939 - WARNING - No date found for URL: https://gizmodo.com/injectable-male-birth-control-effective-for-at-least-2-years-says-biotech-startup-2000594143
2025-05-31 22:42:03,939 - WARNING - No date found for URL: https://www.businessinsider.com/high-paying-healthcare-jobs-high-school-no-bachelors-masters-degree-2025-5
2025-05-31 22:42:03,939 - WARNING - No date found for URL: https://www.businessinsider.com/crowdfunding-medical-bills-disabled-trans-woman-medicaid-healthcare-2025-5
2025-05-31 22:42:03,939 - WARNING - Error parsing date from URL https://gizmodo.com/semaglutide-shows-major-promise-for-treating-serious-liver-disease-2000596492: month must be in 1..12: 2000-59-64
2025-05-31 22:42:03,939 - WARNING - No date found for URL: https://gizmodo.com/semaglutide-shows-major-promise-for-treating-serious-liver-disease-2000596492
2025-05-31 22:42:03,939 - INFO - Successfully extracted date 2025-04-23T00:00:00 from URL: https://hackaday.com/2025/04/23/to-see-within-detecting-x-rays/
2025-05-31 22:42:03,940 - WARNING - No date found for URL: https://venturebeat.com/ai/breaking-the-intellectual-bottleneck-how-ai-is-computing-the-previously-uncomputible-in-healthcare/
2025-05-31 22:42:03,940 - WARNING - Error parsing date from URL https://gizmodo.com/americas-science-agency-says-it-will-cut-funding-to-researchers-who-protest-israel-2000593036: month must be in 1..12: 2000-59-30
2025-05-31 22:42:03,940 - WARNING - No date found for URL: https://gizmodo.com/americas-science-agency-says-it-will-cut-funding-to-researchers-who-protest-israel-2000593036
2025-05-31 22:42:03,940 - WARNING - Error parsing date from URL https://consent.yahoo.com/v2/collectConsent?sessionId=1_cc-session_c6fe0efd-a35d-4c5e-b553-48143535541d: month must be in 1..12: 4814-35-35
2025-05-31 22:42:03,940 - WARNING - No date found for URL: https://consent.yahoo.com/v2/collectConsent?sessionId=1_cc-session_c6fe0efd-a35d-4c5e-b553-48143535541d
2025-05-31 22:42:03,940 - WARNING - No date found for URL: https://www.bbc.com/news/articles/c33z83830x4o
2025-05-31 22:42:03,940 - WARNING - No date found for URL: https://slate.com/technology/2025/04/dogs-pets-pill-longevity-extend-lifespan-loyal-veterinary-ethics.html
2025-05-31 22:42:03,940 - WARNING - Error parsing date from URL https://abcnews.go.com/US/immunotherapy-drug-capable-eliminating-tumors-early-stage-cancers/story?id=121257808: month must be in 1..12: 1212-57-80
2025-05-31 22:42:03,940 - WARNING - No date found for URL: https://abcnews.go.com/US/immunotherapy-drug-capable-eliminating-tumors-early-stage-cancers/story?id=121257808
2025-05-31 22:42:03,940 - INFO - Successfully extracted date 2025-04-24T00:00:00 from URL: https://www.npr.org/2025/04/24/nx-s1-5373964/stop-taking-ozempic-healthy-weight-loss
2025-05-31 22:42:03,940 - INFO - Successfully extracted date 2025-05-07T00:00:00 from URL: https://www.npr.org/2025/05/07/nx-s1-5389962/trump-casey-means-surgeon-general
2025-05-31 22:42:03,940 - WARNING - Error parsing date from URL https://www.sciencedaily.com/releases/2025/04/250424121645.htm: month must be in 1..12: 2504-24-12
2025-05-31 22:42:03,940 - WARNING - No date found for URL: https://www.sciencedaily.com/releases/2025/04/250424121645.htm
2025-05-31 22:42:03,940 - WARNING - No date found for URL: https://newrepublic.com/post/194997/trump-surgeon-general-wellness-influencer-casey-means
2025-05-31 22:42:03,940 - WARNING - No date found for URL: https://www.wired.com/story/cbp-rescinds-policies-on-care-of-pregnant-women-infants/
2025-05-31 22:42:03,940 - WARNING - No date found for URL: https://www.businessinsider.com/ai-startup-unicorns-with-tiny-teams-2025-5
2025-05-31 22:42:03,940 - WARNING - No date found for URL: https://www.businessinsider.com/insurance-fertility-ivf-costs-hsa-millennial-couple-infertility-2025-3
2025-05-31 22:42:03,940 - WARNING - No date found for URL: https://www.businessinsider.com/moved-from-us-to-australia-better-quality-of-life-2025-4
2025-05-31 22:42:03,940 - WARNING - Error parsing date from URL https://gizmodo.com/how-trumps-proposed-budget-will-gut-public-health-in-america-2000597521: month must be in 1..12: 2000-59-75
2025-05-31 22:42:03,940 - WARNING - No date found for URL: https://gizmodo.com/how-trumps-proposed-budget-will-gut-public-health-in-america-2000597521
2025-05-31 22:42:03,940 - WARNING - No date found for URL: https://science.slashdot.org/story/25/05/05/2050232/unitedhealth-now-has-1000-ai-applications-in-production
2025-05-31 22:42:03,940 - WARNING - No date found for URL: https://www.businessinsider.com/amazon-10-million-raise-hospital-ai-agents-pitch-deck-ascertain-2025-5
2025-05-31 22:42:03,940 - WARNING - Error parsing date from URL https://gizmodo.com/the-fda-just-approved-the-first-crispr-edited-pigs-for-food-2000597425: month must be in 1..12: 2000-59-74
2025-05-31 22:42:03,940 - WARNING - No date found for URL: https://gizmodo.com/the-fda-just-approved-the-first-crispr-edited-pigs-for-food-2000597425
2025-05-31 22:42:03,940 - WARNING - No date found for URL: https://consent.yahoo.com/v2/collectConsent?sessionId=1_cc-session_4527fa09-cc93-46b3-b0ca-e46a293c65a1
2025-05-31 22:42:03,940 - WARNING - Error parsing date from URL https://gizmodo.com/pam-bondi-claims-trump-saved-75-of-americans-from-a-fentanyl-overdose-2000596896: month must be in 1..12: 2000-59-68
2025-05-31 22:42:03,940 - WARNING - No date found for URL: https://gizmodo.com/pam-bondi-claims-trump-saved-75-of-americans-from-a-fentanyl-overdose-2000596896
2025-05-31 22:42:03,940 - WARNING - No date found for URL: https://www.businessinsider.com/trump-what-china-exports-besides-toys-2025-5
2025-05-31 22:42:03,940 - INFO - Successfully extracted date 2025-04-27T00:00:00 from URL: https://www.npr.org/2025/04/27/nx-s1-5378668/the-dea-says-114-immigrants-in-the-u-s-illegally-were-arrested-at-a-colorado-nightclub
2025-05-31 22:42:03,940 - INFO - Successfully extracted date 2025-04-23T00:00:00 from URL: https://www.npr.org/2025/04/23/nx-s1-5372695/autism-nih-rfk-medical-records
2025-05-31 22:42:03,940 - WARNING - No date found for URL: https://consent.yahoo.com/v2/collectConsent?sessionId=1_cc-session_21c8679d-384a-43cc-8572-b5203c9ec9a7
2025-05-31 22:42:03,940 - INFO - Successfully extracted date 2025-05-04T00:00:00 from URL: https://www.npr.org/2025/05/04/nx-s1-5386456/mexico-president-rejected-trumps-plan-us-troops-across-border
2025-05-31 22:42:03,940 - WARNING - No date found for URL: https://www.businessinsider.com/costco-gold-buyers-rewards-price-surge-2025-4
2025-05-31 22:42:03,940 - WARNING - No date found for URL: https://www.scientificamerican.com/article/the-scary-implications-of-u-s-government-attacks-on-medical-journals/
2025-05-31 22:42:03,940 - WARNING - Error parsing date from URL https://qz.com/hims-hers-novo-nordisk-stock-wegovy-ozempic-deal-1851778237: month must be in 1..12: 1851-77-82
2025-05-31 22:42:03,940 - WARNING - No date found for URL: https://qz.com/hims-hers-novo-nordisk-stock-wegovy-ozempic-deal-1851778237
2025-05-31 22:42:03,940 - WARNING - No date found for URL: https://thenextweb.com/news/fertility-startup-rejuvenates-human-eggs-to-boost-chances-of-conception
2025-05-31 22:42:03,940 - WARNING - No date found for URL: https://www.bbc.com/news/articles/creq0xd4y51o
2025-05-31 22:42:03,940 - WARNING - Error parsing date from URL https://www.yahoo.com/news/nbcs-mike-tirico-had-medical-212902370.html: day is out of range for month: 2129-02-37
2025-05-31 22:42:03,940 - WARNING - No date found for URL: https://www.yahoo.com/news/nbcs-mike-tirico-had-medical-212902370.html
2025-05-31 22:42:03,940 - WARNING - Error parsing date from URL https://gizmodo.com/researchers-tattooed-tardigrades-they-promise-it-will-be-useful-2000593853: month must be in 1..12: 2000-59-38
2025-05-31 22:42:03,940 - WARNING - No date found for URL: https://gizmodo.com/researchers-tattooed-tardigrades-they-promise-it-will-be-useful-2000593853
2025-05-31 22:42:03,946 - WARNING - No date found for URL: https://www.bbc.com/news/videos/ceqrp4wvvx1o
2025-05-31 22:42:03,946 - WARNING - No date found for URL: https://www.businessinsider.com/nutrition-nourish-unicorn-jp-morgan-growth-series-b-2025-4
2025-05-31 22:42:03,946 - INFO - Successfully extracted date 2025-05-06T00:00:00 from URL: https://www.npr.org/2025/05/06/nx-s1-5388198/trump-abortion-drug-case
2025-05-31 22:42:03,946 - WARNING - Error parsing date from URL https://gizmodo.com/new-weight-loss-drugs-are-sending-a-surprising-number-of-americans-to-the-emergency-room-2000595716: month must be in 1..12: 2000-59-57
2025-05-31 22:42:03,946 - WARNING - No date found for URL: https://gizmodo.com/new-weight-loss-drugs-are-sending-a-surprising-number-of-americans-to-the-emergency-room-2000595716
2025-05-31 22:42:03,946 - WARNING - No date found for URL: https://consent.yahoo.com/v2/collectConsent?sessionId=1_cc-session_c7904365-373a-49bd-bd06-ad3450a116ea
2025-05-31 22:42:03,946 - WARNING - Error parsing date from URL https://qz.com/trump-tariffs-pharma-companies-astrazeneca-gsk-1851779389: month must be in 1..12: 1851-77-93
2025-05-31 22:42:03,946 - WARNING - No date found for URL: https://qz.com/trump-tariffs-pharma-companies-astrazeneca-gsk-1851779389
2025-05-31 22:42:03,946 - WARNING - Error parsing date from URL https://www.yahoo.com/news/11-arrested-5-wanted-ga-210411716.html: day is out of range for month: 2104-11-71
2025-05-31 22:42:03,946 - WARNING - No date found for URL: https://www.yahoo.com/news/11-arrested-5-wanted-ga-210411716.html
2025-05-31 22:42:03,946 - WARNING - Error parsing date from URL https://www.yahoo.com/news/san-francisco-inches-closer-adopting-005240158.html: month must be in 1..12: 0052-40-15
2025-05-31 22:42:03,946 - WARNING - No date found for URL: https://www.yahoo.com/news/san-francisco-inches-closer-adopting-005240158.html
2025-05-31 22:42:03,947 - INFO - Successfully extracted date 2025-05-08T00:00:00 from URL: https://www.npr.org/2025/05/08/nx-s1-5391310/kennedy-autism-registry-database-hhs-nih-medicare-medicaid
2025-05-31 22:42:03,947 - INFO - Successfully extracted date 2025-04-24T00:00:00 from URL: https://www.npr.org/2025/04/24/nx-s1-5374372/millions-of-american-kids-have-an-adhd-diagnosis-is-their-treatment-effective
2025-05-31 22:42:03,947 - WARNING - No date found for URL: https://www.theverge.com/news/661695/google-simplify-ai-gemini-feature-ios-app
2025-05-31 22:42:03,947 - WARNING - Error parsing date from URL https://www.yahoo.com/news/luis-antonio-tagle-philippine-cardinal-035147259.html: month must be in 1..12: 0351-47-25
2025-05-31 22:42:03,947 - WARNING - No date found for URL: https://www.yahoo.com/news/luis-antonio-tagle-philippine-cardinal-035147259.html
2025-05-31 22:42:03,947 - WARNING - No date found for URL: https://slate.com/podcasts/what-next/2025/05/trumps-tariffs-are-in-the-supply-chain
2025-05-31 22:42:03,947 - INFO - Successfully extracted date 2025-04-30T00:00:00 from URL: https://www.npr.org/sections/shots-health-news/2025/04/30/g-s1-63345/alzheimers-survey-americans-testing-treatment-risky
2025-05-31 22:42:03,948 - INFO - Successfully extracted date 2025-05-03T00:00:00 from URL: https://www.yankodesign.com/2025/05/03/origami-in-industrial-design-unlocking-the-art-of-precision/
2025-05-31 22:42:03,948 - WARNING - No date found for URL: https://www.bbc.com/news/articles/cnv56q82vnro
2025-05-31 22:42:03,948 - WARNING - No date found for URL: https://blog.google/technology/research/google-research-scientific-discovery/
2025-05-31 22:42:03,948 - WARNING - Error parsing date from URL https://abcnews.go.com/Health/concern-after-hhs-report-advocates-therapy-trans-kids/story?id=121372589: month must be in 1..12: 1213-72-58
2025-05-31 22:42:03,948 - WARNING - No date found for URL: https://abcnews.go.com/Health/concern-after-hhs-report-advocates-therapy-trans-kids/story?id=121372589
2025-05-31 22:42:03,949 - INFO - Successfully extracted date 2505-07-14T00:00:00 from URL: https://www.sciencedaily.com/releases/2025/05/250507141132.htm
2025-05-31 22:42:03,949 - WARNING - Error parsing date from URL https://abcnews.go.com/US/luigi-mangione-federal-arraignment/story?id=121136124: month must be in 1..12: 1211-36-12
2025-05-31 22:42:03,949 - WARNING - No date found for URL: https://abcnews.go.com/US/luigi-mangione-federal-arraignment/story?id=121136124
2025-05-31 22:42:03,949 - WARNING - No date found for URL: https://www.scientificamerican.com/podcast/episode/new-data-released-from-nasas-juno-mission-and-new-satellites-launched-for/
2025-05-31 22:42:03,949 - WARNING - No date found for URL: https://www.aljazeera.com/news/2025/4/23/trade-war-with-china-to-hit-us-healthcare
2025-05-31 22:42:03,949 - WARNING - No date found for URL: https://www.foxnews.com/tech/blue-shield-exposed-4-7m-patients-health-data-google-2
2025-05-31 22:42:03,949 - WARNING - No date found for URL: https://time.com/7281894/new-hhs-report-exploratory-therapy-transgender-youth/
2025-05-31 22:42:03,949 - WARNING - No date found for URL: https://www.usmagazine.com/celebrity-news/news/gene-hackman-autopsy-reveals-fasting-and-acetone-levels-page/
2025-05-31 22:42:03,950 - INFO - Successfully extracted date 2025-04-30T00:00:00 from URL: https://www.forbes.com/sites/chrissamcfarlane/2025/04/30/4-hurdles-to-overcome-for-healthcare-daos-to-be-used-outside-of-funding-research/
2025-05-31 22:42:03,950 - INFO - Successfully extracted date 1103-05-14T00:00:00 from URL: https://ca.finance.yahoo.com/news/bristol-myers-posts-better-expected-110305143.html
2025-05-31 22:42:03,950 - WARNING - Error parsing date from URL https://consent.yahoo.com/v2/collectConsent?sessionId=1_cc-session_00f63387-3c5d-42b0-b92d-ff528148013a: month must be in 1..12: 5281-48-01
2025-05-31 22:42:03,950 - WARNING - No date found for URL: https://consent.yahoo.com/v2/collectConsent?sessionId=1_cc-session_00f63387-3c5d-42b0-b92d-ff528148013a
2025-05-31 22:42:03,950 - WARNING - No date found for URL: https://consent.yahoo.com/v2/collectConsent?sessionId=1_cc-session_252590d3-a9bc-4fb0-b44a-fb2079dc7df1
2025-05-31 22:42:03,950 - WARNING - No date found for URL: https://consent.yahoo.com/v2/collectConsent?sessionId=1_cc-session_22017dcb-caa2-4844-a24c-7765438c1da1
2025-05-31 22:42:03,950 - WARNING - No date found for URL: https://thehackernews.com/2025/04/automating-zero-trust-in-healthcare.html
2025-05-31 22:42:03,950 - WARNING - Error parsing date from URL https://abcnews.go.com/US/federal-prosecutors-seek-death-penalty-accused-ceo-killer/story?id=121145544: month must be in 1..12: 1211-45-54
2025-05-31 22:42:03,950 - WARNING - No date found for URL: https://abcnews.go.com/US/federal-prosecutors-seek-death-penalty-accused-ceo-killer/story?id=121145544
2025-05-31 22:42:03,950 - INFO - Successfully extracted date 2025-04-27T00:00:00 from URL: https://hackaday.com/2025/04/27/quick-and-easy-digital-stethoscope-keeps-tabs-on-cat/
2025-05-31 22:42:03,950 - WARNING - Error parsing date from URL https://gizmodo.com/usps-is-getting-in-on-trumps-anti-immigrant-crackdowns-2000596317: month must be in 1..12: 2000-59-63
2025-05-31 22:42:03,950 - WARNING - No date found for URL: https://gizmodo.com/usps-is-getting-in-on-trumps-anti-immigrant-crackdowns-2000596317
2025-05-31 22:42:03,950 - WARNING - Error parsing date from URL https://gizmodo.com/gillian-anderson-x-files-reboot-ryan-coogler-2000596828: month must be in 1..12: 2000-59-68
2025-05-31 22:42:03,950 - WARNING - No date found for URL: https://gizmodo.com/gillian-anderson-x-files-reboot-ryan-coogler-2000596828
2025-05-31 22:42:03,950 - INFO - Successfully extracted date 2025-05-07T00:00:00 from URL: https://www.npr.org/2025/05/07/nx-s1-5388488/three-memphis-police-officers-found-not-guilty-in-the-death-of-tyre-nichols
2025-05-31 22:42:03,950 - WARNING - No date found for URL: https://consent.yahoo.com/v2/collectConsent?sessionId=1_cc-session_e742ac99-dc1b-4fb1-bdde-1140b2e21d6f
2025-05-31 22:42:03,950 - WARNING - No date found for URL: https://www.bbc.com/sport/motorsport/articles/c9wgj8ye4vdo
2025-05-31 22:42:03,950 - WARNING - No date found for URL: https://news.slashdot.org/story/25/05/05/0649225/majority-in-uk-now-self-identify-as-neurodivergent
2025-05-31 22:42:03,950 - WARNING - No date found for URL: https://www.cnet.com/health/nutrition/nad-supplements/
2025-05-31 22:42:03,950 - WARNING - No date found for URL: https://www.cnet.com/health/medical/measles-cases-spread-across-us-mexico-and-canada-learn-how-to-protect-yourself/
2025-05-31 22:42:03,950 - INFO - Successfully extracted date 2025-04-27T00:00:00 from URL: https://www.forbes.com/sites/gilpress/2025/04/27/the-accelerating-state-of-ai-health-in-hospitals-and-homes/
2025-05-31 22:42:03,950 - WARNING - Error parsing date from URL https://www.yahoo.com/news/scientists-uncover-disturbing-threat-increasing-113052253.html: month must be in 1..12: 1130-52-25
2025-05-31 22:42:03,950 - WARNING - No date found for URL: https://www.yahoo.com/news/scientists-uncover-disturbing-threat-increasing-113052253.html
2025-05-31 22:42:03,950 - INFO - Successfully extracted date 2025-05-01T00:00:00 from URL: https://www.npr.org/sections/shots-health-news/2025/05/01/nx-s1-5383599/transgender-gender-affirming-care-trump-hhs
2025-05-31 22:42:03,950 - INFO - Successfully extracted date 2025-05-06T00:00:00 from URL: https://www.forbes.com/sites/partnerreleases/2025/05/06/leading-healthcare-executive-examines-how-ai-big-tech-and-retail-medicine-are-reshaping-the-industry/
2025-05-31 22:42:03,950 - WARNING - No date found for URL: https://www.bbc.com/news/articles/crld171w4k3o
2025-05-31 22:42:03,950 - INFO - Successfully extracted date 2025-05-06T00:00:00 from URL: https://www.yankodesign.com/2025/05/06/dengue-home-test-kit-concept-can-help-with-early-detection-and-medical-intervention/
2025-05-31 22:42:03,950 - INFO - Successfully extracted date 2025-04-28T00:00:00 from URL: https://www.forbes.com/sites/heatherwishartsmith/2025/04/28/ai-and-the-future-of-healthcare-lessons-from-military-medicine/
2025-05-31 22:42:03,950 - WARNING - No date found for URL: https://www.businessinsider.com/trump-research-funding-cuts-nobel-prizes-brain-drain-medicine-ai-2025-4
2025-05-31 22:42:03,950 - WARNING - No date found for URL: https://www.theverge.com/reviews/651375/brondell-swash-thinline-t44-bidet-review
2025-05-31 22:42:03,955 - WARNING - Error parsing date from URL https://gizmodo.com/what-you-learned-about-cell-division-is-probably-wrong-2000597404: month must be in 1..12: 2000-59-74
2025-05-31 22:42:03,955 - WARNING - No date found for URL: https://gizmodo.com/what-you-learned-about-cell-division-is-probably-wrong-2000597404
2025-05-31 22:42:03,955 - WARNING - Error parsing date from URL https://gizmodo.com/never-before-seen-anal-embalming-method-kept-this-european-mummy-preserved-for-nearly-300-years-2000596249: month must be in 1..12: 2000-59-62
2025-05-31 22:42:03,955 - WARNING - No date found for URL: https://gizmodo.com/never-before-seen-anal-embalming-method-kept-this-european-mummy-preserved-for-nearly-300-years-2000596249
2025-05-31 22:42:03,956 - WARNING - Error parsing date from URL https://gizmodo.com/trump-doj-threatens-wikipedias-nonprofit-status-over-alleged-propaganda-2000594928: month must be in 1..12: 2000-59-49
2025-05-31 22:42:03,956 - WARNING - No date found for URL: https://gizmodo.com/trump-doj-threatens-wikipedias-nonprofit-status-over-alleged-propaganda-2000594928
2025-05-31 22:42:03,956 - WARNING - Error parsing date from URL https://gizmodo.com/bmi-is-actually-pretty-accurate-at-measuring-american-obesity-study-finds-2000594382: month must be in 1..12: 2000-59-43
2025-05-31 22:42:03,956 - WARNING - No date found for URL: https://gizmodo.com/bmi-is-actually-pretty-accurate-at-measuring-american-obesity-study-finds-2000594382
2025-05-31 22:42:03,956 - WARNING - Error parsing date from URL https://abcnews.go.com/Health/hhs-firings-questioning-safety-vaccines-trump-administration-attacking/story?id=121125793: month must be in 1..12: 1211-25-79
2025-05-31 22:42:03,957 - WARNING - No date found for URL: https://abcnews.go.com/Health/hhs-firings-questioning-safety-vaccines-trump-administration-attacking/story?id=121125793
2025-05-31 22:42:03,957 - INFO - Successfully extracted date 2025-04-24T00:00:00 from URL: https://www.forbes.com/councils/forbesbusinesscouncil/2025/04/24/the-economic-and-social-consequences-of-the-womens-health-gap/
2025-05-31 22:42:03,957 - WARNING - No date found for URL: https://www.slashfilm.com/1836948/netflix-medical-k-drama-misrepresenting-disease-doctor-cha/
2025-05-31 22:42:03,957 - WARNING - Error parsing date from URL https://abcnews.go.com/US/boat-washes-ashore-san-diego-3-dead-4/story?id=121475296: month must be in 1..12: 1214-75-29
2025-05-31 22:42:03,957 - WARNING - No date found for URL: https://abcnews.go.com/US/boat-washes-ashore-san-diego-3-dead-4/story?id=121475296
2025-05-31 22:42:03,957 - WARNING - No date found for URL: https://www.businessinsider.com/eric-stonestreet-modern-family-weight-loss-type-2-diabetes-mounjaro-2025-5
2025-05-31 22:42:03,957 - WARNING - Error parsing date from URL https://www.yahoo.com/news/former-abercrombie-fitch-ceo-ruled-235805549.html: day is out of range for month: 2358-05-54
2025-05-31 22:42:03,957 - WARNING - No date found for URL: https://www.yahoo.com/news/former-abercrombie-fitch-ceo-ruled-235805549.html
2025-05-31 22:42:03,957 - WARNING - No date found for URL: https://www.theverge.com/politics/663114/surgeon-general-doge-casey-means-sam-corcos-startup-levels-doge
2025-05-31 22:42:03,957 - WARNING - Error parsing date from URL https://gizmodo.com/injectable-male-birth-control-effective-for-at-least-2-years-says-biotech-startup-2000594143: month must be in 1..12: 2000-59-41
2025-05-31 22:42:03,957 - WARNING - No date found for URL: https://gizmodo.com/injectable-male-birth-control-effective-for-at-least-2-years-says-biotech-startup-2000594143
2025-05-31 22:42:03,957 - WARNING - No date found for URL: https://www.businessinsider.com/high-paying-healthcare-jobs-high-school-no-bachelors-masters-degree-2025-5
2025-05-31 22:42:03,958 - WARNING - No date found for URL: https://www.businessinsider.com/crowdfunding-medical-bills-disabled-trans-woman-medicaid-healthcare-2025-5
2025-05-31 22:42:03,958 - WARNING - Error parsing date from URL https://gizmodo.com/semaglutide-shows-major-promise-for-treating-serious-liver-disease-2000596492: month must be in 1..12: 2000-59-64
2025-05-31 22:42:03,958 - WARNING - No date found for URL: https://gizmodo.com/semaglutide-shows-major-promise-for-treating-serious-liver-disease-2000596492
2025-05-31 22:42:03,958 - INFO - Successfully extracted date 2025-04-23T00:00:00 from URL: https://hackaday.com/2025/04/23/to-see-within-detecting-x-rays/
2025-05-31 22:42:03,958 - WARNING - No date found for URL: https://venturebeat.com/ai/breaking-the-intellectual-bottleneck-how-ai-is-computing-the-previously-uncomputible-in-healthcare/
2025-05-31 22:42:03,958 - WARNING - Error parsing date from URL https://gizmodo.com/americas-science-agency-says-it-will-cut-funding-to-researchers-who-protest-israel-2000593036: month must be in 1..12: 2000-59-30
2025-05-31 22:42:03,958 - WARNING - No date found for URL: https://gizmodo.com/americas-science-agency-says-it-will-cut-funding-to-researchers-who-protest-israel-2000593036
2025-05-31 22:42:03,958 - WARNING - Error parsing date from URL https://consent.yahoo.com/v2/collectConsent?sessionId=1_cc-session_c6fe0efd-a35d-4c5e-b553-48143535541d: month must be in 1..12: 4814-35-35
2025-05-31 22:42:03,959 - WARNING - No date found for URL: https://consent.yahoo.com/v2/collectConsent?sessionId=1_cc-session_c6fe0efd-a35d-4c5e-b553-48143535541d
2025-05-31 22:42:03,959 - WARNING - No date found for URL: https://www.bbc.com/news/articles/c33z83830x4o
2025-05-31 22:42:03,959 - WARNING - No date found for URL: https://slate.com/technology/2025/04/dogs-pets-pill-longevity-extend-lifespan-loyal-veterinary-ethics.html
2025-05-31 22:42:03,959 - WARNING - Error parsing date from URL https://abcnews.go.com/US/immunotherapy-drug-capable-eliminating-tumors-early-stage-cancers/story?id=121257808: month must be in 1..12: 1212-57-80
2025-05-31 22:42:03,959 - WARNING - No date found for URL: https://abcnews.go.com/US/immunotherapy-drug-capable-eliminating-tumors-early-stage-cancers/story?id=121257808
2025-05-31 22:42:03,959 - INFO - Successfully extracted date 2025-04-24T00:00:00 from URL: https://www.npr.org/2025/04/24/nx-s1-5373964/stop-taking-ozempic-healthy-weight-loss
2025-05-31 22:42:03,959 - INFO - Successfully extracted date 2025-05-07T00:00:00 from URL: https://www.npr.org/2025/05/07/nx-s1-5389962/trump-casey-means-surgeon-general
2025-05-31 22:42:03,959 - WARNING - Error parsing date from URL https://www.sciencedaily.com/releases/2025/04/250424121645.htm: month must be in 1..12: 2504-24-12
2025-05-31 22:42:03,960 - WARNING - No date found for URL: https://www.sciencedaily.com/releases/2025/04/250424121645.htm
2025-05-31 22:42:03,960 - WARNING - No date found for URL: https://newrepublic.com/post/194997/trump-surgeon-general-wellness-influencer-casey-means
2025-05-31 22:42:03,961 - WARNING - No date found for URL: https://www.wired.com/story/cbp-rescinds-policies-on-care-of-pregnant-women-infants/
2025-05-31 22:42:03,961 - WARNING - No date found for URL: https://www.businessinsider.com/ai-startup-unicorns-with-tiny-teams-2025-5
2025-05-31 22:42:03,961 - WARNING - No date found for URL: https://www.businessinsider.com/insurance-fertility-ivf-costs-hsa-millennial-couple-infertility-2025-3
2025-05-31 22:42:03,961 - WARNING - No date found for URL: https://www.businessinsider.com/moved-from-us-to-australia-better-quality-of-life-2025-4
2025-05-31 22:42:03,961 - WARNING - Error parsing date from URL https://gizmodo.com/how-trumps-proposed-budget-will-gut-public-health-in-america-2000597521: month must be in 1..12: 2000-59-75
2025-05-31 22:42:03,961 - WARNING - No date found for URL: https://gizmodo.com/how-trumps-proposed-budget-will-gut-public-health-in-america-2000597521
2025-05-31 22:42:03,961 - WARNING - No date found for URL: https://science.slashdot.org/story/25/05/05/2050232/unitedhealth-now-has-1000-ai-applications-in-production
2025-05-31 22:42:03,962 - WARNING - No date found for URL: https://www.businessinsider.com/amazon-10-million-raise-hospital-ai-agents-pitch-deck-ascertain-2025-5
2025-05-31 22:42:03,962 - WARNING - Error parsing date from URL https://gizmodo.com/the-fda-just-approved-the-first-crispr-edited-pigs-for-food-2000597425: month must be in 1..12: 2000-59-74
2025-05-31 22:42:03,962 - WARNING - No date found for URL: https://gizmodo.com/the-fda-just-approved-the-first-crispr-edited-pigs-for-food-2000597425
2025-05-31 22:42:03,962 - WARNING - No date found for URL: https://consent.yahoo.com/v2/collectConsent?sessionId=1_cc-session_4527fa09-cc93-46b3-b0ca-e46a293c65a1
2025-05-31 22:42:03,962 - WARNING - Error parsing date from URL https://gizmodo.com/pam-bondi-claims-trump-saved-75-of-americans-from-a-fentanyl-overdose-2000596896: month must be in 1..12: 2000-59-68
2025-05-31 22:42:03,962 - WARNING - No date found for URL: https://gizmodo.com/pam-bondi-claims-trump-saved-75-of-americans-from-a-fentanyl-overdose-2000596896
2025-05-31 22:42:03,962 - WARNING - No date found for URL: https://www.businessinsider.com/trump-what-china-exports-besides-toys-2025-5
2025-05-31 22:42:03,962 - INFO - Successfully extracted date 2025-04-27T00:00:00 from URL: https://www.npr.org/2025/04/27/nx-s1-5378668/the-dea-says-114-immigrants-in-the-u-s-illegally-were-arrested-at-a-colorado-nightclub
2025-05-31 22:42:03,962 - INFO - Successfully extracted date 2025-04-23T00:00:00 from URL: https://www.npr.org/2025/04/23/nx-s1-5372695/autism-nih-rfk-medical-records
2025-05-31 22:42:03,962 - WARNING - No date found for URL: https://consent.yahoo.com/v2/collectConsent?sessionId=1_cc-session_21c8679d-384a-43cc-8572-b5203c9ec9a7
2025-05-31 22:42:03,962 - INFO - Successfully extracted date 2025-05-04T00:00:00 from URL: https://www.npr.org/2025/05/04/nx-s1-5386456/mexico-president-rejected-trumps-plan-us-troops-across-border
2025-05-31 22:42:03,962 - WARNING - No date found for URL: https://www.businessinsider.com/costco-gold-buyers-rewards-price-surge-2025-4
2025-05-31 22:42:03,962 - WARNING - No date found for URL: https://www.scientificamerican.com/article/the-scary-implications-of-u-s-government-attacks-on-medical-journals/
2025-05-31 22:42:03,962 - WARNING - Error parsing date from URL https://qz.com/hims-hers-novo-nordisk-stock-wegovy-ozempic-deal-1851778237: month must be in 1..12: 1851-77-82
2025-05-31 22:42:03,962 - WARNING - No date found for URL: https://qz.com/hims-hers-novo-nordisk-stock-wegovy-ozempic-deal-1851778237
2025-05-31 22:42:03,962 - WARNING - No date found for URL: https://thenextweb.com/news/fertility-startup-rejuvenates-human-eggs-to-boost-chances-of-conception
2025-05-31 22:42:03,962 - WARNING - No date found for URL: https://www.bbc.com/news/articles/creq0xd4y51o
2025-05-31 22:42:03,962 - WARNING - Error parsing date from URL https://www.yahoo.com/news/nbcs-mike-tirico-had-medical-212902370.html: day is out of range for month: 2129-02-37
2025-05-31 22:42:03,962 - WARNING - No date found for URL: https://www.yahoo.com/news/nbcs-mike-tirico-had-medical-212902370.html
2025-05-31 22:42:03,962 - WARNING - Error parsing date from URL https://gizmodo.com/researchers-tattooed-tardigrades-they-promise-it-will-be-useful-2000593853: month must be in 1..12: 2000-59-38
2025-05-31 22:42:03,962 - WARNING - No date found for URL: https://gizmodo.com/researchers-tattooed-tardigrades-they-promise-it-will-be-useful-2000593853
2025-05-31 22:42:03,962 - WARNING - No date found for URL: https://www.bbc.com/news/videos/ceqrp4wvvx1o
2025-05-31 22:42:03,962 - WARNING - No date found for URL: https://www.businessinsider.com/nutrition-nourish-unicorn-jp-morgan-growth-series-b-2025-4
2025-05-31 22:42:03,962 - INFO - Successfully extracted date 2025-05-06T00:00:00 from URL: https://www.npr.org/2025/05/06/nx-s1-5388198/trump-abortion-drug-case
2025-05-31 22:42:03,962 - WARNING - Error parsing date from URL https://gizmodo.com/new-weight-loss-drugs-are-sending-a-surprising-number-of-americans-to-the-emergency-room-2000595716: month must be in 1..12: 2000-59-57
2025-05-31 22:42:03,962 - WARNING - No date found for URL: https://gizmodo.com/new-weight-loss-drugs-are-sending-a-surprising-number-of-americans-to-the-emergency-room-2000595716
2025-05-31 22:42:03,962 - WARNING - No date found for URL: https://consent.yahoo.com/v2/collectConsent?sessionId=1_cc-session_c7904365-373a-49bd-bd06-ad3450a116ea
2025-05-31 22:42:03,962 - WARNING - Error parsing date from URL https://qz.com/trump-tariffs-pharma-companies-astrazeneca-gsk-1851779389: month must be in 1..12: 1851-77-93
2025-05-31 22:42:03,966 - WARNING - No date found for URL: https://qz.com/trump-tariffs-pharma-companies-astrazeneca-gsk-1851779389
2025-05-31 22:42:03,966 - WARNING - Error parsing date from URL https://www.yahoo.com/news/11-arrested-5-wanted-ga-210411716.html: day is out of range for month: 2104-11-71
2025-05-31 22:42:03,966 - WARNING - No date found for URL: https://www.yahoo.com/news/11-arrested-5-wanted-ga-210411716.html
2025-05-31 22:42:03,966 - WARNING - Error parsing date from URL https://www.yahoo.com/news/san-francisco-inches-closer-adopting-005240158.html: month must be in 1..12: 0052-40-15
2025-05-31 22:42:03,966 - WARNING - No date found for URL: https://www.yahoo.com/news/san-francisco-inches-closer-adopting-005240158.html
2025-05-31 22:42:03,966 - INFO - Successfully extracted date 2025-05-08T00:00:00 from URL: https://www.npr.org/2025/05/08/nx-s1-5391310/kennedy-autism-registry-database-hhs-nih-medicare-medicaid
2025-05-31 22:42:03,966 - INFO - Successfully extracted date 2025-04-24T00:00:00 from URL: https://www.npr.org/2025/04/24/nx-s1-5374372/millions-of-american-kids-have-an-adhd-diagnosis-is-their-treatment-effective
2025-05-31 22:42:03,966 - WARNING - No date found for URL: https://www.theverge.com/news/661695/google-simplify-ai-gemini-feature-ios-app
2025-05-31 22:42:03,966 - WARNING - Error parsing date from URL https://www.yahoo.com/news/luis-antonio-tagle-philippine-cardinal-035147259.html: month must be in 1..12: 0351-47-25
2025-05-31 22:42:03,966 - WARNING - No date found for URL: https://www.yahoo.com/news/luis-antonio-tagle-philippine-cardinal-035147259.html
2025-05-31 22:42:03,966 - WARNING - No date found for URL: https://slate.com/podcasts/what-next/2025/05/trumps-tariffs-are-in-the-supply-chain
2025-05-31 22:42:03,967 - INFO - Successfully extracted date 2025-04-30T00:00:00 from URL: https://www.npr.org/sections/shots-health-news/2025/04/30/g-s1-63345/alzheimers-survey-americans-testing-treatment-risky
2025-05-31 22:42:03,967 - INFO - Successfully extracted date 2025-05-03T00:00:00 from URL: https://www.yankodesign.com/2025/05/03/origami-in-industrial-design-unlocking-the-art-of-precision/
2025-05-31 22:42:03,967 - WARNING - No date found for URL: https://www.bbc.com/news/articles/cnv56q82vnro
2025-05-31 22:42:03,967 - WARNING - No date found for URL: https://blog.google/technology/research/google-research-scientific-discovery/
2025-05-31 22:42:03,967 - WARNING - Error parsing date from URL https://abcnews.go.com/Health/concern-after-hhs-report-advocates-therapy-trans-kids/story?id=121372589: month must be in 1..12: 1213-72-58
2025-05-31 22:42:03,967 - WARNING - No date found for URL: https://abcnews.go.com/Health/concern-after-hhs-report-advocates-therapy-trans-kids/story?id=121372589
2025-05-31 22:42:03,967 - INFO - Successfully extracted date 2505-07-14T00:00:00 from URL: https://www.sciencedaily.com/releases/2025/05/250507141132.htm
2025-05-31 22:42:03,967 - WARNING - Error parsing date from URL https://abcnews.go.com/US/luigi-mangione-federal-arraignment/story?id=121136124: month must be in 1..12: 1211-36-12
2025-05-31 22:42:03,968 - WARNING - No date found for URL: https://abcnews.go.com/US/luigi-mangione-federal-arraignment/story?id=121136124
2025-05-31 22:42:03,968 - WARNING - No date found for URL: https://www.scientificamerican.com/podcast/episode/new-data-released-from-nasas-juno-mission-and-new-satellites-launched-for/
2025-05-31 22:42:03,968 - WARNING - No date found for URL: https://www.aljazeera.com/news/2025/4/23/trade-war-with-china-to-hit-us-healthcare
2025-05-31 22:42:03,968 - WARNING - No date found for URL: https://www.foxnews.com/tech/blue-shield-exposed-4-7m-patients-health-data-google-2
2025-05-31 22:42:03,968 - WARNING - No date found for URL: https://time.com/7281894/new-hhs-report-exploratory-therapy-transgender-youth/
2025-05-31 22:42:03,968 - WARNING - No date found for URL: https://www.usmagazine.com/celebrity-news/news/gene-hackman-autopsy-reveals-fasting-and-acetone-levels-page/
2025-05-31 22:42:03,969 - INFO - Successfully extracted date 2025-04-30T00:00:00 from URL: https://www.forbes.com/sites/chrissamcfarlane/2025/04/30/4-hurdles-to-overcome-for-healthcare-daos-to-be-used-outside-of-funding-research/
2025-05-31 22:42:03,969 - INFO - Successfully extracted date 1103-05-14T00:00:00 from URL: https://ca.finance.yahoo.com/news/bristol-myers-posts-better-expected-110305143.html
2025-05-31 22:42:03,969 - WARNING - Error parsing date from URL https://consent.yahoo.com/v2/collectConsent?sessionId=1_cc-session_00f63387-3c5d-42b0-b92d-ff528148013a: month must be in 1..12: 5281-48-01
2025-05-31 22:42:03,969 - WARNING - No date found for URL: https://consent.yahoo.com/v2/collectConsent?sessionId=1_cc-session_00f63387-3c5d-42b0-b92d-ff528148013a
2025-05-31 22:42:03,969 - WARNING - No date found for URL: https://consent.yahoo.com/v2/collectConsent?sessionId=1_cc-session_252590d3-a9bc-4fb0-b44a-fb2079dc7df1
2025-05-31 22:42:03,969 - WARNING - No date found for URL: https://consent.yahoo.com/v2/collectConsent?sessionId=1_cc-session_22017dcb-caa2-4844-a24c-7765438c1da1
2025-05-31 22:42:03,969 - WARNING - No date found for URL: https://thehackernews.com/2025/04/automating-zero-trust-in-healthcare.html
2025-05-31 22:42:03,969 - WARNING - Error parsing date from URL https://abcnews.go.com/US/federal-prosecutors-seek-death-penalty-accused-ceo-killer/story?id=121145544: month must be in 1..12: 1211-45-54
2025-05-31 22:42:03,970 - WARNING - No date found for URL: https://abcnews.go.com/US/federal-prosecutors-seek-death-penalty-accused-ceo-killer/story?id=121145544
2025-05-31 22:42:03,970 - INFO - Successfully extracted date 2025-04-27T00:00:00 from URL: https://hackaday.com/2025/04/27/quick-and-easy-digital-stethoscope-keeps-tabs-on-cat/
2025-05-31 22:42:03,970 - WARNING - Error parsing date from URL https://gizmodo.com/usps-is-getting-in-on-trumps-anti-immigrant-crackdowns-2000596317: month must be in 1..12: 2000-59-63
2025-05-31 22:42:03,970 - WARNING - No date found for URL: https://gizmodo.com/usps-is-getting-in-on-trumps-anti-immigrant-crackdowns-2000596317
2025-05-31 22:42:03,970 - WARNING - Error parsing date from URL https://gizmodo.com/gillian-anderson-x-files-reboot-ryan-coogler-2000596828: month must be in 1..12: 2000-59-68
2025-05-31 22:42:03,970 - WARNING - No date found for URL: https://gizmodo.com/gillian-anderson-x-files-reboot-ryan-coogler-2000596828
2025-05-31 22:42:03,970 - INFO - Successfully extracted date 2025-05-07T00:00:00 from URL: https://www.npr.org/2025/05/07/nx-s1-5388488/three-memphis-police-officers-found-not-guilty-in-the-death-of-tyre-nichols
2025-05-31 22:42:03,970 - WARNING - No date found for URL: https://consent.yahoo.com/v2/collectConsent?sessionId=1_cc-session_e742ac99-dc1b-4fb1-bdde-1140b2e21d6f
2025-05-31 22:42:03,972 - WARNING - No date found for URL: https://www.bbc.com/sport/motorsport/articles/c9wgj8ye4vdo
2025-05-31 22:42:03,972 - WARNING - No date found for URL: https://news.slashdot.org/story/25/05/05/0649225/majority-in-uk-now-self-identify-as-neurodivergent
2025-05-31 22:42:03,972 - WARNING - No date found for URL: https://www.cnet.com/health/nutrition/nad-supplements/
2025-05-31 22:42:03,972 - INFO - Successfully extracted date 2025-04-27T00:00:00 from URL: https://www.forbes.com/sites/gilpress/2025/04/27/the-accelerating-state-of-ai-health-in-hospitals-and-homes/
2025-05-31 22:42:03,972 - WARNING - No date found for URL: https://www.cnet.com/health/medical/measles-cases-spread-across-us-mexico-and-canada-learn-how-to-protect-yourself/
2025-05-31 22:42:03,972 - WARNING - Error parsing date from URL https://www.yahoo.com/news/scientists-uncover-disturbing-threat-increasing-113052253.html: month must be in 1..12: 1130-52-25
2025-05-31 22:42:03,972 - WARNING - No date found for URL: https://www.yahoo.com/news/scientists-uncover-disturbing-threat-increasing-113052253.html
2025-05-31 22:42:03,972 - INFO - Successfully extracted date 2025-05-01T00:00:00 from URL: https://www.npr.org/sections/shots-health-news/2025/05/01/nx-s1-5383599/transgender-gender-affirming-care-trump-hhs
2025-05-31 22:42:03,972 - INFO - Successfully extracted date 2025-05-06T00:00:00 from URL: https://www.forbes.com/sites/partnerreleases/2025/05/06/leading-healthcare-executive-examines-how-ai-big-tech-and-retail-medicine-are-reshaping-the-industry/
2025-05-31 22:42:03,972 - WARNING - No date found for URL: https://www.bbc.com/news/articles/crld171w4k3o
2025-05-31 22:42:03,972 - INFO - Successfully extracted date 2025-04-28T00:00:00 from URL: https://www.forbes.com/sites/heatherwishartsmith/2025/04/28/ai-and-the-future-of-healthcare-lessons-from-military-medicine/
2025-05-31 22:42:03,972 - INFO - Successfully extracted date 2025-05-06T00:00:00 from URL: https://www.yankodesign.com/2025/05/06/dengue-home-test-kit-concept-can-help-with-early-detection-and-medical-intervention/
2025-05-31 22:42:03,972 - WARNING - No date found for URL: https://www.businessinsider.com/trump-research-funding-cuts-nobel-prizes-brain-drain-medicine-ai-2025-4
2025-05-31 22:42:03,972 - WARNING - No date found for URL: https://www.theverge.com/reviews/651375/brondell-swash-thinline-t44-bidet-review
2025-05-31 22:42:03,972 - WARNING - Error parsing date from URL https://gizmodo.com/never-before-seen-anal-embalming-method-kept-this-european-mummy-preserved-for-nearly-300-years-2000596249: month must be in 1..12: 2000-59-62
2025-05-31 22:42:03,972 - WARNING - No date found for URL: https://gizmodo.com/never-before-seen-anal-embalming-method-kept-this-european-mummy-preserved-for-nearly-300-years-2000596249
2025-05-31 22:42:03,972 - WARNING - Error parsing date from URL https://gizmodo.com/what-you-learned-about-cell-division-is-probably-wrong-2000597404: month must be in 1..12: 2000-59-74
2025-05-31 22:42:03,972 - WARNING - No date found for URL: https://gizmodo.com/what-you-learned-about-cell-division-is-probably-wrong-2000597404
2025-05-31 22:42:03,972 - WARNING - Error parsing date from URL https://gizmodo.com/trump-doj-threatens-wikipedias-nonprofit-status-over-alleged-propaganda-2000594928: month must be in 1..12: 2000-59-49
2025-05-31 22:42:03,972 - WARNING - No date found for URL: https://gizmodo.com/trump-doj-threatens-wikipedias-nonprofit-status-over-alleged-propaganda-2000594928
2025-05-31 22:42:03,972 - WARNING - Error parsing date from URL https://gizmodo.com/bmi-is-actually-pretty-accurate-at-measuring-american-obesity-study-finds-2000594382: month must be in 1..12: 2000-59-43
2025-05-31 22:42:03,972 - WARNING - No date found for URL: https://gizmodo.com/bmi-is-actually-pretty-accurate-at-measuring-american-obesity-study-finds-2000594382
2025-05-31 22:42:03,976 - WARNING - Error parsing date from URL https://abcnews.go.com/Health/hhs-firings-questioning-safety-vaccines-trump-administration-attacking/story?id=121125793: month must be in 1..12: 1211-25-79
2025-05-31 22:42:03,976 - WARNING - No date found for URL: https://abcnews.go.com/Health/hhs-firings-questioning-safety-vaccines-trump-administration-attacking/story?id=121125793
2025-05-31 22:42:03,976 - INFO - Successfully extracted date 2025-04-24T00:00:00 from URL: https://www.forbes.com/councils/forbesbusinesscouncil/2025/04/24/the-economic-and-social-consequences-of-the-womens-health-gap/
2025-05-31 22:42:03,976 - WARNING - No date found for URL: https://www.slashfilm.com/1836948/netflix-medical-k-drama-misrepresenting-disease-doctor-cha/
2025-05-31 22:42:03,976 - WARNING - Error parsing date from URL https://abcnews.go.com/US/boat-washes-ashore-san-diego-3-dead-4/story?id=121475296: month must be in 1..12: 1214-75-29
2025-05-31 22:42:03,976 - WARNING - No date found for URL: https://abcnews.go.com/US/boat-washes-ashore-san-diego-3-dead-4/story?id=121475296
2025-05-31 22:42:03,976 - WARNING - No date found for URL: https://www.businessinsider.com/eric-stonestreet-modern-family-weight-loss-type-2-diabetes-mounjaro-2025-5
2025-05-31 22:42:03,976 - WARNING - Error parsing date from URL https://www.yahoo.com/news/former-abercrombie-fitch-ceo-ruled-235805549.html: day is out of range for month: 2358-05-54
2025-05-31 22:42:03,976 - WARNING - No date found for URL: https://www.yahoo.com/news/former-abercrombie-fitch-ceo-ruled-235805549.html
2025-05-31 22:42:03,976 - WARNING - No date found for URL: https://www.wired.com/story/a-baby-received-a-custom-crispr-treatment-in-record-time/
2025-05-31 22:42:03,976 - WARNING - No date found for URL: https://www.theverge.com/politics/663114/surgeon-general-doge-casey-means-sam-corcos-startup-levels-doge
2025-05-31 22:42:03,976 - WARNING - No date found for URL: https://www.businessinsider.com/tech-powerhouses-betting-on-healthcare-ai-amazon-nvidia-2025-5
2025-05-31 22:42:03,977 - WARNING - No date found for URL: https://www.businessinsider.com/trump-prescription-drugs-prices-big-pharma-executive-order-medicines-cost-2025-5
2025-05-31 22:42:03,977 - WARNING - No date found for URL: https://www.bbc.com/news/articles/cx2qvle97nvo
2025-05-31 22:42:03,977 - WARNING - Error parsing date from URL https://gizmodo.com/montana-becomes-the-right-to-try-anything-state-expanding-access-to-experimental-drugs-2000602189: month must be in 1..12: 2000-60-21
2025-05-31 22:42:03,977 - WARNING - No date found for URL: https://gizmodo.com/montana-becomes-the-right-to-try-anything-state-expanding-access-to-experimental-drugs-2000602189
2025-05-31 22:42:03,977 - WARNING - No date found for URL: https://www.cnet.com/health/medical/trump-asks-drugmakers-voluntarily-lower-us-prices-will-they-comply/
2025-05-31 22:42:03,977 - WARNING - No date found for URL: https://www.businessinsider.com/russia-want-medical-grads-find-work-1-year-repay-expenses-2025-5
2025-05-31 22:42:03,977 - WARNING - No date found for URL: https://www.businessinsider.com/high-paying-healthcare-jobs-high-school-no-bachelors-masters-degree-2025-5
2025-05-31 22:42:03,977 - WARNING - No date found for URL: https://www.bbc.com/news/articles/cly3nyqx7xwo
2025-05-31 22:42:03,977 - INFO - Successfully extracted date 2025-05-13T00:00:00 from URL: https://www.npr.org/sections/shots-health-news/2025/05/13/nx-s1-5395834/pharmacists-stockpile-generic-drugs-trump-tariffs
2025-05-31 22:42:03,978 - WARNING - No date found for URL: https://www.businessinsider.com/crowdfunding-medical-bills-disabled-trans-woman-medicaid-healthcare-2025-5
2025-05-31 22:42:03,978 - WARNING - No date found for URL: https://www.bbc.com/news/articles/c8e6wggw233o
2025-05-31 22:42:03,978 - WARNING - No date found for URL: https://time.com/7285548/trump-perscription-drug-cost/
2025-05-31 22:42:03,978 - WARNING - No date found for URL: https://openai.com/index/healthbench/
2025-05-31 22:42:03,978 - WARNING - Error parsing date from URL https://www.yahoo.com/lifestyle/zepbound-beats-wegovy-weight-loss-220146429.html: month must be in 1..12: 2201-46-42
2025-05-31 22:42:03,978 - WARNING - No date found for URL: https://www.yahoo.com/lifestyle/zepbound-beats-wegovy-weight-loss-220146429.html
2025-05-31 22:42:03,978 - WARNING - Error parsing date from URL https://gizmodo.com/why-are-adhd-rates-so-much-higher-in-the-u-s-2000595804: month must be in 1..12: 2000-59-58
2025-05-31 22:42:03,978 - WARNING - No date found for URL: https://gizmodo.com/why-are-adhd-rates-so-much-higher-in-the-u-s-2000595804
2025-05-31 22:42:03,979 - WARNING - No date found for URL: https://www.businessinsider.com/mark-cuban-why-he-started-cost-plus-drugs-2025-5
2025-05-31 22:42:03,979 - INFO - Successfully extracted date 2025-05-07T00:00:00 from URL: https://www.npr.org/2025/05/07/nx-s1-5389962/trump-casey-means-surgeon-general
2025-05-31 22:42:03,979 - WARNING - No date found for URL: https://newrepublic.com/post/194997/trump-surgeon-general-wellness-influencer-casey-means
2025-05-31 22:42:03,979 - WARNING - No date found for URL: https://www.businessinsider.com/ai-startup-unicorns-with-tiny-teams-2025-5
2025-05-31 22:42:03,979 - WARNING - No date found for URL: https://www.wired.com/story/cbp-rescinds-policies-on-care-of-pregnant-women-infants/
2025-05-31 22:42:03,979 - WARNING - No date found for URL: https://www.businessinsider.com/spotify-takes-down-podcasts-peddling-drugs-opioids-2025-5
2025-05-31 22:42:03,979 - WARNING - No date found for URL: https://www.businessinsider.com/insurance-fertility-ivf-costs-hsa-millennial-couple-infertility-2025-3
2025-05-31 22:42:03,979 - WARNING - No date found for URL: https://www.bbc.com/news/articles/cm2374epmmgo
2025-05-31 22:42:03,980 - WARNING - Error parsing date from URL https://gizmodo.com/trump-signs-long-shot-executive-order-he-claims-will-slash-drug-prices-2000600884: month must be in 1..12: 2000-60-08
2025-05-31 22:42:03,980 - WARNING - No date found for URL: https://gizmodo.com/trump-signs-long-shot-executive-order-he-claims-will-slash-drug-prices-2000600884
2025-05-31 22:42:03,980 - WARNING - No date found for URL: https://science.slashdot.org/story/25/05/05/2050232/unitedhealth-now-has-1000-ai-applications-in-production
2025-05-31 22:42:03,980 - WARNING - Error parsing date from URL https://gizmodo.com/the-fda-just-approved-the-first-crispr-edited-pigs-for-food-2000597425: month must be in 1..12: 2000-59-74
2025-05-31 22:42:03,980 - WARNING - No date found for URL: https://gizmodo.com/the-fda-just-approved-the-first-crispr-edited-pigs-for-food-2000597425
2025-05-31 22:42:03,980 - WARNING - No date found for URL: https://www.businessinsider.com/trump-what-china-exports-besides-toys-2025-5
2025-05-31 22:42:03,980 - WARNING - Error parsing date from URL https://gizmodo.com/people-on-ozempic-are-drinking-way-less-2000600281: month must be in 1..12: 2000-60-02
2025-05-31 22:42:03,980 - WARNING - No date found for URL: https://gizmodo.com/people-on-ozempic-are-drinking-way-less-2000600281
2025-05-31 22:42:03,980 - WARNING - No date found for URL: https://www.bbc.com/news/articles/c5y5d2g3wgxo
2025-05-31 22:42:03,980 - WARNING - No date found for URL: https://www.businessinsider.com/how-to-quit-antidepressants-online-clinic-outro-tapering-microdosing-2025-5
2025-05-31 22:42:03,980 - INFO - Successfully extracted date 2025-05-04T00:00:00 from URL: https://www.npr.org/2025/05/04/nx-s1-5386456/mexico-president-rejected-trumps-plan-us-troops-across-border
2025-05-31 22:42:03,980 - INFO - Successfully extracted date 2025-05-16T00:00:00 from URL: https://www.npr.org/2025/05/16/nx-s1-5400266/georgia-brain-dead-fetus-abortion-ban-hospital
2025-05-31 22:42:03,980 - WARNING - No date found for URL: https://www.businessinsider.com/teenager-invents-cheaper-faster-antiviral-drug-manufacturing-method-wins-award-2025-5
2025-05-31 22:42:03,980 - INFO - Successfully extracted date 2025-05-14T00:00:00 from URL: https://www.technologyreview.com/2025/05/14/1116428/first-us-hub-for-experimental-medical-treatments/
2025-05-31 22:42:03,980 - INFO - Successfully extracted date 2025-05-15T00:00:00 from URL: https://www.npr.org/sections/shots-health-news/2025/05/15/nx-s1-5389620/gene-editing-treatment-crispr-inherited
2025-05-31 22:42:03,980 - INFO - Successfully extracted date 2025-05-13T00:00:00 from URL: https://www.npr.org/2025/05/13/nx-s1-5395988/republicans-reconciliation-medicaid-trump-tax-cuts
2025-05-31 22:42:03,980 - WARNING - Error parsing date from URL https://abcnews.go.com/Health/us-drug-overdose-deaths-fell-27-year-reaching/story?id=121744099: month must be in 1..12: 1217-44-09
2025-05-31 22:42:03,980 - WARNING - No date found for URL: https://abcnews.go.com/Health/us-drug-overdose-deaths-fell-27-year-reaching/story?id=121744099
2025-05-31 22:42:03,980 - WARNING - Error parsing date from URL https://abcnews.go.com/Health/dr-casey-means-trumps-pick-us-surgeon-general/story?id=121643609: month must be in 1..12: 1216-43-60
2025-05-31 22:42:03,980 - WARNING - No date found for URL: https://abcnews.go.com/Health/dr-casey-means-trumps-pick-us-surgeon-general/story?id=121643609
2025-05-31 22:42:03,980 - WARNING - Error parsing date from URL https://www.yahoo.com/news/nbcs-mike-tirico-had-medical-212902370.html: day is out of range for month: 2129-02-37
2025-05-31 22:42:03,980 - WARNING - No date found for URL: https://www.yahoo.com/news/nbcs-mike-tirico-had-medical-212902370.html
2025-05-31 22:42:03,980 - WARNING - Error parsing date from URL https://qz.com/eli-lilly-zepbound-wegovy-weight-loss-drug-study-1851780176: month must be in 1..12: 1851-78-01
2025-05-31 22:42:03,980 - WARNING - No date found for URL: https://qz.com/eli-lilly-zepbound-wegovy-weight-loss-drug-study-1851780176
2025-05-31 22:42:03,980 - WARNING - Error parsing date from URL https://abcnews.go.com/Health/wireStory/pharmaceutical-industry-criticizes-drug-pricing-plan-trump-hell-121705643: day is out of range for month: 1217-05-64
2025-05-31 22:42:03,980 - WARNING - No date found for URL: https://abcnews.go.com/Health/wireStory/pharmaceutical-industry-criticizes-drug-pricing-plan-trump-hell-121705643
2025-05-31 22:42:03,980 - WARNING - No date found for URL: https://time.com/7285524/when-to-go-emergency-room-vs-urgent-care/
2025-05-31 22:42:03,980 - INFO - Successfully extracted date 2025-05-06T00:00:00 from URL: https://www.npr.org/2025/05/06/nx-s1-5388198/trump-abortion-drug-case
2025-05-31 22:42:03,980 - WARNING - No date found for URL: https://www.businessinsider.com/seed-40-best-women-early-stage-vc-investors-2025-5
2025-05-31 22:42:03,980 - WARNING - Error parsing date from URL https://qz.com/trump-tariffs-pharma-companies-astrazeneca-gsk-1851779389: month must be in 1..12: 1851-77-93
2025-05-31 22:42:03,980 - WARNING - No date found for URL: https://qz.com/trump-tariffs-pharma-companies-astrazeneca-gsk-1851779389
2025-05-31 22:42:03,980 - WARNING - No date found for URL: https://consent.yahoo.com/v2/collectConsent?sessionId=1_cc-session_c7904365-373a-49bd-bd06-ad3450a116ea
2025-05-31 22:42:03,980 - WARNING - Error parsing date from URL https://gizmodo.com/first-ever-custom-crispr-therapy-saves-infant-with-deadly-genetic-disorder-2000603288: month must be in 1..12: 2000-60-32
2025-05-31 22:42:03,980 - WARNING - No date found for URL: https://gizmodo.com/first-ever-custom-crispr-therapy-saves-infant-with-deadly-genetic-disorder-2000603288
2025-05-31 22:42:03,980 - WARNING - No date found for URL: https://time.com/7284907/ovarian-cyst-diagnosis-treatment/
2025-05-31 22:42:03,980 - INFO - Successfully extracted date 2025-05-08T00:00:00 from URL: https://www.npr.org/2025/05/08/nx-s1-5391310/kennedy-autism-registry-database-hhs-nih-medicare-medicaid
2025-05-31 22:42:03,986 - WARNING - No date found for URL: https://www.theverge.com/news/661695/google-simplify-ai-gemini-feature-ios-app
2025-05-31 22:42:03,986 - WARNING - No date found for URL: https://time.com/7285114/time-announces-time-longevity-a-new-editorial-platform-exploring-the-future-of-living-longer/
2025-05-31 22:42:03,986 - INFO - Successfully extracted date 2025-05-13T00:00:00 from URL: https://www.npr.org/sections/shots-health-news/2025/05/13/nx-s1-5393935/quarter-children-have-parent-substance-use-disorder-study
2025-05-31 22:42:03,986 - WARNING - No date found for URL: https://slate.com/podcasts/what-next/2025/05/trumps-tariffs-are-in-the-supply-chain
2025-05-31 22:42:03,986 - INFO - Successfully extracted date 2025-05-15T00:00:00 from URL: https://www.techdirt.com/2025/05/15/rfk-jr-finally-says-something-sensible-dont-take-medical-advice-from-me/
2025-05-31 22:42:03,986 - WARNING - Error parsing date from URL https://www.yahoo.com/news/luis-antonio-tagle-philippine-cardinal-035147259.html: month must be in 1..12: 0351-47-25
2025-05-31 22:42:03,986 - WARNING - No date found for URL: https://www.yahoo.com/news/luis-antonio-tagle-philippine-cardinal-035147259.html
2025-05-31 22:42:03,986 - WARNING - No date found for URL: https://www.wearegreenbay.com/news/local-news/large-quantity-of-drugs-found-following-a-pursuit-in-wisconsin-two-men-arrested/
2025-05-31 22:42:03,986 - INFO - Successfully extracted date 2025-05-03T00:00:00 from URL: https://www.yankodesign.com/2025/05/03/origami-in-industrial-design-unlocking-the-art-of-precision/
2025-05-31 22:42:03,986 - WARNING - No date found for URL: https://www.businessinsider.com/at-home-pap-smear-wand-approved-fda-teal-health-2025-5
2025-05-31 22:42:03,987 - WARNING - No date found for URL: https://blog.google/technology/research/google-research-scientific-discovery/
2025-05-31 22:42:03,987 - INFO - Successfully extracted date 2025-05-14T00:00:00 from URL: https://www.forbes.com/sites/greatspeculations/2025/05/14/a-silent-crash-inside-sps-good-day/
2025-05-31 22:42:03,987 - WARNING - No date found for URL: https://www.businessinsider.com/pharma-stocks-eli-lily-pfizer-drug-prices-us-china-trade-2025-5
2025-05-31 22:42:03,987 - INFO - Successfully extracted date 2505-07-14T00:00:00 from URL: https://www.sciencedaily.com/releases/2025/05/250507141132.htm
2025-05-31 22:42:03,987 - WARNING - No date found for URL: https://www.scientificamerican.com/podcast/episode/new-data-released-from-nasas-juno-mission-and-new-satellites-launched-for/
2025-05-31 22:42:03,988 - WARNING - Error parsing date from URL https://qz.com/trump-executive-order-drug-prices-pharma-eli-lilly-1851780259: month must be in 1..12: 1851-78-02
2025-05-31 22:42:03,988 - WARNING - No date found for URL: https://qz.com/trump-executive-order-drug-prices-pharma-eli-lilly-1851780259
2025-05-31 22:42:03,988 - WARNING - Error parsing date from URL https://www.yahoo.com/news/fda-approves-novavax-covid-19-022122081.html: month must be in 1..12: 0221-22-08
2025-05-31 22:42:03,989 - WARNING - No date found for URL: https://www.yahoo.com/news/fda-approves-novavax-covid-19-022122081.html
2025-05-31 22:42:03,989 - WARNING - Error parsing date from URL https://consent.yahoo.com/v2/collectConsent?sessionId=1_cc-session_00f63387-3c5d-42b0-b92d-ff528148013a: month must be in 1..12: 5281-48-01
2025-05-31 22:42:03,989 - WARNING - No date found for URL: https://consent.yahoo.com/v2/collectConsent?sessionId=1_cc-session_00f63387-3c5d-42b0-b92d-ff528148013a
2025-05-31 22:42:03,989 - WARNING - No date found for URL: https://www.bbc.com/sport/motorsport/articles/c9wgj8ye4vdo
2025-05-31 22:42:03,989 - WARNING - No date found for URL: https://consent.yahoo.com/v2/collectConsent?sessionId=1_cc-session_16bc978e-779a-4633-86aa-7ab687d03f9f
2025-05-31 22:42:03,989 - WARNING - No date found for URL: https://www.bbc.com/news/articles/clygl4e0rneo
2025-05-31 22:42:03,989 - INFO - Successfully extracted date 2025-05-07T00:00:00 from URL: https://www.npr.org/2025/05/07/nx-s1-5388488/three-memphis-police-officers-found-not-guilty-in-the-death-of-tyre-nichols
2025-05-31 22:42:03,990 - WARNING - No date found for URL: https://news.slashdot.org/story/25/05/05/0649225/majority-in-uk-now-self-identify-as-neurodivergent
2025-05-31 22:42:03,990 - WARNING - No date found for URL: https://www.cnet.com/health/medical/measles-cases-spread-across-us-mexico-and-canada-learn-how-to-protect-yourself/
2025-05-31 22:42:03,990 - WARNING - No date found for URL: https://www.aljazeera.com/news/2025/5/18/israeli-strikes-batter-gaza-hospitals-as-brutal-siege-bombing-intensify
2025-05-31 22:42:03,990 - WARNING - Error parsing date from URL https://abcnews.go.com/Health/measles-cases-reach-1024-us-infections-confirmed-30/story?id=121869702: month must be in 1..12: 1218-69-70
2025-05-31 22:42:03,990 - WARNING - No date found for URL: https://abcnews.go.com/Health/measles-cases-reach-1024-us-infections-confirmed-30/story?id=121869702
2025-05-31 22:42:03,990 - INFO - Successfully extracted date 2025-05-06T00:00:00 from URL: https://www.forbes.com/sites/partnerreleases/2025/05/06/leading-healthcare-executive-examines-how-ai-big-tech-and-retail-medicine-are-reshaping-the-industry/
2025-05-31 22:42:03,990 - WARNING - No date found for URL: https://time.com/7285865/rfk-jr-infant-formula-review-expert-advice-for-parents/
2025-05-31 22:42:03,990 - WARNING - Error parsing date from URL https://qz.com/drug-prices-eli-lilly-pfizer-novo-nordisk-trump-pharma-1851780206: month must be in 1..12: 1851-78-02
2025-05-31 22:42:03,990 - WARNING - No date found for URL: https://qz.com/drug-prices-eli-lilly-pfizer-novo-nordisk-trump-pharma-1851780206
2025-05-31 22:42:03,990 - WARNING - No date found for URL: https://www.bbc.com/news/articles/cg5v2rjp84ro
2025-05-31 22:42:03,990 - WARNING - No date found for URL: https://www.bbc.com/news/articles/cnv13pz88n8o
2025-05-31 22:42:03,990 - INFO - Successfully extracted date 2025-05-06T00:00:00 from URL: https://www.yankodesign.com/2025/05/06/dengue-home-test-kit-concept-can-help-with-early-detection-and-medical-intervention/
2025-05-31 22:42:03,990 - INFO - Successfully extracted date 2025-05-16T00:00:00 from URL: https://www.technologyreview.com/2025/05/16/1116619/the-download-the-first-personalized-gene-editing-drug-and-montanas-right-to-try-experiment/
2025-05-31 22:42:03,990 - WARNING - No date found for URL: https://www.businessinsider.com/6-billion-commure-ordered-stop-selling-healthtech-product-lawsuit-strongline-2025-5
2025-05-31 22:42:03,990 - WARNING - Error parsing date from URL https://gizmodo.com/what-you-learned-about-cell-division-is-probably-wrong-2000597404: month must be in 1..12: 2000-59-74
2025-05-31 22:42:03,990 - WARNING - No date found for URL: https://gizmodo.com/what-you-learned-about-cell-division-is-probably-wrong-2000597404
2025-05-31 22:42:03,990 - WARNING - Error parsing date from URL https://abcnews.go.com/US/boat-washes-ashore-san-diego-3-dead-4/story?id=121475296: month must be in 1..12: 1214-75-29
2025-05-31 22:42:03,990 - WARNING - No date found for URL: https://abcnews.go.com/US/boat-washes-ashore-san-diego-3-dead-4/story?id=121475296
2025-05-31 22:42:03,990 - WARNING - No date found for URL: https://time.com/7283979/runny-nose-causes-treatments/
2025-05-31 22:42:03,990 - INFO - Successfully extracted date 2025-05-05T00:00:00 from URL: https://www.forbes.com/sites/briancastrucci/2025/05/05/seven-ways-the-fda-cuts-could-impact-you/
2025-05-31 22:42:03,990 - INFO - Successfully extracted date 2505-07-14T00:00:00 from URL: https://www.sciencedaily.com/releases/2025/05/250507141142.htm
2025-05-31 22:42:03,990 - WARNING - No date found for URL: https://www.bbc.com/news/articles/cr58me3npm1o
2025-05-31 22:42:03,990 - WARNING - Error parsing date from URL https://gizmodo.com/garmin-epix-gen-2-is-now-closer-to-0-than-its-launch-price-amazon-clears-out-inventory-2000600058: month must be in 1..12: 2000-60-00
2025-05-31 22:42:03,990 - WARNING - No date found for URL: https://gizmodo.com/garmin-epix-gen-2-is-now-closer-to-0-than-its-launch-price-amazon-clears-out-inventory-2000600058
2025-05-31 22:42:03,990 - WARNING - No date found for URL: https://www.bbc.com/sport/rugby-union/articles/cgq300jnylzo
2025-05-31 22:42:03,990 - WARNING - Error parsing date from URL https://www.sciencedaily.com/releases/2025/05/250514164330.htm: month must be in 1..12: 2505-14-16
2025-05-31 22:42:03,990 - WARNING - No date found for URL: https://www.sciencedaily.com/releases/2025/05/250514164330.htm
2025-05-31 22:42:03,990 - WARNING - Error parsing date from URL https://gizmodo.com/35-years-ago-twin-peaks-ended-its-first-season-without-revealing-its-biggest-mystery-2000602264: month must be in 1..12: 2000-60-22
2025-05-31 22:42:03,990 - WARNING - No date found for URL: https://gizmodo.com/35-years-ago-twin-peaks-ended-its-first-season-without-revealing-its-biggest-mystery-2000602264
2025-05-31 22:42:03,990 - WARNING - No date found for URL: https://www.businessinsider.com/how-rudina-seseri-glasswing-ventures-became-top-seed-investor-2025-5
2025-05-31 22:42:03,990 - WARNING - No date found for URL: https://www.androidpolice.com/fitbit-labs-ai-health-records/
2025-05-31 22:42:03,990 - WARNING - No date found for URL: https://www.businessinsider.com/best-countries-to-live-in-american-retiree-full-time-travel
2025-05-31 22:42:03,990 - WARNING - Error parsing date from URL https://gizmodo.com/dc-clayface-movie-rewrite-mike-flanagan-2000598976: month must be in 1..12: 2000-59-89
2025-05-31 22:42:03,990 - WARNING - No date found for URL: https://gizmodo.com/dc-clayface-movie-rewrite-mike-flanagan-2000598976
2025-05-31 22:42:03,990 - WARNING - Error parsing date from URL https://gizmodo.com/barely-sleep-and-still-feel-fine-thank-your-lucky-genes-2000600197: month must be in 1..12: 2000-60-01
2025-05-31 22:42:03,990 - WARNING - No date found for URL: https://gizmodo.com/barely-sleep-and-still-feel-fine-thank-your-lucky-genes-2000600197
2025-05-31 22:42:03,990 - WARNING - Error parsing date from URL https://gizmodo.com/modernas-super-vaccine-for-flu-and-covid-works-now-politics-could-sink-it-2000599293: month must be in 1..12: 2000-59-92
2025-05-31 22:42:03,990 - WARNING - No date found for URL: https://gizmodo.com/modernas-super-vaccine-for-flu-and-covid-works-now-politics-could-sink-it-2000599293
2025-05-31 22:42:03,990 - WARNING - No date found for URL: https://www.wired.com/story/a-baby-received-a-custom-crispr-treatment-in-record-time/
2025-05-31 22:42:03,990 - WARNING - No date found for URL: https://www.theverge.com/politics/663114/surgeon-general-doge-casey-means-sam-corcos-startup-levels-doge
2025-05-31 22:42:03,990 - WARNING - No date found for URL: https://www.businessinsider.com/tech-powerhouses-betting-on-healthcare-ai-amazon-nvidia-2025-5
2025-05-31 22:42:03,990 - WARNING - No date found for URL: https://www.businessinsider.com/trump-prescription-drugs-prices-big-pharma-executive-order-medicines-cost-2025-5
2025-05-31 22:42:03,990 - WARNING - No date found for URL: https://www.bbc.com/news/articles/cx2qvle97nvo
2025-05-31 22:42:03,996 - WARNING - Error parsing date from URL https://gizmodo.com/montana-becomes-the-right-to-try-anything-state-expanding-access-to-experimental-drugs-2000602189: month must be in 1..12: 2000-60-21
2025-05-31 22:42:03,996 - WARNING - No date found for URL: https://gizmodo.com/montana-becomes-the-right-to-try-anything-state-expanding-access-to-experimental-drugs-2000602189
2025-05-31 22:42:03,996 - WARNING - No date found for URL: https://www.cnet.com/health/medical/trump-asks-drugmakers-voluntarily-lower-us-prices-will-they-comply/
2025-05-31 22:42:03,996 - WARNING - No date found for URL: https://www.businessinsider.com/russia-want-medical-grads-find-work-1-year-repay-expenses-2025-5
2025-05-31 22:42:03,996 - WARNING - No date found for URL: https://www.businessinsider.com/high-paying-healthcare-jobs-high-school-no-bachelors-masters-degree-2025-5
2025-05-31 22:42:03,996 - WARNING - No date found for URL: https://www.bbc.com/news/articles/cly3nyqx7xwo
2025-05-31 22:42:03,996 - INFO - Successfully extracted date 2025-05-13T00:00:00 from URL: https://www.npr.org/sections/shots-health-news/2025/05/13/nx-s1-5395834/pharmacists-stockpile-generic-drugs-trump-tariffs
2025-05-31 22:42:03,996 - WARNING - No date found for URL: https://www.businessinsider.com/crowdfunding-medical-bills-disabled-trans-woman-medicaid-healthcare-2025-5
2025-05-31 22:42:03,996 - WARNING - No date found for URL: https://www.bbc.com/news/articles/c8e6wggw233o
2025-05-31 22:42:03,996 - WARNING - No date found for URL: https://time.com/7285548/trump-perscription-drug-cost/
2025-05-31 22:42:03,996 - WARNING - No date found for URL: https://openai.com/index/healthbench/
2025-05-31 22:42:03,997 - WARNING - Error parsing date from URL https://www.yahoo.com/lifestyle/zepbound-beats-wegovy-weight-loss-220146429.html: month must be in 1..12: 2201-46-42
2025-05-31 22:42:03,997 - WARNING - No date found for URL: https://www.yahoo.com/lifestyle/zepbound-beats-wegovy-weight-loss-220146429.html
2025-05-31 22:42:03,997 - WARNING - Error parsing date from URL https://gizmodo.com/why-are-adhd-rates-so-much-higher-in-the-u-s-2000595804: month must be in 1..12: 2000-59-58
2025-05-31 22:42:03,997 - WARNING - No date found for URL: https://gizmodo.com/why-are-adhd-rates-so-much-higher-in-the-u-s-2000595804
2025-05-31 22:42:03,997 - WARNING - No date found for URL: https://www.businessinsider.com/mark-cuban-why-he-started-cost-plus-drugs-2025-5
2025-05-31 22:42:03,997 - INFO - Successfully extracted date 2025-05-07T00:00:00 from URL: https://www.npr.org/2025/05/07/nx-s1-5389962/trump-casey-means-surgeon-general
2025-05-31 22:42:03,997 - WARNING - No date found for URL: https://newrepublic.com/post/194997/trump-surgeon-general-wellness-influencer-casey-means
2025-05-31 22:42:03,997 - WARNING - No date found for URL: https://www.businessinsider.com/ai-startup-unicorns-with-tiny-teams-2025-5
2025-05-31 22:42:03,998 - WARNING - No date found for URL: https://www.wired.com/story/cbp-rescinds-policies-on-care-of-pregnant-women-infants/
2025-05-31 22:42:03,998 - WARNING - No date found for URL: https://www.businessinsider.com/spotify-takes-down-podcasts-peddling-drugs-opioids-2025-5
2025-05-31 22:42:03,998 - WARNING - No date found for URL: https://www.businessinsider.com/insurance-fertility-ivf-costs-hsa-millennial-couple-infertility-2025-3
2025-05-31 22:42:03,998 - WARNING - No date found for URL: https://www.bbc.com/news/articles/cm2374epmmgo
2025-05-31 22:42:03,998 - WARNING - Error parsing date from URL https://gizmodo.com/trump-signs-long-shot-executive-order-he-claims-will-slash-drug-prices-2000600884: month must be in 1..12: 2000-60-08
2025-05-31 22:42:03,998 - WARNING - No date found for URL: https://gizmodo.com/trump-signs-long-shot-executive-order-he-claims-will-slash-drug-prices-2000600884
2025-05-31 22:42:03,998 - WARNING - No date found for URL: https://science.slashdot.org/story/25/05/05/2050232/unitedhealth-now-has-1000-ai-applications-in-production
2025-05-31 22:42:03,998 - WARNING - Error parsing date from URL https://gizmodo.com/the-fda-just-approved-the-first-crispr-edited-pigs-for-food-2000597425: month must be in 1..12: 2000-59-74
2025-05-31 22:42:03,998 - WARNING - No date found for URL: https://gizmodo.com/the-fda-just-approved-the-first-crispr-edited-pigs-for-food-2000597425
2025-05-31 22:42:03,999 - WARNING - No date found for URL: https://www.businessinsider.com/trump-what-china-exports-besides-toys-2025-5
2025-05-31 22:42:03,999 - WARNING - Error parsing date from URL https://gizmodo.com/people-on-ozempic-are-drinking-way-less-2000600281: month must be in 1..12: 2000-60-02
2025-05-31 22:42:03,999 - WARNING - No date found for URL: https://gizmodo.com/people-on-ozempic-are-drinking-way-less-2000600281
2025-05-31 22:42:03,999 - WARNING - No date found for URL: https://www.bbc.com/news/articles/c5y5d2g3wgxo
2025-05-31 22:42:03,999 - WARNING - No date found for URL: https://www.businessinsider.com/how-to-quit-antidepressants-online-clinic-outro-tapering-microdosing-2025-5
2025-05-31 22:42:03,999 - INFO - Successfully extracted date 2025-05-04T00:00:00 from URL: https://www.npr.org/2025/05/04/nx-s1-5386456/mexico-president-rejected-trumps-plan-us-troops-across-border
2025-05-31 22:42:03,999 - INFO - Successfully extracted date 2025-05-16T00:00:00 from URL: https://www.npr.org/2025/05/16/nx-s1-5400266/georgia-brain-dead-fetus-abortion-ban-hospital
2025-05-31 22:42:04,000 - WARNING - No date found for URL: https://www.businessinsider.com/teenager-invents-cheaper-faster-antiviral-drug-manufacturing-method-wins-award-2025-5
2025-05-31 22:42:04,000 - INFO - Successfully extracted date 2025-05-14T00:00:00 from URL: https://www.technologyreview.com/2025/05/14/1116428/first-us-hub-for-experimental-medical-treatments/
2025-05-31 22:42:04,000 - INFO - Successfully extracted date 2025-05-15T00:00:00 from URL: https://www.npr.org/sections/shots-health-news/2025/05/15/nx-s1-5389620/gene-editing-treatment-crispr-inherited
2025-05-31 22:42:04,000 - INFO - Successfully extracted date 2025-05-13T00:00:00 from URL: https://www.npr.org/2025/05/13/nx-s1-5395988/republicans-reconciliation-medicaid-trump-tax-cuts
2025-05-31 22:42:04,000 - WARNING - Error parsing date from URL https://abcnews.go.com/Health/us-drug-overdose-deaths-fell-27-year-reaching/story?id=121744099: month must be in 1..12: 1217-44-09
2025-05-31 22:42:04,000 - WARNING - No date found for URL: https://abcnews.go.com/Health/us-drug-overdose-deaths-fell-27-year-reaching/story?id=121744099
2025-05-31 22:42:04,000 - WARNING - Error parsing date from URL https://abcnews.go.com/Health/dr-casey-means-trumps-pick-us-surgeon-general/story?id=121643609: month must be in 1..12: 1216-43-60
2025-05-31 22:42:04,000 - WARNING - No date found for URL: https://abcnews.go.com/Health/dr-casey-means-trumps-pick-us-surgeon-general/story?id=121643609
2025-05-31 22:42:04,000 - WARNING - Error parsing date from URL https://www.yahoo.com/news/nbcs-mike-tirico-had-medical-212902370.html: day is out of range for month: 2129-02-37
2025-05-31 22:42:04,000 - WARNING - No date found for URL: https://www.yahoo.com/news/nbcs-mike-tirico-had-medical-212902370.html
2025-05-31 22:42:04,000 - WARNING - Error parsing date from URL https://qz.com/eli-lilly-zepbound-wegovy-weight-loss-drug-study-1851780176: month must be in 1..12: 1851-78-01
2025-05-31 22:42:04,000 - WARNING - No date found for URL: https://qz.com/eli-lilly-zepbound-wegovy-weight-loss-drug-study-1851780176
2025-05-31 22:42:04,000 - WARNING - Error parsing date from URL https://abcnews.go.com/Health/wireStory/pharmaceutical-industry-criticizes-drug-pricing-plan-trump-hell-121705643: day is out of range for month: 1217-05-64
2025-05-31 22:42:04,000 - WARNING - No date found for URL: https://abcnews.go.com/Health/wireStory/pharmaceutical-industry-criticizes-drug-pricing-plan-trump-hell-121705643
2025-05-31 22:42:04,000 - WARNING - No date found for URL: https://time.com/7285524/when-to-go-emergency-room-vs-urgent-care/
2025-05-31 22:42:04,000 - INFO - Successfully extracted date 2025-05-06T00:00:00 from URL: https://www.npr.org/2025/05/06/nx-s1-5388198/trump-abortion-drug-case
2025-05-31 22:42:04,000 - WARNING - No date found for URL: https://www.businessinsider.com/seed-40-best-women-early-stage-vc-investors-2025-5
2025-05-31 22:42:04,000 - WARNING - Error parsing date from URL https://qz.com/trump-tariffs-pharma-companies-astrazeneca-gsk-1851779389: month must be in 1..12: 1851-77-93
2025-05-31 22:42:04,000 - WARNING - No date found for URL: https://qz.com/trump-tariffs-pharma-companies-astrazeneca-gsk-1851779389
2025-05-31 22:42:04,000 - WARNING - No date found for URL: https://consent.yahoo.com/v2/collectConsent?sessionId=1_cc-session_c7904365-373a-49bd-bd06-ad3450a116ea
2025-05-31 22:42:04,000 - WARNING - Error parsing date from URL https://gizmodo.com/first-ever-custom-crispr-therapy-saves-infant-with-deadly-genetic-disorder-2000603288: month must be in 1..12: 2000-60-32
2025-05-31 22:42:04,000 - WARNING - No date found for URL: https://gizmodo.com/first-ever-custom-crispr-therapy-saves-infant-with-deadly-genetic-disorder-2000603288
2025-05-31 22:42:04,000 - WARNING - No date found for URL: https://time.com/7284907/ovarian-cyst-diagnosis-treatment/
2025-05-31 22:42:04,000 - INFO - Successfully extracted date 2025-05-08T00:00:00 from URL: https://www.npr.org/2025/05/08/nx-s1-5391310/kennedy-autism-registry-database-hhs-nih-medicare-medicaid
2025-05-31 22:42:04,000 - WARNING - No date found for URL: https://www.theverge.com/news/661695/google-simplify-ai-gemini-feature-ios-app
2025-05-31 22:42:04,000 - WARNING - No date found for URL: https://time.com/7285114/time-announces-time-longevity-a-new-editorial-platform-exploring-the-future-of-living-longer/
2025-05-31 22:42:04,000 - INFO - Successfully extracted date 2025-05-13T00:00:00 from URL: https://www.npr.org/sections/shots-health-news/2025/05/13/nx-s1-5393935/quarter-children-have-parent-substance-use-disorder-study
2025-05-31 22:42:04,000 - WARNING - No date found for URL: https://slate.com/podcasts/what-next/2025/05/trumps-tariffs-are-in-the-supply-chain
2025-05-31 22:42:04,000 - INFO - Successfully extracted date 2025-05-15T00:00:00 from URL: https://www.techdirt.com/2025/05/15/rfk-jr-finally-says-something-sensible-dont-take-medical-advice-from-me/
2025-05-31 22:42:04,000 - WARNING - Error parsing date from URL https://www.yahoo.com/news/luis-antonio-tagle-philippine-cardinal-035147259.html: month must be in 1..12: 0351-47-25
2025-05-31 22:42:04,000 - WARNING - No date found for URL: https://www.yahoo.com/news/luis-antonio-tagle-philippine-cardinal-035147259.html
2025-05-31 22:42:04,000 - WARNING - No date found for URL: https://www.wearegreenbay.com/news/local-news/large-quantity-of-drugs-found-following-a-pursuit-in-wisconsin-two-men-arrested/
2025-05-31 22:42:04,005 - INFO - Successfully extracted date 2025-05-03T00:00:00 from URL: https://www.yankodesign.com/2025/05/03/origami-in-industrial-design-unlocking-the-art-of-precision/
2025-05-31 22:42:04,005 - WARNING - No date found for URL: https://www.businessinsider.com/at-home-pap-smear-wand-approved-fda-teal-health-2025-5
2025-05-31 22:42:04,006 - WARNING - No date found for URL: https://blog.google/technology/research/google-research-scientific-discovery/
2025-05-31 22:42:04,006 - INFO - Successfully extracted date 2025-05-14T00:00:00 from URL: https://www.forbes.com/sites/greatspeculations/2025/05/14/a-silent-crash-inside-sps-good-day/
2025-05-31 22:42:04,006 - WARNING - No date found for URL: https://www.businessinsider.com/pharma-stocks-eli-lily-pfizer-drug-prices-us-china-trade-2025-5
2025-05-31 22:42:04,006 - INFO - Successfully extracted date 2505-07-14T00:00:00 from URL: https://www.sciencedaily.com/releases/2025/05/250507141132.htm
2025-05-31 22:42:04,006 - WARNING - No date found for URL: https://www.scientificamerican.com/podcast/episode/new-data-released-from-nasas-juno-mission-and-new-satellites-launched-for/
2025-05-31 22:42:04,006 - WARNING - Error parsing date from URL https://qz.com/trump-executive-order-drug-prices-pharma-eli-lilly-1851780259: month must be in 1..12: 1851-78-02
2025-05-31 22:42:04,006 - WARNING - No date found for URL: https://qz.com/trump-executive-order-drug-prices-pharma-eli-lilly-1851780259
2025-05-31 22:42:04,006 - WARNING - Error parsing date from URL https://www.yahoo.com/news/fda-approves-novavax-covid-19-022122081.html: month must be in 1..12: 0221-22-08
2025-05-31 22:42:04,006 - WARNING - No date found for URL: https://www.yahoo.com/news/fda-approves-novavax-covid-19-022122081.html
2025-05-31 22:42:04,008 - WARNING - Error parsing date from URL https://consent.yahoo.com/v2/collectConsent?sessionId=1_cc-session_00f63387-3c5d-42b0-b92d-ff528148013a: month must be in 1..12: 5281-48-01
2025-05-31 22:42:04,008 - WARNING - No date found for URL: https://consent.yahoo.com/v2/collectConsent?sessionId=1_cc-session_00f63387-3c5d-42b0-b92d-ff528148013a
2025-05-31 22:42:04,008 - WARNING - No date found for URL: https://www.bbc.com/sport/motorsport/articles/c9wgj8ye4vdo
2025-05-31 22:42:04,008 - WARNING - No date found for URL: https://consent.yahoo.com/v2/collectConsent?sessionId=1_cc-session_16bc978e-779a-4633-86aa-7ab687d03f9f
2025-05-31 22:42:04,008 - WARNING - No date found for URL: https://www.bbc.com/news/articles/clygl4e0rneo
2025-05-31 22:42:04,008 - INFO - Successfully extracted date 2025-05-07T00:00:00 from URL: https://www.npr.org/2025/05/07/nx-s1-5388488/three-memphis-police-officers-found-not-guilty-in-the-death-of-tyre-nichols
2025-05-31 22:42:04,008 - WARNING - No date found for URL: https://news.slashdot.org/story/25/05/05/0649225/majority-in-uk-now-self-identify-as-neurodivergent
2025-05-31 22:42:04,008 - WARNING - No date found for URL: https://www.cnet.com/health/medical/measles-cases-spread-across-us-mexico-and-canada-learn-how-to-protect-yourself/
2025-05-31 22:42:04,009 - WARNING - No date found for URL: https://www.aljazeera.com/news/2025/5/18/israeli-strikes-batter-gaza-hospitals-as-brutal-siege-bombing-intensify
2025-05-31 22:42:04,009 - WARNING - Error parsing date from URL https://abcnews.go.com/Health/measles-cases-reach-1024-us-infections-confirmed-30/story?id=121869702: month must be in 1..12: 1218-69-70
2025-05-31 22:42:04,009 - WARNING - No date found for URL: https://abcnews.go.com/Health/measles-cases-reach-1024-us-infections-confirmed-30/story?id=121869702
2025-05-31 22:42:04,009 - INFO - Successfully extracted date 2025-05-06T00:00:00 from URL: https://www.forbes.com/sites/partnerreleases/2025/05/06/leading-healthcare-executive-examines-how-ai-big-tech-and-retail-medicine-are-reshaping-the-industry/
2025-05-31 22:42:04,009 - WARNING - No date found for URL: https://time.com/7285865/rfk-jr-infant-formula-review-expert-advice-for-parents/
2025-05-31 22:42:04,009 - WARNING - Error parsing date from URL https://qz.com/drug-prices-eli-lilly-pfizer-novo-nordisk-trump-pharma-1851780206: month must be in 1..12: 1851-78-02
2025-05-31 22:42:04,010 - WARNING - No date found for URL: https://qz.com/drug-prices-eli-lilly-pfizer-novo-nordisk-trump-pharma-1851780206
2025-05-31 22:42:04,010 - WARNING - No date found for URL: https://www.bbc.com/news/articles/cg5v2rjp84ro
2025-05-31 22:42:04,010 - WARNING - No date found for URL: https://www.bbc.com/news/articles/cnv13pz88n8o
2025-05-31 22:42:04,010 - INFO - Successfully extracted date 2025-05-06T00:00:00 from URL: https://www.yankodesign.com/2025/05/06/dengue-home-test-kit-concept-can-help-with-early-detection-and-medical-intervention/
2025-05-31 22:42:04,010 - INFO - Successfully extracted date 2025-05-16T00:00:00 from URL: https://www.technologyreview.com/2025/05/16/1116619/the-download-the-first-personalized-gene-editing-drug-and-montanas-right-to-try-experiment/
2025-05-31 22:42:04,010 - WARNING - No date found for URL: https://www.businessinsider.com/6-billion-commure-ordered-stop-selling-healthtech-product-lawsuit-strongline-2025-5
2025-05-31 22:42:04,010 - WARNING - Error parsing date from URL https://gizmodo.com/what-you-learned-about-cell-division-is-probably-wrong-2000597404: month must be in 1..12: 2000-59-74
2025-05-31 22:42:04,011 - WARNING - No date found for URL: https://gizmodo.com/what-you-learned-about-cell-division-is-probably-wrong-2000597404
2025-05-31 22:42:04,011 - WARNING - Error parsing date from URL https://abcnews.go.com/US/boat-washes-ashore-san-diego-3-dead-4/story?id=121475296: month must be in 1..12: 1214-75-29
2025-05-31 22:42:04,011 - WARNING - No date found for URL: https://abcnews.go.com/US/boat-washes-ashore-san-diego-3-dead-4/story?id=121475296
2025-05-31 22:42:04,011 - WARNING - No date found for URL: https://time.com/7283979/runny-nose-causes-treatments/
2025-05-31 22:42:04,011 - INFO - Successfully extracted date 2025-05-05T00:00:00 from URL: https://www.forbes.com/sites/briancastrucci/2025/05/05/seven-ways-the-fda-cuts-could-impact-you/
2025-05-31 22:42:04,011 - INFO - Successfully extracted date 2505-07-14T00:00:00 from URL: https://www.sciencedaily.com/releases/2025/05/250507141142.htm
2025-05-31 22:42:04,011 - WARNING - No date found for URL: https://www.bbc.com/news/articles/cr58me3npm1o
2025-05-31 22:42:04,012 - WARNING - Error parsing date from URL https://gizmodo.com/garmin-epix-gen-2-is-now-closer-to-0-than-its-launch-price-amazon-clears-out-inventory-2000600058: month must be in 1..12: 2000-60-00
2025-05-31 22:42:04,012 - WARNING - No date found for URL: https://gizmodo.com/garmin-epix-gen-2-is-now-closer-to-0-than-its-launch-price-amazon-clears-out-inventory-2000600058
2025-05-31 22:42:04,012 - WARNING - No date found for URL: https://www.bbc.com/sport/rugby-union/articles/cgq300jnylzo
2025-05-31 22:42:04,012 - WARNING - Error parsing date from URL https://www.sciencedaily.com/releases/2025/05/250514164330.htm: month must be in 1..12: 2505-14-16
2025-05-31 22:42:04,012 - WARNING - No date found for URL: https://www.sciencedaily.com/releases/2025/05/250514164330.htm
2025-05-31 22:42:04,012 - WARNING - Error parsing date from URL https://gizmodo.com/35-years-ago-twin-peaks-ended-its-first-season-without-revealing-its-biggest-mystery-2000602264: month must be in 1..12: 2000-60-22
2025-05-31 22:42:04,012 - WARNING - No date found for URL: https://gizmodo.com/35-years-ago-twin-peaks-ended-its-first-season-without-revealing-its-biggest-mystery-2000602264
2025-05-31 22:42:04,012 - WARNING - No date found for URL: https://www.businessinsider.com/how-rudina-seseri-glasswing-ventures-became-top-seed-investor-2025-5
2025-05-31 22:42:04,012 - WARNING - No date found for URL: https://www.androidpolice.com/fitbit-labs-ai-health-records/
2025-05-31 22:42:04,012 - WARNING - No date found for URL: https://www.businessinsider.com/best-countries-to-live-in-american-retiree-full-time-travel
2025-05-31 22:42:04,012 - WARNING - Error parsing date from URL https://gizmodo.com/dc-clayface-movie-rewrite-mike-flanagan-2000598976: month must be in 1..12: 2000-59-89
2025-05-31 22:42:04,012 - WARNING - No date found for URL: https://gizmodo.com/dc-clayface-movie-rewrite-mike-flanagan-2000598976
2025-05-31 22:42:04,012 - WARNING - Error parsing date from URL https://gizmodo.com/barely-sleep-and-still-feel-fine-thank-your-lucky-genes-2000600197: month must be in 1..12: 2000-60-01
2025-05-31 22:42:04,012 - WARNING - No date found for URL: https://gizmodo.com/barely-sleep-and-still-feel-fine-thank-your-lucky-genes-2000600197
2025-05-31 22:42:04,012 - WARNING - Error parsing date from URL https://gizmodo.com/modernas-super-vaccine-for-flu-and-covid-works-now-politics-could-sink-it-2000599293: month must be in 1..12: 2000-59-92
2025-05-31 22:42:04,012 - WARNING - No date found for URL: https://gizmodo.com/modernas-super-vaccine-for-flu-and-covid-works-now-politics-could-sink-it-2000599293
2025-05-31 22:42:04,012 - WARNING - No date found for URL: https://www.wired.com/story/a-baby-received-a-custom-crispr-treatment-in-record-time/
2025-05-31 22:42:04,012 - WARNING - No date found for URL: https://www.theverge.com/politics/663114/surgeon-general-doge-casey-means-sam-corcos-startup-levels-doge
2025-05-31 22:42:04,012 - WARNING - No date found for URL: https://www.businessinsider.com/tech-powerhouses-betting-on-healthcare-ai-amazon-nvidia-2025-5
2025-05-31 22:42:04,012 - WARNING - No date found for URL: https://www.businessinsider.com/trump-prescription-drugs-prices-big-pharma-executive-order-medicines-cost-2025-5
2025-05-31 22:42:04,012 - WARNING - No date found for URL: https://www.bbc.com/news/articles/cx2qvle97nvo
2025-05-31 22:42:04,012 - WARNING - Error parsing date from URL https://gizmodo.com/montana-becomes-the-right-to-try-anything-state-expanding-access-to-experimental-drugs-2000602189: month must be in 1..12: 2000-60-21
2025-05-31 22:42:04,012 - WARNING - No date found for URL: https://gizmodo.com/montana-becomes-the-right-to-try-anything-state-expanding-access-to-experimental-drugs-2000602189
2025-05-31 22:42:04,012 - WARNING - No date found for URL: https://www.cnet.com/health/medical/trump-asks-drugmakers-voluntarily-lower-us-prices-will-they-comply/
2025-05-31 22:42:04,012 - WARNING - No date found for URL: https://www.theverge.com/news/669548/23andme-bankruptcy-auction-regeneron-purchase
2025-05-31 22:42:04,012 - WARNING - No date found for URL: https://www.businessinsider.com/russia-want-medical-grads-find-work-1-year-repay-expenses-2025-5
2025-05-31 22:42:04,012 - WARNING - No date found for URL: https://www.businessinsider.com/high-paying-healthcare-jobs-high-school-no-bachelors-masters-degree-2025-5
2025-05-31 22:42:04,012 - WARNING - No date found for URL: https://www.bbc.com/news/articles/cly3nyqx7xwo
2025-05-31 22:42:04,012 - INFO - Successfully extracted date 2025-05-13T00:00:00 from URL: https://www.npr.org/sections/shots-health-news/2025/05/13/nx-s1-5395834/pharmacists-stockpile-generic-drugs-trump-tariffs
2025-05-31 22:42:04,012 - WARNING - No date found for URL: https://www.businessinsider.com/crowdfunding-medical-bills-disabled-trans-woman-medicaid-healthcare-2025-5
2025-05-31 22:42:04,016 - WARNING - No date found for URL: https://www.bbc.com/news/articles/c8e6wggw233o
2025-05-31 22:42:04,016 - WARNING - No date found for URL: https://time.com/7285548/trump-perscription-drug-cost/
2025-05-31 22:42:04,016 - WARNING - No date found for URL: https://openai.com/index/healthbench/
2025-05-31 22:42:04,016 - WARNING - Error parsing date from URL https://www.yahoo.com/lifestyle/zepbound-beats-wegovy-weight-loss-220146429.html: month must be in 1..12: 2201-46-42
2025-05-31 22:42:04,016 - WARNING - No date found for URL: https://www.yahoo.com/lifestyle/zepbound-beats-wegovy-weight-loss-220146429.html
2025-05-31 22:42:04,016 - WARNING - Error parsing date from URL https://gizmodo.com/why-are-adhd-rates-so-much-higher-in-the-u-s-2000595804: month must be in 1..12: 2000-59-58
2025-05-31 22:42:04,016 - WARNING - No date found for URL: https://gizmodo.com/why-are-adhd-rates-so-much-higher-in-the-u-s-2000595804
2025-05-31 22:42:04,016 - WARNING - No date found for URL: https://www.businessinsider.com/mark-cuban-why-he-started-cost-plus-drugs-2025-5
2025-05-31 22:42:04,016 - INFO - Successfully extracted date 2025-05-07T00:00:00 from URL: https://www.npr.org/2025/05/07/nx-s1-5389962/trump-casey-means-surgeon-general
2025-05-31 22:42:04,016 - WARNING - No date found for URL: https://newrepublic.com/post/194997/trump-surgeon-general-wellness-influencer-casey-means
2025-05-31 22:42:04,016 - WARNING - No date found for URL: https://www.wired.com/story/cbp-rescinds-policies-on-care-of-pregnant-women-infants/
2025-05-31 22:42:04,016 - WARNING - No date found for URL: https://www.businessinsider.com/spotify-takes-down-podcasts-peddling-drugs-opioids-2025-5
2025-05-31 22:42:04,017 - WARNING - No date found for URL: https://www.businessinsider.com/ai-startup-unicorns-with-tiny-teams-2025-5
2025-05-31 22:42:04,017 - WARNING - No date found for URL: https://www.bbc.com/news/articles/cm2374epmmgo
2025-05-31 22:42:04,017 - WARNING - No date found for URL: https://www.businessinsider.com/insurance-fertility-ivf-costs-hsa-millennial-couple-infertility-2025-3
2025-05-31 22:42:04,017 - WARNING - Error parsing date from URL https://gizmodo.com/trump-signs-long-shot-executive-order-he-claims-will-slash-drug-prices-2000600884: month must be in 1..12: 2000-60-08
2025-05-31 22:42:04,017 - WARNING - No date found for URL: https://gizmodo.com/trump-signs-long-shot-executive-order-he-claims-will-slash-drug-prices-2000600884
2025-05-31 22:42:04,017 - WARNING - No date found for URL: https://science.slashdot.org/story/25/05/05/2050232/unitedhealth-now-has-1000-ai-applications-in-production
2025-05-31 22:42:04,017 - WARNING - No date found for URL: https://www.businessinsider.com/pharma-heir-lawyer-10-million-dollar-gift-lawsuit-2025-5
2025-05-31 22:42:04,017 - WARNING - No date found for URL: https://www.bbc.com/news/articles/c7v7n81emy3o
2025-05-31 22:42:04,018 - WARNING - No date found for URL: https://www.businessinsider.com/trump-what-china-exports-besides-toys-2025-5
2025-05-31 22:42:04,018 - WARNING - Error parsing date from URL https://gizmodo.com/people-on-ozempic-are-drinking-way-less-2000600281: month must be in 1..12: 2000-60-02
2025-05-31 22:42:04,018 - WARNING - No date found for URL: https://gizmodo.com/people-on-ozempic-are-drinking-way-less-2000600281
2025-05-31 22:42:04,018 - WARNING - No date found for URL: https://www.bbc.com/news/articles/c5y5d2g3wgxo
2025-05-31 22:42:04,018 - WARNING - No date found for URL: https://www.businessinsider.com/how-to-quit-antidepressants-online-clinic-outro-tapering-microdosing-2025-5
2025-05-31 22:42:04,018 - INFO - Successfully extracted date 2025-05-04T00:00:00 from URL: https://www.npr.org/2025/05/04/nx-s1-5386456/mexico-president-rejected-trumps-plan-us-troops-across-border
2025-05-31 22:42:04,019 - INFO - Successfully extracted date 2025-05-16T00:00:00 from URL: https://www.npr.org/2025/05/16/nx-s1-5400266/georgia-brain-dead-fetus-abortion-ban-hospital
2025-05-31 22:42:04,019 - WARNING - No date found for URL: https://www.businessinsider.com/teenager-invents-cheaper-faster-antiviral-drug-manufacturing-method-wins-award-2025-5
2025-05-31 22:42:04,019 - INFO - Successfully extracted date 2025-05-14T00:00:00 from URL: https://www.technologyreview.com/2025/05/14/1116428/first-us-hub-for-experimental-medical-treatments/
2025-05-31 22:42:04,019 - INFO - Successfully extracted date 2025-05-15T00:00:00 from URL: https://www.npr.org/sections/shots-health-news/2025/05/15/nx-s1-5389620/gene-editing-treatment-crispr-inherited
2025-05-31 22:42:04,019 - INFO - Successfully extracted date 2025-05-13T00:00:00 from URL: https://www.npr.org/2025/05/13/nx-s1-5395988/republicans-reconciliation-medicaid-trump-tax-cuts
2025-05-31 22:42:04,020 - WARNING - Error parsing date from URL https://abcnews.go.com/Health/us-drug-overdose-deaths-fell-27-year-reaching/story?id=121744099: month must be in 1..12: 1217-44-09
2025-05-31 22:42:04,020 - WARNING - No date found for URL: https://abcnews.go.com/Health/us-drug-overdose-deaths-fell-27-year-reaching/story?id=121744099
2025-05-31 22:42:04,020 - WARNING - Error parsing date from URL https://abcnews.go.com/Health/dr-casey-means-trumps-pick-us-surgeon-general/story?id=121643609: month must be in 1..12: 1216-43-60
2025-05-31 22:42:04,020 - WARNING - No date found for URL: https://abcnews.go.com/Health/dr-casey-means-trumps-pick-us-surgeon-general/story?id=121643609
2025-05-31 22:42:04,020 - WARNING - Error parsing date from URL https://www.yahoo.com/news/nbcs-mike-tirico-had-medical-212902370.html: day is out of range for month: 2129-02-37
2025-05-31 22:42:04,020 - WARNING - No date found for URL: https://www.yahoo.com/news/nbcs-mike-tirico-had-medical-212902370.html
2025-05-31 22:42:04,021 - WARNING - Error parsing date from URL https://qz.com/eli-lilly-zepbound-wegovy-weight-loss-drug-study-1851780176: month must be in 1..12: 1851-78-01
2025-05-31 22:42:04,021 - WARNING - No date found for URL: https://qz.com/eli-lilly-zepbound-wegovy-weight-loss-drug-study-1851780176
2025-05-31 22:42:04,022 - WARNING - Error parsing date from URL https://abcnews.go.com/Health/wireStory/pharmaceutical-industry-criticizes-drug-pricing-plan-trump-hell-121705643: day is out of range for month: 1217-05-64
2025-05-31 22:42:04,022 - WARNING - No date found for URL: https://abcnews.go.com/Health/wireStory/pharmaceutical-industry-criticizes-drug-pricing-plan-trump-hell-121705643
2025-05-31 22:42:04,022 - WARNING - No date found for URL: https://time.com/7285524/when-to-go-emergency-room-vs-urgent-care/
2025-05-31 22:42:04,022 - INFO - Successfully extracted date 2025-05-06T00:00:00 from URL: https://www.npr.org/2025/05/06/nx-s1-5388198/trump-abortion-drug-case
2025-05-31 22:42:04,022 - WARNING - No date found for URL: https://www.businessinsider.com/seed-40-best-women-early-stage-vc-investors-2025-5
2025-05-31 22:42:04,022 - WARNING - Error parsing date from URL https://qz.com/trump-tariffs-pharma-companies-astrazeneca-gsk-1851779389: month must be in 1..12: 1851-77-93
2025-05-31 22:42:04,022 - WARNING - No date found for URL: https://qz.com/trump-tariffs-pharma-companies-astrazeneca-gsk-1851779389
2025-05-31 22:42:04,022 - WARNING - Error parsing date from URL https://gizmodo.com/first-ever-custom-crispr-therapy-saves-infant-with-deadly-genetic-disorder-2000603288: month must be in 1..12: 2000-60-32
2025-05-31 22:42:04,022 - WARNING - No date found for URL: https://gizmodo.com/first-ever-custom-crispr-therapy-saves-infant-with-deadly-genetic-disorder-2000603288
2025-05-31 22:42:04,022 - INFO - Successfully extracted date 2025-05-08T00:00:00 from URL: https://www.npr.org/2025/05/08/nx-s1-5391310/kennedy-autism-registry-database-hhs-nih-medicare-medicaid
2025-05-31 22:42:04,022 - WARNING - No date found for URL: https://time.com/7284907/ovarian-cyst-diagnosis-treatment/
2025-05-31 22:42:04,022 - WARNING - No date found for URL: https://www.theverge.com/news/661695/google-simplify-ai-gemini-feature-ios-app
2025-05-31 22:42:04,022 - WARNING - No date found for URL: https://time.com/7285114/time-announces-time-longevity-a-new-editorial-platform-exploring-the-future-of-living-longer/
2025-05-31 22:42:04,022 - INFO - Successfully extracted date 2025-05-13T00:00:00 from URL: https://www.npr.org/sections/shots-health-news/2025/05/13/nx-s1-5393935/quarter-children-have-parent-substance-use-disorder-study
2025-05-31 22:42:04,022 - WARNING - No date found for URL: https://slate.com/podcasts/what-next/2025/05/trumps-tariffs-are-in-the-supply-chain
2025-05-31 22:42:04,022 - INFO - Successfully extracted date 2025-05-15T00:00:00 from URL: https://www.techdirt.com/2025/05/15/rfk-jr-finally-says-something-sensible-dont-take-medical-advice-from-me/
2025-05-31 22:42:04,022 - WARNING - Error parsing date from URL https://www.yahoo.com/news/luis-antonio-tagle-philippine-cardinal-035147259.html: month must be in 1..12: 0351-47-25
2025-05-31 22:42:04,022 - WARNING - No date found for URL: https://www.yahoo.com/news/luis-antonio-tagle-philippine-cardinal-035147259.html
2025-05-31 22:42:04,022 - WARNING - No date found for URL: https://www.wearegreenbay.com/news/local-news/large-quantity-of-drugs-found-following-a-pursuit-in-wisconsin-two-men-arrested/
2025-05-31 22:42:04,022 - WARNING - No date found for URL: https://www.businessinsider.com/at-home-pap-smear-wand-approved-fda-teal-health-2025-5
2025-05-31 22:42:04,022 - WARNING - No date found for URL: https://blog.google/technology/research/google-research-scientific-discovery/
2025-05-31 22:42:04,022 - WARNING - No date found for URL: https://www.businessinsider.com/pharma-stocks-eli-lily-pfizer-drug-prices-us-china-trade-2025-5
2025-05-31 22:42:04,022 - INFO - Successfully extracted date 2025-05-14T00:00:00 from URL: https://www.forbes.com/sites/greatspeculations/2025/05/14/a-silent-crash-inside-sps-good-day/
2025-05-31 22:42:04,022 - INFO - Successfully extracted date 2505-07-14T00:00:00 from URL: https://www.sciencedaily.com/releases/2025/05/250507141132.htm
2025-05-31 22:42:04,026 - WARNING - Error parsing date from URL https://gizmodo.com/26-unidentified-bacterial-species-detected-in-nasa-cleanroom-2000603987: month must be in 1..12: 2000-60-39
2025-05-31 22:42:04,026 - WARNING - No date found for URL: https://gizmodo.com/26-unidentified-bacterial-species-detected-in-nasa-cleanroom-2000603987
2025-05-31 22:42:04,026 - WARNING - No date found for URL: https://www.scientificamerican.com/podcast/episode/new-data-released-from-nasas-juno-mission-and-new-satellites-launched-for/
2025-05-31 22:42:04,026 - WARNING - Error parsing date from URL https://qz.com/trump-executive-order-drug-prices-pharma-eli-lilly-1851780259: month must be in 1..12: 1851-78-02
2025-05-31 22:42:04,026 - WARNING - No date found for URL: https://qz.com/trump-executive-order-drug-prices-pharma-eli-lilly-1851780259
2025-05-31 22:42:04,026 - WARNING - Error parsing date from URL https://www.yahoo.com/news/fda-approves-novavax-covid-19-022122081.html: month must be in 1..12: 0221-22-08
2025-05-31 22:42:04,026 - WARNING - No date found for URL: https://www.yahoo.com/news/fda-approves-novavax-covid-19-022122081.html
2025-05-31 22:42:04,026 - WARNING - No date found for URL: https://time.com/7285935/are-protein-shakes-good-for-you/
2025-05-31 22:42:04,026 - WARNING - Error parsing date from URL https://consent.yahoo.com/v2/collectConsent?sessionId=1_cc-session_00f63387-3c5d-42b0-b92d-ff528148013a: month must be in 1..12: 5281-48-01
2025-05-31 22:42:04,026 - WARNING - No date found for URL: https://consent.yahoo.com/v2/collectConsent?sessionId=1_cc-session_00f63387-3c5d-42b0-b92d-ff528148013a
2025-05-31 22:42:04,026 - WARNING - No date found for URL: https://consent.yahoo.com/v2/collectConsent?sessionId=1_cc-session_282435ce-766b-41ed-9f63-0be4376b405e
2025-05-31 22:42:04,026 - WARNING - No date found for URL: https://www.bbc.com/sport/motorsport/articles/c9wgj8ye4vdo
2025-05-31 22:42:04,027 - WARNING - No date found for URL: https://consent.yahoo.com/v2/collectConsent?sessionId=1_cc-session_16bc978e-779a-4633-86aa-7ab687d03f9f
2025-05-31 22:42:04,027 - WARNING - No date found for URL: https://www.bbc.com/news/articles/clygl4e0rneo
2025-05-31 22:42:04,027 - INFO - Successfully extracted date 2025-05-07T00:00:00 from URL: https://www.npr.org/2025/05/07/nx-s1-5388488/three-memphis-police-officers-found-not-guilty-in-the-death-of-tyre-nichols
2025-05-31 22:42:04,027 - WARNING - No date found for URL: https://news.slashdot.org/story/25/05/05/0649225/majority-in-uk-now-self-identify-as-neurodivergent
2025-05-31 22:42:04,027 - WARNING - No date found for URL: https://www.cnet.com/health/medical/measles-cases-spread-across-us-mexico-and-canada-learn-how-to-protect-yourself/
2025-05-31 22:42:04,027 - WARNING - No date found for URL: https://www.aljazeera.com/news/2025/5/18/israeli-strikes-batter-gaza-hospitals-as-brutal-siege-bombing-intensify
2025-05-31 22:42:04,027 - WARNING - Error parsing date from URL https://abcnews.go.com/Health/measles-cases-reach-1024-us-infections-confirmed-30/story?id=121869702: month must be in 1..12: 1218-69-70
2025-05-31 22:42:04,027 - WARNING - No date found for URL: https://abcnews.go.com/Health/measles-cases-reach-1024-us-infections-confirmed-30/story?id=121869702
2025-05-31 22:42:04,028 - INFO - Successfully extracted date 2025-05-06T00:00:00 from URL: https://www.forbes.com/sites/partnerreleases/2025/05/06/leading-healthcare-executive-examines-how-ai-big-tech-and-retail-medicine-are-reshaping-the-industry/
2025-05-31 22:42:04,028 - WARNING - No date found for URL: https://time.com/7285865/rfk-jr-infant-formula-review-expert-advice-for-parents/
2025-05-31 22:42:04,028 - WARNING - Error parsing date from URL https://qz.com/drug-prices-eli-lilly-pfizer-novo-nordisk-trump-pharma-1851780206: month must be in 1..12: 1851-78-02
2025-05-31 22:42:04,028 - WARNING - No date found for URL: https://qz.com/drug-prices-eli-lilly-pfizer-novo-nordisk-trump-pharma-1851780206
2025-05-31 22:42:04,028 - WARNING - No date found for URL: https://www.bbc.com/news/articles/cg5v2rjp84ro
2025-05-31 22:42:04,028 - WARNING - No date found for URL: https://www.bbc.com/news/articles/cnv13pz88n8o
2025-05-31 22:42:04,028 - INFO - Successfully extracted date 2025-05-06T00:00:00 from URL: https://www.yankodesign.com/2025/05/06/dengue-home-test-kit-concept-can-help-with-early-detection-and-medical-intervention/
2025-05-31 22:42:04,029 - INFO - Successfully extracted date 2025-05-16T00:00:00 from URL: https://www.technologyreview.com/2025/05/16/1116619/the-download-the-first-personalized-gene-editing-drug-and-montanas-right-to-try-experiment/
2025-05-31 22:42:04,029 - WARNING - No date found for URL: https://www.businessinsider.com/6-billion-commure-ordered-stop-selling-healthtech-product-lawsuit-strongline-2025-5
2025-05-31 22:42:04,029 - WARNING - Error parsing date from URL https://gizmodo.com/what-you-learned-about-cell-division-is-probably-wrong-2000597404: month must be in 1..12: 2000-59-74
2025-05-31 22:42:04,029 - WARNING - No date found for URL: https://gizmodo.com/what-you-learned-about-cell-division-is-probably-wrong-2000597404
2025-05-31 22:42:04,029 - WARNING - No date found for URL: https://www.wired.com/story/shaun-maguire-starlink-idf-israel-gaza/
2025-05-31 22:42:04,029 - WARNING - No date found for URL: https://www.businessinsider.com/marc-andreessen-us-china-open-source-ai-a16z-2025-5
2025-05-31 22:42:04,029 - INFO - Successfully extracted date 2025-05-26T00:00:00 from URL: https://www.newyorker.com/magazine/2025/05/26/rfk-jr-anthony-fauci-and-the-revolt-against-expertise
2025-05-31 22:42:04,030 - WARNING - Error parsing date from URL https://abcnews.go.com/US/boat-washes-ashore-san-diego-3-dead-4/story?id=121475296: month must be in 1..12: 1214-75-29
2025-05-31 22:42:04,030 - WARNING - No date found for URL: https://abcnews.go.com/US/boat-washes-ashore-san-diego-3-dead-4/story?id=121475296
2025-05-31 22:42:04,030 - WARNING - No date found for URL: https://time.com/7283979/runny-nose-causes-treatments/
2025-05-31 22:42:04,030 - WARNING - No date found for URL: https://shop.uncrate.com/products/recon
2025-05-31 22:42:04,030 - INFO - Successfully extracted date 2025-05-05T00:00:00 from URL: https://www.forbes.com/sites/briancastrucci/2025/05/05/seven-ways-the-fda-cuts-could-impact-you/
2025-05-31 22:42:04,030 - INFO - Successfully extracted date 2505-07-14T00:00:00 from URL: https://www.sciencedaily.com/releases/2025/05/250507141142.htm
2025-05-31 22:42:04,030 - WARNING - No date found for URL: https://www.bbc.com/news/articles/cr58me3npm1o
2025-05-31 22:42:04,030 - WARNING - Error parsing date from URL https://gizmodo.com/garmin-epix-gen-2-is-now-closer-to-0-than-its-launch-price-amazon-clears-out-inventory-2000600058: month must be in 1..12: 2000-60-00
2025-05-31 22:42:04,030 - WARNING - No date found for URL: https://gizmodo.com/garmin-epix-gen-2-is-now-closer-to-0-than-its-launch-price-amazon-clears-out-inventory-2000600058
2025-05-31 22:42:04,030 - WARNING - No date found for URL: https://www.bbc.com/sport/rugby-union/articles/cgq300jnylzo
2025-05-31 22:42:04,030 - WARNING - No date found for URL: https://www.bbc.com/news/articles/cq54w0nj2g7o
2025-05-31 22:42:04,030 - INFO - Processing file: WebFocusedCrawlWork/items.jl
2025-05-31 22:42:04,040 - INFO - Successfully extracted date 2006-03-29T00:00:00 from text: https://en.wikipedia.org/wiki/Eli_Lilly_and_Company
2025-05-31 22:42:04,040 - INFO - Successfully extracted date 2024-12-20T00:00:00 from text: https://en.wikipedia.org/wiki/UnitedHealth_Group
2025-05-31 22:42:04,041 - INFO - Successfully extracted date 2023-09-14T00:00:00 from text: https://en.wikipedia.org/wiki/Johnson_%26_Johnson
2025-05-31 22:42:04,042 - INFO - Successfully extracted date 2012-04-10T00:00:00 from text: https://en.wikipedia.org/wiki/AbbVie
2025-05-31 22:42:04,043 - INFO - Successfully extracted date 1944-08-22T00:00:00 from text: https://en.wikipedia.org/wiki/Abbott_Laboratories
2025-05-31 22:42:04,044 - INFO - Successfully extracted date 2014-09-04T00:00:00 from text: https://en.wikipedia.org/wiki/Merck_%26_Co.
2025-05-31 22:42:04,045 - INFO - Successfully extracted date 2017-10-06T00:00:00 from text: https://en.wikipedia.org/wiki/Intuitive_Surgical
2025-05-31 22:42:04,045 - INFO - Successfully extracted date 2006-05-08T00:00:00 from text: https://en.wikipedia.org/wiki/Thermo_Fisher_Scientific
2025-05-31 22:42:04,047 - INFO - Successfully extracted date 1980-04-08T00:00:00 from text: https://en.wikipedia.org/wiki/Amgen
2025-05-31 22:42:04,047 - INFO - Successfully extracted date 1979-06-29T00:00:00 from text: https://en.wikipedia.org/wiki/Boston_Scientific
2025-05-31 22:42:04,047 - INFO - Successfully extracted date 2025-05-06T00:00:00 from URL: https://www.cnbc.com/2025/05/06/luigi-mangiones-legal-defense-fund-hits-1-million-in-donations.html
2025-05-31 22:42:04,048 - INFO - Successfully extracted date 2025-04-17T00:00:00 from URL: https://www.cnbc.com/2025/04/17/unitedhealths-guidance-cut-may-mean-trouble-for-more-insurers.html
2025-05-31 22:42:04,048 - INFO - Successfully extracted date 2025-04-17T00:00:00 from URL: https://www.cnbc.com/2025/04/17/brain-implant-cleared-fda-musk-neuralink-rival-precision-neuroscience.html
2025-05-31 22:42:04,049 - INFO - Successfully extracted date 2025-04-22T00:00:00 from URL: https://www.cnbc.com/2025/04/22/healthy-returns-trump-seeks-to-change-medicare-drug-price-negotiations.html
2025-05-31 22:42:04,049 - INFO - Successfully extracted date 2025-04-22T00:00:00 from URL: https://www.cnbc.com/2025/04/22/fda-announces-food-dye-ban.html
2025-05-31 22:42:04,050 - INFO - Successfully extracted date 2025-04-23T00:00:00 from URL: https://www.cnbc.com/2025/04/23/eli-lilly-sues-compounded-mounjaro-zepbound-providers-.html
2025-05-31 22:42:04,051 - INFO - Successfully extracted date 2025-04-24T00:00:00 from URL: https://www.cnbc.com/2025/04/24/merck-mrk-earnings-report-q1-2025.html
2025-05-31 22:42:04,051 - INFO - Successfully extracted date 2025-04-24T00:00:00 from URL: https://www.cnbc.com/2025/04/24/bristol-myers-squibb-bmy-earnings-q1-2025.html
2025-05-31 22:42:04,051 - WARNING - Error parsing date from text: expected string or bytes-like object
2025-05-31 22:42:04,051 - WARNING - No date found for URL: https://www.cnbc.com/investingclub/
2025-05-31 22:42:04,051 - INFO - Successfully extracted date 2025-04-25T00:00:00 from URL: https://www.cnbc.com/2025/04/25/novo-nordisk-legal-win-bars-many-compounded-wegovy-ozempic-drugs.html
2025-05-31 22:42:04,052 - INFO - Successfully extracted date 2025-04-28T00:00:00 from URL: https://www.cnbc.com/2025/04/28/oracle-engineers-caused-days-long-software-outage-at-us-hospitals.html
2025-05-31 22:42:04,052 - INFO - Successfully extracted date 2025-04-29T00:00:00 from URL: https://www.cnbc.com/2025/04/29/pfizer-pfe-earnings-q1-2025.html
2025-05-31 22:42:04,053 - INFO - Successfully extracted date 2025-04-29T00:00:00 from URL: https://www.cnbc.com/2025/04/29/novo-nordisk-wegovy-telehealth.html
2025-05-31 22:42:04,053 - INFO - Successfully extracted date 2025-04-29T00:00:00 from URL: https://www.cnbc.com/2025/04/29/pfizer-ceo-trump-tariff-uncertainty-is-deterring-us-investment.html
2025-05-31 22:42:04,053 - INFO - Successfully extracted date 2025-04-29T00:00:00 from URL: https://www.cnbc.com/2025/04/29/the-outdated-health-idea-holding-women-back-in-life-and-careers.html
2025-05-31 22:42:04,054 - INFO - Successfully extracted date 2025-04-30T00:00:00 from URL: https://www.cnbc.com/2025/04/30/glp-1s-employers-lower-medical-costs-study.html
2025-05-31 22:42:04,054 - INFO - Successfully extracted date 2025-04-30T00:00:00 from URL: https://www.cnbc.com/2025/04/30/ge-healthcare-earnings-tariffs.html
2025-05-31 22:42:04,054 - INFO - Successfully extracted date 2025-04-30T00:00:00 from URL: https://www.cnbc.com/2025/04/30/rfk-jr-hhs-job-cuts-minority-health-offices.html
2025-05-31 22:42:04,056 - INFO - Successfully extracted date 2025-04-30T00:00:00 from URL: https://www.cnbc.com/2025/04/30/teladoc-buys-mental-health-company-uplift-to-help-boost-betterhelp-.html
2025-05-31 22:42:04,056 - INFO - Successfully extracted date 2025-04-30T00:00:00 from URL: https://www.cnbc.com/2025/04/30/healthy-returns-trumps-pharma-tariffs-fuel-new-us-investments.html
2025-05-31 22:42:04,056 - INFO - Successfully extracted date 2025-04-30T00:00:00 from URL: https://www.cnbc.com/2025/04/30/epic-systems-expands-ehr-market-share-lead-over-oracle-health.html
2025-05-31 22:42:04,057 - INFO - Successfully extracted date 2025-05-01T00:00:00 from URL: https://www.cnbc.com/2025/05/01/cvs-health-cvs-earnings-q1-2025.html
2025-05-31 22:42:04,057 - INFO - Successfully extracted date 2025-05-01T00:00:00 from URL: https://www.cnbc.com/2025/05/01/cvs-wegovy-caremark-patients.html
2025-05-31 22:42:04,058 - INFO - Successfully extracted date 2025-05-01T00:00:00 from URL: https://www.cnbc.com/2025/05/01/eli-lilly-lly-earnings-q1-2025.html
2025-05-31 22:42:04,058 - INFO - Successfully extracted date 2025-05-01T00:00:00 from URL: https://www.cnbc.com/2025/05/01/eli-lilly-ceo-david-ricks-trump-pharmaceutical-tariffs.html
2025-05-31 22:42:04,058 - INFO - Successfully extracted date 2025-05-05T00:00:00 from URL: https://www.cnbc.com/2025/05/05/from-cockroach-award-to-big-board-hinge-health-unlikely-path-to-ipo.html
2025-05-31 22:42:04,059 - INFO - Successfully extracted date 2025-05-05T00:00:00 from URL: https://www.cnbc.com/2025/05/05/hims-hers-brings-on-former-amazon-exec-nader-kabbani-as-chief-operations-officer.html
2025-05-31 22:42:04,059 - INFO - Successfully extracted date 2025-05-05T00:00:00 from URL: https://www.cnbc.com/2025/05/05/function-health-mri-ezra.html
2025-05-31 22:42:04,060 - INFO - Successfully extracted date 2025-05-05T00:00:00 from URL: https://www.cnbc.com/2025/05/05/hims-hers-hims-q1-earnings-2025.html
2025-05-31 22:42:04,060 - INFO - Successfully extracted date 2025-05-05T00:00:00 from URL: https://www.cnbc.com/2025/05/05/trump-order-us-drug-manufacturing.html
2025-05-31 22:42:04,060 - INFO - Successfully extracted date 2025-05-05T00:00:00 from URL: https://www.cnbc.com/2025/05/05/hinge-health-says-it-had-50percent-revenue-growth-over-last-year-in-first-quarter.html
2025-05-31 22:42:04,060 - INFO - Successfully extracted date 2025-05-07T00:00:00 from URL: https://www.cnbc.com/2025/05/07/healthy-returns-novo-nordisk-cvs-wegovy-deal-eli-lilly.html
2025-05-31 22:42:04,061 - INFO - Successfully extracted date 2025-04-17T00:00:00 from URL: https://www.cnbc.com/2025/04/17/brain-implant-cleared-fda-musk-neuralink-rival-precision-neuroscience.html
2025-05-31 22:42:04,061 - INFO - Successfully extracted date 2025-04-22T00:00:00 from URL: https://www.cnbc.com/2025/04/22/healthy-returns-trump-seeks-to-change-medicare-drug-price-negotiations.html
2025-05-31 22:42:04,062 - INFO - Successfully extracted date 2025-04-22T00:00:00 from URL: https://www.cnbc.com/2025/04/22/fda-announces-food-dye-ban.html
2025-05-31 22:42:04,062 - INFO - Successfully extracted date 2025-04-23T00:00:00 from URL: https://www.cnbc.com/2025/04/23/eli-lilly-sues-compounded-mounjaro-zepbound-providers-.html
2025-05-31 22:42:04,062 - INFO - Successfully extracted date 2025-04-24T00:00:00 from URL: https://www.cnbc.com/2025/04/24/merck-mrk-earnings-report-q1-2025.html
2025-05-31 22:42:04,062 - INFO - Successfully extracted date 2025-04-24T00:00:00 from URL: https://www.cnbc.com/2025/04/24/bristol-myers-squibb-bmy-earnings-q1-2025.html
2025-05-31 22:42:04,062 - WARNING - Error parsing date from text: expected string or bytes-like object
2025-05-31 22:42:04,062 - WARNING - No date found for URL: https://www.cnbc.com/investingclub/
2025-05-31 22:42:04,062 - INFO - Successfully extracted date 2025-04-25T00:00:00 from URL: https://www.cnbc.com/2025/04/25/novo-nordisk-legal-win-bars-many-compounded-wegovy-ozempic-drugs.html
2025-05-31 22:42:04,062 - INFO - Successfully extracted date 2025-04-28T00:00:00 from URL: https://www.cnbc.com/2025/04/28/oracle-engineers-caused-days-long-software-outage-at-us-hospitals.html
2025-05-31 22:42:04,062 - INFO - Successfully extracted date 2025-04-29T00:00:00 from URL: https://www.cnbc.com/2025/04/29/pfizer-pfe-earnings-q1-2025.html
2025-05-31 22:42:04,065 - INFO - Successfully extracted date 2025-04-29T00:00:00 from URL: https://www.cnbc.com/2025/04/29/novo-nordisk-wegovy-telehealth.html
2025-05-31 22:42:04,065 - INFO - Successfully extracted date 2025-04-29T00:00:00 from URL: https://www.cnbc.com/2025/04/29/pfizer-ceo-trump-tariff-uncertainty-is-deterring-us-investment.html
2025-05-31 22:42:04,066 - INFO - Successfully extracted date 2025-04-29T00:00:00 from URL: https://www.cnbc.com/2025/04/29/the-outdated-health-idea-holding-women-back-in-life-and-careers.html
2025-05-31 22:42:04,066 - INFO - Successfully extracted date 2025-04-30T00:00:00 from URL: https://www.cnbc.com/2025/04/30/glp-1s-employers-lower-medical-costs-study.html
2025-05-31 22:42:04,066 - INFO - Successfully extracted date 2025-04-30T00:00:00 from URL: https://www.cnbc.com/2025/04/30/ge-healthcare-earnings-tariffs.html
2025-05-31 22:42:04,067 - INFO - Successfully extracted date 2025-04-30T00:00:00 from URL: https://www.cnbc.com/2025/04/30/rfk-jr-hhs-job-cuts-minority-health-offices.html
2025-05-31 22:42:04,067 - INFO - Successfully extracted date 2025-04-30T00:00:00 from URL: https://www.cnbc.com/2025/04/30/teladoc-buys-mental-health-company-uplift-to-help-boost-betterhelp-.html
2025-05-31 22:42:04,069 - INFO - Successfully extracted date 2025-04-30T00:00:00 from URL: https://www.cnbc.com/2025/04/30/healthy-returns-trumps-pharma-tariffs-fuel-new-us-investments.html
2025-05-31 22:42:04,069 - INFO - Successfully extracted date 2025-04-30T00:00:00 from URL: https://www.cnbc.com/2025/04/30/epic-systems-expands-ehr-market-share-lead-over-oracle-health.html
2025-05-31 22:42:04,069 - INFO - Successfully extracted date 2025-05-01T00:00:00 from URL: https://www.cnbc.com/2025/05/01/cvs-health-cvs-earnings-q1-2025.html
2025-05-31 22:42:04,070 - INFO - Successfully extracted date 2025-05-01T00:00:00 from URL: https://www.cnbc.com/2025/05/01/cvs-wegovy-caremark-patients.html
2025-05-31 22:42:04,070 - INFO - Successfully extracted date 2025-05-01T00:00:00 from URL: https://www.cnbc.com/2025/05/01/eli-lilly-lly-earnings-q1-2025.html
2025-05-31 22:42:04,070 - INFO - Successfully extracted date 2025-05-01T00:00:00 from URL: https://www.cnbc.com/2025/05/01/eli-lilly-ceo-david-ricks-trump-pharmaceutical-tariffs.html
2025-05-31 22:42:04,070 - INFO - Successfully extracted date 2025-05-05T00:00:00 from URL: https://www.cnbc.com/2025/05/05/from-cockroach-award-to-big-board-hinge-health-unlikely-path-to-ipo.html
2025-05-31 22:42:04,072 - INFO - Successfully extracted date 2025-05-05T00:00:00 from URL: https://www.cnbc.com/2025/05/05/hims-hers-brings-on-former-amazon-exec-nader-kabbani-as-chief-operations-officer.html
2025-05-31 22:42:04,072 - INFO - Successfully extracted date 2025-05-05T00:00:00 from URL: https://www.cnbc.com/2025/05/05/function-health-mri-ezra.html
2025-05-31 22:42:04,072 - INFO - Successfully extracted date 2025-05-05T00:00:00 from URL: https://www.cnbc.com/2025/05/05/hims-hers-hims-q1-earnings-2025.html
2025-05-31 22:42:04,073 - INFO - Successfully extracted date 2025-05-05T00:00:00 from URL: https://www.cnbc.com/2025/05/05/trump-order-us-drug-manufacturing.html
2025-05-31 22:42:04,073 - INFO - Successfully extracted date 2025-05-05T00:00:00 from URL: https://www.cnbc.com/2025/05/05/hinge-health-says-it-had-50percent-revenue-growth-over-last-year-in-first-quarter.html
2025-05-31 22:42:04,073 - INFO - Successfully extracted date 2025-05-06T00:00:00 from URL: https://www.cnbc.com/2025/05/06/luigi-mangiones-legal-defense-fund-hits-1-million-in-donations.html
2025-05-31 22:42:04,074 - WARNING - Error parsing date from text: expected string or bytes-like object
2025-05-31 22:42:04,074 - WARNING - No date found for URL: https://www.cnbc.com/investingclub/
2025-05-31 22:42:04,074 - INFO - Successfully extracted date 2025-04-23T00:00:00 from URL: https://www.cnbc.com/2025/04/23/eli-lilly-sues-compounded-mounjaro-zepbound-providers-.html
2025-05-31 22:42:04,074 - INFO - Successfully extracted date 2025-04-24T00:00:00 from URL: https://www.cnbc.com/2025/04/24/merck-mrk-earnings-report-q1-2025.html
2025-05-31 22:42:04,075 - INFO - Successfully extracted date 2025-04-24T00:00:00 from URL: https://www.cnbc.com/2025/04/24/bristol-myers-squibb-bmy-earnings-q1-2025.html
2025-05-31 22:42:04,075 - INFO - Successfully extracted date 2025-04-25T00:00:00 from URL: https://www.cnbc.com/2025/04/25/novo-nordisk-legal-win-bars-many-compounded-wegovy-ozempic-drugs.html
2025-05-31 22:42:04,075 - INFO - Successfully extracted date 2025-04-28T00:00:00 from URL: https://www.cnbc.com/2025/04/28/oracle-engineers-caused-days-long-software-outage-at-us-hospitals.html
2025-05-31 22:42:04,075 - INFO - Successfully extracted date 2025-04-29T00:00:00 from URL: https://www.cnbc.com/2025/04/29/pfizer-pfe-earnings-q1-2025.html
2025-05-31 22:42:04,075 - INFO - Successfully extracted date 2025-04-29T00:00:00 from URL: https://www.cnbc.com/2025/04/29/novo-nordisk-wegovy-telehealth.html
2025-05-31 22:42:04,077 - INFO - Successfully extracted date 2025-04-29T00:00:00 from URL: https://www.cnbc.com/2025/04/29/pfizer-ceo-trump-tariff-uncertainty-is-deterring-us-investment.html
2025-05-31 22:42:04,077 - INFO - Successfully extracted date 2025-04-29T00:00:00 from URL: https://www.cnbc.com/2025/04/29/the-outdated-health-idea-holding-women-back-in-life-and-careers.html
2025-05-31 22:42:04,077 - INFO - Successfully extracted date 2025-04-30T00:00:00 from URL: https://www.cnbc.com/2025/04/30/glp-1s-employers-lower-medical-costs-study.html
2025-05-31 22:42:04,077 - INFO - Successfully extracted date 2025-04-30T00:00:00 from URL: https://www.cnbc.com/2025/04/30/ge-healthcare-earnings-tariffs.html
2025-05-31 22:42:04,077 - INFO - Successfully extracted date 2025-04-30T00:00:00 from URL: https://www.cnbc.com/2025/04/30/rfk-jr-hhs-job-cuts-minority-health-offices.html
2025-05-31 22:42:04,077 - INFO - Successfully extracted date 2025-04-30T00:00:00 from URL: https://www.cnbc.com/2025/04/30/teladoc-buys-mental-health-company-uplift-to-help-boost-betterhelp-.html
2025-05-31 22:42:04,077 - INFO - Successfully extracted date 2025-04-30T00:00:00 from URL: https://www.cnbc.com/2025/04/30/healthy-returns-trumps-pharma-tariffs-fuel-new-us-investments.html
2025-05-31 22:42:04,077 - INFO - Successfully extracted date 2025-04-30T00:00:00 from URL: https://www.cnbc.com/2025/04/30/epic-systems-expands-ehr-market-share-lead-over-oracle-health.html
2025-05-31 22:42:04,077 - INFO - Successfully extracted date 2025-05-01T00:00:00 from URL: https://www.cnbc.com/2025/05/01/cvs-health-cvs-earnings-q1-2025.html
2025-05-31 22:42:04,081 - INFO - Successfully extracted date 2025-05-01T00:00:00 from URL: https://www.cnbc.com/2025/05/01/cvs-wegovy-caremark-patients.html
2025-05-31 22:42:04,081 - INFO - Successfully extracted date 2025-05-01T00:00:00 from URL: https://www.cnbc.com/2025/05/01/eli-lilly-lly-earnings-q1-2025.html
2025-05-31 22:42:04,081 - INFO - Successfully extracted date 2025-05-01T00:00:00 from URL: https://www.cnbc.com/2025/05/01/eli-lilly-ceo-david-ricks-trump-pharmaceutical-tariffs.html
2025-05-31 22:42:04,082 - INFO - Successfully extracted date 2025-05-05T00:00:00 from URL: https://www.cnbc.com/2025/05/05/from-cockroach-award-to-big-board-hinge-health-unlikely-path-to-ipo.html
2025-05-31 22:42:04,082 - INFO - Successfully extracted date 2025-05-05T00:00:00 from URL: https://www.cnbc.com/2025/05/05/hims-hers-brings-on-former-amazon-exec-nader-kabbani-as-chief-operations-officer.html
2025-05-31 22:42:04,082 - INFO - Successfully extracted date 2025-05-05T00:00:00 from URL: https://www.cnbc.com/2025/05/05/function-health-mri-ezra.html
2025-05-31 22:42:04,083 - INFO - Successfully extracted date 2025-05-05T00:00:00 from URL: https://www.cnbc.com/2025/05/05/hims-hers-hims-q1-earnings-2025.html
2025-05-31 22:42:04,083 - INFO - Successfully extracted date 2025-05-05T00:00:00 from URL: https://www.cnbc.com/2025/05/05/trump-order-us-drug-manufacturing.html
2025-05-31 22:42:04,083 - INFO - Successfully extracted date 2025-05-05T00:00:00 from URL: https://www.cnbc.com/2025/05/05/hinge-health-says-it-had-50percent-revenue-growth-over-last-year-in-first-quarter.html
2025-05-31 22:42:04,084 - INFO - Successfully extracted date 2025-05-06T00:00:00 from URL: https://www.cnbc.com/2025/05/06/luigi-mangiones-legal-defense-fund-hits-1-million-in-donations.html
2025-05-31 22:42:04,084 - INFO - Successfully extracted date 2025-05-07T00:00:00 from URL: https://www.cnbc.com/2025/05/07/healthy-returns-novo-nordisk-cvs-wegovy-deal-eli-lilly.html
2025-05-31 22:42:04,084 - INFO - Successfully extracted date 2025-05-07T00:00:00 from URL: https://www.cnbc.com/2025/05/07/trump-surgeon-general-nesheiwat.html
2025-05-31 22:42:04,085 - INFO - Successfully extracted date 2025-05-08T00:00:00 from URL: https://www.cnbc.com/2025/05/08/fc-mother-soccer-fandom-maternal-health.html
2025-05-31 22:42:04,085 - INFO - Successfully extracted date 2025-05-08T00:00:00 from URL: https://www.cnbc.com/2025/05/08/whoop-wearables-whoop-50-mg-price.html
2025-05-31 22:42:04,085 - INFO - Successfully extracted date 2025-05-08T00:00:00 from URL: https://www.cnbc.com/2025/05/08/unitedhealthcare-sued-by-shareholders-over-reaction-to-ceos-killing.html
2025-05-31 22:42:04,085 - INFO - Successfully extracted date 2025-05-08T00:00:00 from URL: https://www.cnbc.com/2025/05/08/elizabeth-holmes-theranos-fraud-appeal.html
2025-05-31 22:42:04,085 - WARNING - Error parsing date from text: expected string or bytes-like object
2025-05-31 22:42:04,085 - WARNING - No date found for URL: https://www.cnbc.com/investingclub/
2025-05-31 22:42:04,085 - INFO - Successfully extracted date 2025-04-23T00:00:00 from URL: https://www.cnbc.com/2025/04/23/eli-lilly-sues-compounded-mounjaro-zepbound-providers-.html
2025-05-31 22:42:04,085 - INFO - Successfully extracted date 2025-04-24T00:00:00 from URL: https://www.cnbc.com/2025/04/24/merck-mrk-earnings-report-q1-2025.html
2025-05-31 22:42:04,087 - INFO - Successfully extracted date 2025-04-24T00:00:00 from URL: https://www.cnbc.com/2025/04/24/bristol-myers-squibb-bmy-earnings-q1-2025.html
2025-05-31 22:42:04,087 - INFO - Successfully extracted date 2025-04-25T00:00:00 from URL: https://www.cnbc.com/2025/04/25/novo-nordisk-legal-win-bars-many-compounded-wegovy-ozempic-drugs.html
2025-05-31 22:42:04,089 - INFO - Successfully extracted date 2025-04-28T00:00:00 from URL: https://www.cnbc.com/2025/04/28/oracle-engineers-caused-days-long-software-outage-at-us-hospitals.html
2025-05-31 22:42:04,089 - INFO - Successfully extracted date 2025-04-29T00:00:00 from URL: https://www.cnbc.com/2025/04/29/pfizer-pfe-earnings-q1-2025.html
2025-05-31 22:42:04,089 - INFO - Successfully extracted date 2025-04-29T00:00:00 from URL: https://www.cnbc.com/2025/04/29/novo-nordisk-wegovy-telehealth.html
2025-05-31 22:42:04,089 - INFO - Successfully extracted date 2025-04-29T00:00:00 from URL: https://www.cnbc.com/2025/04/29/pfizer-ceo-trump-tariff-uncertainty-is-deterring-us-investment.html
2025-05-31 22:42:04,091 - INFO - Successfully extracted date 2025-04-29T00:00:00 from URL: https://www.cnbc.com/2025/04/29/the-outdated-health-idea-holding-women-back-in-life-and-careers.html
2025-05-31 22:42:04,091 - INFO - Successfully extracted date 2025-04-30T00:00:00 from URL: https://www.cnbc.com/2025/04/30/glp-1s-employers-lower-medical-costs-study.html
2025-05-31 22:42:04,091 - INFO - Successfully extracted date 2025-04-30T00:00:00 from URL: https://www.cnbc.com/2025/04/30/ge-healthcare-earnings-tariffs.html
2025-05-31 22:42:04,092 - INFO - Successfully extracted date 2025-04-30T00:00:00 from URL: https://www.cnbc.com/2025/04/30/rfk-jr-hhs-job-cuts-minority-health-offices.html
2025-05-31 22:42:04,092 - INFO - Successfully extracted date 2025-04-30T00:00:00 from URL: https://www.cnbc.com/2025/04/30/teladoc-buys-mental-health-company-uplift-to-help-boost-betterhelp-.html
2025-05-31 22:42:04,093 - INFO - Successfully extracted date 2025-04-30T00:00:00 from URL: https://www.cnbc.com/2025/04/30/healthy-returns-trumps-pharma-tariffs-fuel-new-us-investments.html
2025-05-31 22:42:04,093 - INFO - Successfully extracted date 2025-04-30T00:00:00 from URL: https://www.cnbc.com/2025/04/30/epic-systems-expands-ehr-market-share-lead-over-oracle-health.html
2025-05-31 22:42:04,093 - INFO - Successfully extracted date 2025-05-01T00:00:00 from URL: https://www.cnbc.com/2025/05/01/cvs-health-cvs-earnings-q1-2025.html
2025-05-31 22:42:04,094 - INFO - Successfully extracted date 2025-05-01T00:00:00 from URL: https://www.cnbc.com/2025/05/01/cvs-wegovy-caremark-patients.html
2025-05-31 22:42:04,094 - INFO - Successfully extracted date 2025-05-01T00:00:00 from URL: https://www.cnbc.com/2025/05/01/eli-lilly-lly-earnings-q1-2025.html
2025-05-31 22:42:04,095 - INFO - Successfully extracted date 2025-05-01T00:00:00 from URL: https://www.cnbc.com/2025/05/01/eli-lilly-ceo-david-ricks-trump-pharmaceutical-tariffs.html
2025-05-31 22:42:04,095 - INFO - Successfully extracted date 2025-05-05T00:00:00 from URL: https://www.cnbc.com/2025/05/05/from-cockroach-award-to-big-board-hinge-health-unlikely-path-to-ipo.html
2025-05-31 22:42:04,096 - INFO - Successfully extracted date 2025-05-05T00:00:00 from URL: https://www.cnbc.com/2025/05/05/hims-hers-brings-on-former-amazon-exec-nader-kabbani-as-chief-operations-officer.html
2025-05-31 22:42:04,096 - INFO - Successfully extracted date 2025-05-05T00:00:00 from URL: https://www.cnbc.com/2025/05/05/function-health-mri-ezra.html
2025-05-31 22:42:04,096 - INFO - Successfully extracted date 2025-05-05T00:00:00 from URL: https://www.cnbc.com/2025/05/05/hims-hers-hims-q1-earnings-2025.html
2025-05-31 22:42:04,096 - INFO - Successfully extracted date 2025-05-05T00:00:00 from URL: https://www.cnbc.com/2025/05/05/trump-order-us-drug-manufacturing.html
2025-05-31 22:42:04,096 - INFO - Successfully extracted date 2025-05-05T00:00:00 from URL: https://www.cnbc.com/2025/05/05/hinge-health-says-it-had-50percent-revenue-growth-over-last-year-in-first-quarter.html
2025-05-31 22:42:04,096 - INFO - Successfully extracted date 2025-05-06T00:00:00 from URL: https://www.cnbc.com/2025/05/06/luigi-mangiones-legal-defense-fund-hits-1-million-in-donations.html
2025-05-31 22:42:04,098 - INFO - Successfully extracted date 2025-05-07T00:00:00 from URL: https://www.cnbc.com/2025/05/07/healthy-returns-novo-nordisk-cvs-wegovy-deal-eli-lilly.html
2025-05-31 22:42:04,098 - INFO - Successfully extracted date 2025-05-07T00:00:00 from URL: https://www.cnbc.com/2025/05/07/trump-surgeon-general-nesheiwat.html
2025-05-31 22:42:04,098 - INFO - Successfully extracted date 2025-05-08T00:00:00 from URL: https://www.cnbc.com/2025/05/08/fc-mother-soccer-fandom-maternal-health.html
2025-05-31 22:42:04,099 - INFO - Successfully extracted date 2025-05-08T00:00:00 from URL: https://www.cnbc.com/2025/05/08/whoop-wearables-whoop-50-mg-price.html
2025-05-31 22:42:04,099 - INFO - Successfully extracted date 2025-05-08T00:00:00 from URL: https://www.cnbc.com/2025/05/08/unitedhealthcare-sued-by-shareholders-over-reaction-to-ceos-killing.html
2025-05-31 22:42:04,100 - INFO - Successfully extracted date 2025-05-08T00:00:00 from URL: https://www.cnbc.com/2025/05/08/elizabeth-holmes-theranos-fraud-appeal.html
2025-05-31 22:42:04,100 - INFO - Successfully extracted date 2025-05-18T00:00:00 from URL: https://www.cnbc.com/2025/05/18/joe-biden-diagnosed-with-prostate-cancer.html
2025-05-31 22:42:04,100 - INFO - Successfully extracted date 2025-04-30T00:00:00 from URL: https://www.cnbc.com/2025/04/30/epic-systems-expands-ehr-market-share-lead-over-oracle-health.html
2025-05-31 22:42:04,101 - INFO - Successfully extracted date 2025-05-01T00:00:00 from URL: https://www.cnbc.com/2025/05/01/cvs-health-cvs-earnings-q1-2025.html
2025-05-31 22:42:04,101 - INFO - Successfully extracted date 2025-05-01T00:00:00 from URL: https://www.cnbc.com/2025/05/01/cvs-wegovy-caremark-patients.html
2025-05-31 22:42:04,102 - INFO - Successfully extracted date 2025-05-01T00:00:00 from URL: https://www.cnbc.com/2025/05/01/eli-lilly-lly-earnings-q1-2025.html
2025-05-31 22:42:04,102 - INFO - Successfully extracted date 2025-05-01T00:00:00 from URL: https://www.cnbc.com/2025/05/01/eli-lilly-ceo-david-ricks-trump-pharmaceutical-tariffs.html
2025-05-31 22:42:04,102 - INFO - Successfully extracted date 2025-05-05T00:00:00 from URL: https://www.cnbc.com/2025/05/05/from-cockroach-award-to-big-board-hinge-health-unlikely-path-to-ipo.html
2025-05-31 22:42:04,102 - INFO - Successfully extracted date 2025-05-05T00:00:00 from URL: https://www.cnbc.com/2025/05/05/hims-hers-brings-on-former-amazon-exec-nader-kabbani-as-chief-operations-officer.html
2025-05-31 22:42:04,102 - INFO - Successfully extracted date 2025-05-05T00:00:00 from URL: https://www.cnbc.com/2025/05/05/function-health-mri-ezra.html
2025-05-31 22:42:04,102 - INFO - Successfully extracted date 2025-05-05T00:00:00 from URL: https://www.cnbc.com/2025/05/05/hims-hers-hims-q1-earnings-2025.html
2025-05-31 22:42:04,102 - INFO - Successfully extracted date 2025-05-05T00:00:00 from URL: https://www.cnbc.com/2025/05/05/trump-order-us-drug-manufacturing.html
2025-05-31 22:42:04,102 - INFO - Successfully extracted date 2025-05-05T00:00:00 from URL: https://www.cnbc.com/2025/05/05/hinge-health-says-it-had-50percent-revenue-growth-over-last-year-in-first-quarter.html
2025-05-31 22:42:04,102 - INFO - Successfully extracted date 2025-05-06T00:00:00 from URL: https://www.cnbc.com/2025/05/06/luigi-mangiones-legal-defense-fund-hits-1-million-in-donations.html
2025-05-31 22:42:04,102 - INFO - Successfully extracted date 2025-05-07T00:00:00 from URL: https://www.cnbc.com/2025/05/07/healthy-returns-novo-nordisk-cvs-wegovy-deal-eli-lilly.html
2025-05-31 22:42:04,106 - INFO - Successfully extracted date 2025-05-07T00:00:00 from URL: https://www.cnbc.com/2025/05/07/trump-surgeon-general-nesheiwat.html
2025-05-31 22:42:04,106 - INFO - Successfully extracted date 2025-05-08T00:00:00 from URL: https://www.cnbc.com/2025/05/08/fc-mother-soccer-fandom-maternal-health.html
2025-05-31 22:42:04,106 - INFO - Successfully extracted date 2025-05-08T00:00:00 from URL: https://www.cnbc.com/2025/05/08/whoop-wearables-whoop-50-mg-price.html
2025-05-31 22:42:04,107 - INFO - Successfully extracted date 2025-05-08T00:00:00 from URL: https://www.cnbc.com/2025/05/08/unitedhealthcare-sued-by-shareholders-over-reaction-to-ceos-killing.html
2025-05-31 22:42:04,107 - INFO - Successfully extracted date 2025-05-08T00:00:00 from URL: https://www.cnbc.com/2025/05/08/elizabeth-holmes-theranos-fraud-appeal.html
2025-05-31 22:42:04,107 - WARNING - Error parsing date from text: expected string or bytes-like object
2025-05-31 22:42:04,107 - WARNING - No date found for URL: https://www.cnbc.com/investingclub/
2025-05-31 22:42:04,107 - INFO - Successfully extracted date 2025-05-09T00:00:00 from URL: https://www.cnbc.com/2025/05/09/teal-health-at-home-cervical-cancer-screening-test-fda-approval.html
2025-05-31 22:42:04,108 - INFO - Successfully extracted date 2025-05-09T00:00:00 from URL: https://www.cnbc.com/2025/05/09/virtual-chronic-care-company-omada-health-files-for-ipo-.html
2025-05-31 22:42:04,108 - INFO - Successfully extracted date 2025-05-11T00:00:00 from URL: https://www.cnbc.com/2025/05/11/walgreens-doubles-down-on-robots-to-fill-prescriptions-amid-turnaround.html
2025-05-31 22:42:04,109 - INFO - Successfully extracted date 2025-05-12T00:00:00 from URL: https://www.cnbc.com/2025/05/12/trump-drug-pricing-order-most-favored-nation.html
2025-05-31 22:42:04,109 - INFO - Successfully extracted date 2025-05-12T00:00:00 from URL: https://www.cnbc.com/2025/05/12/trump-most-favored-nations-drug-price-order-what-to-know.html
2025-05-31 22:42:04,110 - INFO - Successfully extracted date 2025-05-13T00:00:00 from URL: https://www.cnbc.com/2025/05/13/hinge-health-ipo-share-pricing.html
2025-05-31 22:42:04,111 - INFO - Successfully extracted date 2025-05-13T00:00:00 from URL: https://www.cnbc.com/2025/05/13/unitedhealth-group-ceo-andrew-witty-steps-down.html
2025-05-31 22:42:04,111 - INFO - Successfully extracted date 2025-05-13T00:00:00 from URL: https://www.cnbc.com/2025/05/13/fda-moves-to-take-prescription-fluoride-drops-and-tablets-for-kids-off-the-market.html
2025-05-31 22:42:04,111 - INFO - Successfully extracted date 2025-05-13T00:00:00 from URL: https://www.cnbc.com/2025/05/13/cureis-healthcare-sues-epic-systems-alleging-scheme-to-destroy-.html
2025-05-31 22:42:04,112 - INFO - Successfully extracted date 2025-05-14T00:00:00 from URL: https://www.cnbc.com/2025/05/14/healthy-returns-trump-previews-next-medicare-drug-price-negotiations.html
2025-05-31 22:42:04,112 - INFO - Successfully extracted date 2025-05-14T00:00:00 from URL: https://www.cnbc.com/2025/05/14/kennedy-sidesteps-vaccine-questions-i-dont-think-people-should-be-taking-medical-advice-from-me.html
2025-05-31 22:42:04,112 - INFO - Successfully extracted date 2025-05-15T00:00:00 from URL: https://www.cnbc.com/2025/05/15/unitedhealth-group-stock-doj-investigation-report.html
2025-05-31 22:42:04,112 - INFO - Successfully extracted date 2025-05-17T00:00:00 from URL: https://www.cnbc.com/2025/05/17/at-least-one-dead-after-car-explosion-in-palm-springs.html
2025-05-31 22:42:04,112 - INFO - Successfully extracted date 2025-05-18T00:00:00 from URL: https://www.cnbc.com/2025/05/18/california-fertility-clinic-bomb-an-act-of-terrorism-anti-natalist-ideology.html
2025-05-31 22:42:04,112 - INFO - Successfully extracted date 2025-05-19T00:00:00 from URL: https://www.cnbc.com/2025/05/19/novo-nordisk-new-ceo-weight-loss-drugs-eli-lilly.html
2025-05-31 22:42:04,112 - INFO - Successfully extracted date 2025-05-01T00:00:00 from URL: https://www.cnbc.com/2025/05/01/eli-lilly-lly-earnings-q1-2025.html
2025-05-31 22:42:04,112 - INFO - Successfully extracted date 2025-05-01T00:00:00 from URL: https://www.cnbc.com/2025/05/01/eli-lilly-ceo-david-ricks-trump-pharmaceutical-tariffs.html
2025-05-31 22:42:04,112 - INFO - Successfully extracted date 2025-05-05T00:00:00 from URL: https://www.cnbc.com/2025/05/05/from-cockroach-award-to-big-board-hinge-health-unlikely-path-to-ipo.html
2025-05-31 22:42:04,116 - INFO - Successfully extracted date 2025-05-05T00:00:00 from URL: https://www.cnbc.com/2025/05/05/hims-hers-brings-on-former-amazon-exec-nader-kabbani-as-chief-operations-officer.html
2025-05-31 22:42:04,116 - INFO - Successfully extracted date 2025-05-05T00:00:00 from URL: https://www.cnbc.com/2025/05/05/function-health-mri-ezra.html
2025-05-31 22:42:04,116 - INFO - Successfully extracted date 2025-05-05T00:00:00 from URL: https://www.cnbc.com/2025/05/05/hims-hers-hims-q1-earnings-2025.html
2025-05-31 22:42:04,116 - INFO - Successfully extracted date 2025-05-05T00:00:00 from URL: https://www.cnbc.com/2025/05/05/trump-order-us-drug-manufacturing.html
2025-05-31 22:42:04,117 - INFO - Successfully extracted date 2025-05-05T00:00:00 from URL: https://www.cnbc.com/2025/05/05/hinge-health-says-it-had-50percent-revenue-growth-over-last-year-in-first-quarter.html
2025-05-31 22:42:04,117 - INFO - Successfully extracted date 2025-05-06T00:00:00 from URL: https://www.cnbc.com/2025/05/06/luigi-mangiones-legal-defense-fund-hits-1-million-in-donations.html
2025-05-31 22:42:04,117 - INFO - Successfully extracted date 2025-05-07T00:00:00 from URL: https://www.cnbc.com/2025/05/07/healthy-returns-novo-nordisk-cvs-wegovy-deal-eli-lilly.html
2025-05-31 22:42:04,118 - INFO - Successfully extracted date 2025-05-07T00:00:00 from URL: https://www.cnbc.com/2025/05/07/trump-surgeon-general-nesheiwat.html
2025-05-31 22:42:04,118 - INFO - Successfully extracted date 2025-05-08T00:00:00 from URL: https://www.cnbc.com/2025/05/08/fc-mother-soccer-fandom-maternal-health.html
2025-05-31 22:42:04,119 - INFO - Successfully extracted date 2025-05-08T00:00:00 from URL: https://www.cnbc.com/2025/05/08/whoop-wearables-whoop-50-mg-price.html
2025-05-31 22:42:04,119 - INFO - Successfully extracted date 2025-05-08T00:00:00 from URL: https://www.cnbc.com/2025/05/08/unitedhealthcare-sued-by-shareholders-over-reaction-to-ceos-killing.html
2025-05-31 22:42:04,119 - INFO - Successfully extracted date 2025-05-08T00:00:00 from URL: https://www.cnbc.com/2025/05/08/elizabeth-holmes-theranos-fraud-appeal.html
2025-05-31 22:42:04,120 - INFO - Successfully extracted date 2025-05-09T00:00:00 from URL: https://www.cnbc.com/2025/05/09/teal-health-at-home-cervical-cancer-screening-test-fda-approval.html
2025-05-31 22:42:04,120 - INFO - Successfully extracted date 2025-05-09T00:00:00 from URL: https://www.cnbc.com/2025/05/09/virtual-chronic-care-company-omada-health-files-for-ipo-.html
2025-05-31 22:42:04,120 - INFO - Successfully extracted date 2025-05-11T00:00:00 from URL: https://www.cnbc.com/2025/05/11/walgreens-doubles-down-on-robots-to-fill-prescriptions-amid-turnaround.html
2025-05-31 22:42:04,121 - INFO - Successfully extracted date 2025-05-12T00:00:00 from URL: https://www.cnbc.com/2025/05/12/trump-drug-pricing-order-most-favored-nation.html
2025-05-31 22:42:04,122 - INFO - Successfully extracted date 2025-05-12T00:00:00 from URL: https://www.cnbc.com/2025/05/12/trump-most-favored-nations-drug-price-order-what-to-know.html
2025-05-31 22:42:04,122 - INFO - Successfully extracted date 2025-05-13T00:00:00 from URL: https://www.cnbc.com/2025/05/13/hinge-health-ipo-share-pricing.html
2025-05-31 22:42:04,122 - INFO - Successfully extracted date 2025-05-13T00:00:00 from URL: https://www.cnbc.com/2025/05/13/unitedhealth-group-ceo-andrew-witty-steps-down.html
2025-05-31 22:42:04,122 - INFO - Successfully extracted date 2025-05-13T00:00:00 from URL: https://www.cnbc.com/2025/05/13/fda-moves-to-take-prescription-fluoride-drops-and-tablets-for-kids-off-the-market.html
2025-05-31 22:42:04,122 - INFO - Successfully extracted date 2025-05-13T00:00:00 from URL: https://www.cnbc.com/2025/05/13/cureis-healthcare-sues-epic-systems-alleging-scheme-to-destroy-.html
2025-05-31 22:42:04,122 - INFO - Successfully extracted date 2025-05-14T00:00:00 from URL: https://www.cnbc.com/2025/05/14/healthy-returns-trump-previews-next-medicare-drug-price-negotiations.html
2025-05-31 22:42:04,122 - INFO - Successfully extracted date 2025-05-14T00:00:00 from URL: https://www.cnbc.com/2025/05/14/kennedy-sidesteps-vaccine-questions-i-dont-think-people-should-be-taking-medical-advice-from-me.html
2025-05-31 22:42:04,122 - INFO - Successfully extracted date 2025-05-15T00:00:00 from URL: https://www.cnbc.com/2025/05/15/unitedhealth-group-stock-doj-investigation-report.html
2025-05-31 22:42:04,122 - INFO - Successfully extracted date 2025-05-17T00:00:00 from URL: https://www.cnbc.com/2025/05/17/at-least-one-dead-after-car-explosion-in-palm-springs.html
2025-05-31 22:42:04,122 - INFO - Successfully extracted date 2025-05-18T00:00:00 from URL: https://www.cnbc.com/2025/05/18/california-fertility-clinic-bomb-an-act-of-terrorism-anti-natalist-ideology.html
2025-05-31 22:42:04,126 - INFO - Successfully extracted date 2025-05-18T00:00:00 from URL: https://www.cnbc.com/2025/05/18/joe-biden-diagnosed-with-prostate-cancer.html
2025-05-31 22:42:04,126 - WARNING - Error parsing date from text: expected string or bytes-like object
2025-05-31 22:42:04,126 - WARNING - No date found for URL: https://www.cnbc.com/investingclub/
2025-05-31 22:42:04,126 - INFO - Successfully extracted date 2025-05-19T00:00:00 from URL: https://www.cnbc.com/2025/05/19/regeneron-pharmaceuticals-to-buy-23andme-for-256-million-including-data.html
2025-05-31 22:42:04,131 - INFO - Processed 1386 articles. Output saved to data/processed/cleaned_data.jsonl
